customer_id,last_purchase,recency_days,frequency,monetary,recency_score,frequency_score,monetary_score,rfm_segment
2895.0,2025-09-19,42,95,16219.42,2,3,5,At Risk
3317.0,2025-08-31,61,89,15765.69,2,2,5,At Risk
4.0,2025-09-21,40,86,14759.84,2,1,5,At Risk
2807.0,2025-08-15,77,95,14740.65,2,3,5,At Risk
2758.0,2025-08-25,67,92,14612.93,2,3,5,At Risk
2267.0,2025-09-21,40,92,14490.65,2,3,5,At Risk
1223.0,2025-09-04,57,87,14385.47,2,2,5,At Risk
2927.0,2025-08-04,88,80,14292.56,2,1,5,At Risk
946.0,2025-08-16,76,94,14136.52,2,3,5,At Risk
2919.0,2025-09-05,56,94,14109.92,2,3,5,At Risk
4562.0,2025-09-13,48,91,13850.07,2,3,5,At Risk
757.0,2025-09-13,48,88,13848.51,2,2,5,At Risk
3554.0,2025-08-28,64,89,13820.39,2,2,5,At Risk
916.0,2025-07-07,116,87,13813.21,2,2,5,At Risk
2318.0,2025-08-09,83,93,13749.96,2,3,5,At Risk
913.0,2025-08-16,76,96,13701.74,2,3,5,At Risk
3.0,2025-09-11,50,93,13562.01,2,3,5,At Risk
550.0,2025-09-22,39,95,13475.32,2,3,5,At Risk
2869.0,2025-08-25,67,91,13371.74,2,3,5,At Risk
3513.0,2025-08-25,67,93,13357.32,2,3,5,At Risk
3263.0,2025-08-09,83,95,13337.43,2,3,5,At Risk
4181.0,2025-09-13,48,94,13309.98,2,3,5,At Risk
2934.0,2025-09-15,46,86,13278.35,2,2,5,At Risk
487.0,2025-09-22,39,91,13241.33,2,2,5,At Risk
58.0,2025-08-23,69,93,13234.21,2,3,5,At Risk
3419.0,2025-09-20,41,91,13208.24,2,3,5,At Risk
3189.0,2025-09-12,49,87,13197.49,2,2,5,At Risk
798.0,2025-09-20,41,95,13180.38,2,3,5,At Risk
2982.0,2025-09-22,39,91,13173.63,2,3,5,At Risk
2434.0,2025-08-26,66,94,13140.62,2,3,5,At Risk
3656.0,2025-08-22,70,87,13131.51,2,2,5,At Risk
4367.0,2025-09-10,51,91,13022.73,2,3,5,At Risk
1291.0,2025-09-08,53,96,13014.1,2,3,5,At Risk
2844.0,2025-09-13,48,87,12996.57,2,2,5,At Risk
932.0,2025-09-09,52,96,12993.45,2,3,5,At Risk
4350.0,2025-08-19,73,93,12985.96,2,3,5,At Risk
2088.0,2025-09-18,43,90,12984.16,2,2,5,At Risk
2160.0,2025-08-26,66,92,12910.0,2,3,5,At Risk
675.0,2025-09-18,43,87,12904.82,2,2,5,At Risk
1218.0,2025-08-31,61,95,12904.75,2,3,5,At Risk
3942.0,2025-08-28,64,90,12894.17,2,2,5,At Risk
1266.0,2025-09-22,39,94,12843.61,2,3,5,At Risk
445.0,2025-08-30,62,94,12814.45,2,3,5,At Risk
1611.0,2025-09-13,48,92,12801.32,2,3,5,At Risk
4848.0,2025-09-12,49,89,12780.02,2,2,5,At Risk
1958.0,2025-09-04,57,95,12772.44,2,3,5,At Risk
380.0,2025-09-07,54,81,12771.26,2,1,5,At Risk
1295.0,2025-08-31,61,85,12757.47,2,1,5,At Risk
1297.0,2025-09-01,60,94,12733.44,2,3,5,At Risk
3793.0,2025-09-07,54,88,12709.19,2,2,5,At Risk
4910.0,2025-08-28,64,89,12635.93,2,2,5,At Risk
2444.0,2025-09-15,46,84,12615.02,2,1,5,At Risk
2806.0,2025-08-25,67,94,12590.83,2,3,5,At Risk
336.0,2025-09-18,43,88,12581.82,2,2,5,At Risk
3396.0,2025-09-10,51,95,12557.01,2,3,5,At Risk
419.0,2025-09-17,44,89,12554.16,2,2,5,At Risk
588.0,2025-08-10,82,94,12537.77,2,3,5,At Risk
233.0,2025-08-18,74,90,12492.05,2,2,4,At Risk
876.0,2025-08-31,61,88,12488.1,2,2,4,At Risk
1993.0,2025-08-31,61,89,12455.22,2,2,4,At Risk
1520.0,2025-09-07,54,89,12448.57,2,2,4,At Risk
852.0,2025-08-23,69,85,12448.22,2,1,4,At Risk
4720.0,2025-09-19,42,95,12442.73,2,3,4,At Risk
3004.0,2025-08-26,66,88,12442.67,2,2,4,At Risk
2173.0,2025-08-30,62,91,12429.97,2,2,4,At Risk
1780.0,2025-09-14,47,88,12428.31,2,2,4,At Risk
787.0,2025-08-16,76,80,12397.04,2,1,4,At Risk
3819.0,2025-07-28,95,78,12394.43,2,1,4,At Risk
3462.0,2025-09-08,53,95,12385.97,2,3,4,At Risk
4756.0,2025-09-19,42,95,12385.8,2,3,4,At Risk
423.0,2025-09-15,46,92,12329.29,2,3,4,At Risk
4238.0,2025-07-02,121,84,12304.01,2,1,4,At Risk
801.0,2025-08-22,70,80,12286.04,2,1,4,At Risk
4111.0,2025-09-13,48,93,12281.68,2,3,4,At Risk
288.0,2025-09-21,40,96,12274.09,2,3,4,At Risk
3546.0,2025-07-07,116,86,12252.88,2,2,4,At Risk
4458.0,2025-09-07,54,91,12251.29,2,3,4,At Risk
1421.0,2025-09-09,52,95,12250.86,2,3,4,At Risk
1363.0,2025-08-05,87,84,12240.28,2,1,4,At Risk
203.0,2025-09-10,51,96,12216.64,2,3,4,At Risk
268.0,2025-09-08,53,95,12184.83,2,3,4,At Risk
1193.0,2025-09-20,41,96,12158.6,2,3,4,At Risk
3738.0,2025-09-04,57,87,12152.49,2,2,4,At Risk
2007.0,2025-09-20,41,95,12132.08,2,3,4,At Risk
4446.0,2025-09-22,39,90,12131.91,2,2,4,At Risk
1757.0,2025-08-17,75,91,12129.52,2,2,4,At Risk
994.0,2025-09-11,50,96,12091.46,2,3,4,At Risk
4282.0,2025-08-31,61,89,12088.92,2,2,4,At Risk
1975.0,2025-09-18,43,91,12085.14,2,2,4,At Risk
3445.0,2025-09-18,43,93,12085.1,2,3,4,At Risk
1553.0,2025-09-10,51,88,12065.43,2,2,4,At Risk
567.0,2025-08-31,61,95,12053.15,2,3,4,At Risk
2348.0,2025-09-20,41,90,12034.97,2,2,4,At Risk
2485.0,2025-09-17,44,87,12034.59,2,2,4,At Risk
2902.0,2025-09-12,49,87,12029.9,2,2,4,At Risk
362.0,2025-08-30,62,81,12020.53,2,1,4,At Risk
1301.0,2025-08-09,83,85,11994.01,2,1,4,At Risk
2520.0,2025-09-09,52,87,11989.56,2,2,4,At Risk
1368.0,2025-08-31,61,73,11988.38,2,1,4,At Risk
60.0,2025-09-09,52,95,11961.66,2,3,4,At Risk
223.0,2025-09-20,41,91,11956.16,2,2,4,At Risk
880.0,2025-08-27,65,83,11942.49,2,1,4,At Risk
618.0,2025-08-05,87,96,11922.31,2,3,4,At Risk
2898.0,2025-08-17,75,93,11921.72,2,3,4,At Risk
4828.0,2025-09-04,57,92,11910.54,2,3,4,At Risk
2622.0,2025-09-07,54,90,11910.2,2,2,4,At Risk
2910.0,2025-09-08,53,91,11890.28,2,3,4,At Risk
2397.0,2025-07-02,121,90,11883.62,2,2,4,At Risk
4197.0,2025-08-29,63,92,11877.84,2,3,4,At Risk
4960.0,2025-09-09,52,84,11864.43,2,1,4,At Risk
858.0,2025-09-02,59,82,11864.17,2,1,4,At Risk
2089.0,2025-08-22,70,80,11850.54,2,1,4,At Risk
911.0,2025-07-14,109,73,11846.98,2,1,4,At Risk
51.0,2025-08-31,61,92,11846.69,2,3,4,At Risk
2973.0,2025-09-22,39,85,11837.57,2,1,4,At Risk
3675.0,2025-09-12,49,90,11836.9,2,2,4,At Risk
4302.0,2025-07-18,105,91,11824.38,2,3,4,At Risk
1810.0,2025-07-22,101,87,11821.01,2,2,4,At Risk
2319.0,2025-08-28,64,95,11820.02,2,3,4,At Risk
3044.0,2025-08-17,75,93,11811.17,2,3,4,At Risk
1468.0,2025-08-04,88,95,11809.41,2,3,4,At Risk
3992.0,2025-07-20,103,89,11794.09,2,2,4,At Risk
1198.0,2025-09-08,53,93,11791.55,2,3,4,At Risk
1148.0,2025-09-21,40,90,11790.03,2,2,4,At Risk
4352.0,2025-09-04,57,94,11775.82,2,3,4,At Risk
2177.0,2025-09-05,56,90,11754.44,2,2,4,At Risk
3918.0,2025-08-18,74,92,11749.11,2,3,4,At Risk
1064.0,2025-08-22,70,91,11746.53,2,2,4,At Risk
4692.0,2025-06-12,141,84,11742.84,2,1,4,At Risk
108.0,2025-09-19,42,96,11741.74,2,3,4,At Risk
1749.0,2025-09-15,46,92,11701.44,2,3,4,At Risk
1551.0,2025-09-12,49,93,11693.9,2,3,4,At Risk
3383.0,2025-09-07,54,90,11690.5,2,2,4,At Risk
4417.0,2025-08-29,63,83,11683.35,2,1,4,At Risk
2576.0,2025-08-21,71,93,11668.27,2,3,4,At Risk
2499.0,2025-09-11,50,93,11658.4,2,3,4,At Risk
2551.0,2025-09-12,49,94,11635.14,2,3,4,At Risk
4124.0,2025-08-06,86,95,11612.5,2,3,4,At Risk
3377.0,2025-07-21,102,94,11610.13,2,3,4,At Risk
363.0,2025-08-19,73,87,11601.55,2,2,4,At Risk
2055.0,2025-08-13,79,88,11581.37,2,2,4,At Risk
3527.0,2025-08-26,66,91,11580.27,2,3,4,At Risk
1319.0,2025-09-12,49,92,11576.09,2,3,4,At Risk
4601.0,2025-07-16,107,93,11572.01,2,3,4,At Risk
4010.0,2025-08-28,64,85,11563.22,2,1,4,At Risk
1808.0,2025-09-04,57,93,11548.04,2,3,4,At Risk
2587.0,2025-07-28,95,81,11547.37,2,1,4,At Risk
935.0,2025-09-11,50,84,11545.03,2,1,4,At Risk
3499.0,2025-09-20,41,95,11508.18,2,3,4,At Risk
459.0,2025-09-08,53,91,11507.59,2,2,4,At Risk
4166.0,2025-09-02,59,95,11490.59,2,3,4,At Risk
3963.0,2025-09-01,60,86,11488.58,2,2,4,At Risk
3692.0,2025-08-19,73,79,11477.33,2,1,4,At Risk
462.0,2025-09-10,51,90,11471.8,2,2,4,At Risk
2585.0,2025-08-31,61,81,11465.89,2,1,4,At Risk
2221.0,2025-09-03,58,72,11460.56,2,1,4,At Risk
1236.0,2025-09-01,60,95,11458.41,2,3,4,At Risk
2035.0,2025-09-21,40,95,11449.55,2,3,4,At Risk
4466.0,2025-08-26,66,92,11432.53,2,3,4,At Risk
938.0,2025-05-14,170,82,11411.59,2,1,4,At Risk
1876.0,2025-09-15,46,95,11408.48,2,3,4,At Risk
990.0,2025-09-22,39,89,11407.16,2,2,4,At Risk
1877.0,2025-09-21,40,85,11404.67,2,1,4,At Risk
2715.0,2025-09-16,45,90,11389.35,2,2,4,At Risk
1126.0,2025-09-22,39,89,11378.0,2,2,3,At Risk
1661.0,2025-09-01,60,91,11363.17,2,2,3,At Risk
2200.0,2025-08-17,75,79,11359.8,2,1,3,At Risk
4727.0,2025-09-21,40,86,11357.76,2,2,3,At Risk
524.0,2025-08-23,69,88,11299.11,2,2,3,At Risk
3041.0,2025-09-02,59,83,11296.62,2,1,3,At Risk
3848.0,2025-08-09,83,78,11294.06,2,1,3,At Risk
1479.0,2025-09-20,41,93,11278.54,2,3,3,At Risk
1609.0,2025-09-21,40,88,11275.65,2,2,3,At Risk
3693.0,2025-09-06,55,90,11264.24,2,2,3,At Risk
2720.0,2025-09-09,52,92,11249.75,2,3,3,At Risk
593.0,2025-07-21,102,85,11233.58,2,1,3,At Risk
2233.0,2025-07-13,110,90,11231.36,2,2,3,At Risk
2540.0,2025-09-17,44,93,11228.66,2,3,3,At Risk
3545.0,2025-09-05,56,90,11225.65,2,2,3,At Risk
144.0,2025-08-23,69,77,11223.87,2,1,3,At Risk
3960.0,2025-09-05,56,94,11202.22,2,3,3,At Risk
2115.0,2025-08-26,66,87,11193.74,2,2,3,At Risk
3370.0,2025-08-17,75,88,11188.73,2,2,3,At Risk
3762.0,2025-09-11,50,88,11185.3,2,2,3,At Risk
2506.0,2025-09-11,50,90,11176.95,2,2,3,At Risk
4989.0,2025-08-20,72,93,11148.89,2,3,3,At Risk
2450.0,2025-08-30,62,78,11144.18,2,1,3,At Risk
957.0,2025-08-29,63,92,11138.7,2,3,3,At Risk
209.0,2025-08-26,66,82,11137.79,2,1,3,At Risk
2104.0,2025-08-13,79,78,11131.66,2,1,3,At Risk
4060.0,2025-07-23,100,94,11129.61,2,3,3,At Risk
290.0,2025-08-01,91,84,11127.75,2,1,3,At Risk
4473.0,2025-09-13,48,91,11126.03,2,3,3,At Risk
1244.0,2025-08-21,71,90,11115.76,2,2,3,At Risk
1149.0,2025-09-02,59,79,11094.54,2,1,3,At Risk
1857.0,2025-09-10,51,79,11091.24,2,1,3,At Risk
1429.0,2025-08-29,63,82,11090.82,2,1,3,At Risk
4545.0,2025-08-30,62,86,11084.52,2,2,3,At Risk
4257.0,2025-08-30,62,92,11079.71,2,3,3,At Risk
1759.0,2025-08-20,72,87,11078.97,2,2,3,At Risk
3577.0,2025-09-08,53,95,11075.61,2,3,3,At Risk
1160.0,2025-08-15,77,96,11074.93,2,3,3,At Risk
3958.0,2025-09-01,60,88,11067.38,2,2,3,At Risk
3322.0,2025-08-30,62,86,11038.15,2,2,3,At Risk
99.0,2025-09-19,42,96,11037.88,2,3,3,At Risk
1472.0,2025-09-09,52,87,11036.09,2,2,3,At Risk
792.0,2025-06-12,141,81,11034.77,2,1,3,At Risk
3410.0,2025-08-30,62,93,11032.37,2,3,3,At Risk
642.0,2025-09-19,42,82,11022.34,2,1,3,At Risk
3095.0,2025-08-31,61,95,11022.19,2,3,3,At Risk
3919.0,2025-09-05,56,89,11006.14,2,2,3,At Risk
1889.0,2025-09-17,44,93,11002.16,2,3,3,At Risk
237.0,2025-08-29,63,88,10991.63,2,2,3,At Risk
1995.0,2025-08-04,88,81,10987.12,2,1,3,At Risk
2602.0,2025-09-12,49,94,10962.48,2,3,3,At Risk
954.0,2025-07-10,113,89,10955.84,2,2,3,At Risk
3061.0,2025-07-30,93,90,10946.74,2,2,3,At Risk
3250.0,2025-09-17,44,93,10940.41,2,3,3,At Risk
3829.0,2025-08-26,66,88,10931.3,2,2,3,At Risk
1705.0,2025-09-18,43,81,10928.51,2,1,3,At Risk
2694.0,2025-09-08,53,81,10927.13,2,1,3,At Risk
2403.0,2025-08-16,76,86,10927.09,2,2,3,At Risk
4465.0,2025-08-05,87,93,10918.28,2,3,3,At Risk
3443.0,2025-08-02,90,90,10915.31,2,2,3,At Risk
2387.0,2025-08-10,82,89,10914.82,2,2,3,At Risk
1028.0,2025-09-18,43,89,10909.09,2,2,3,At Risk
907.0,2025-09-02,59,89,10901.22,2,2,3,At Risk
2858.0,2025-08-03,89,83,10898.26,2,1,3,At Risk
4378.0,2025-08-20,72,95,10894.26,2,3,3,At Risk
1710.0,2025-09-05,56,81,10888.41,2,1,3,At Risk
543.0,2025-09-13,48,92,10885.82,2,3,3,At Risk
1103.0,2025-08-31,61,86,10875.05,2,2,3,At Risk
4384.0,2025-09-22,39,90,10867.01,2,2,3,At Risk
2002.0,2025-09-16,45,91,10861.82,2,2,3,At Risk
929.0,2025-09-07,54,86,10857.29,2,2,3,At Risk
4785.0,2025-09-23,38,91,10854.02,2,3,3,At Risk
4936.0,2025-08-21,71,90,10852.05,2,2,3,At Risk
3855.0,2025-07-25,98,88,10849.94,2,2,3,At Risk
4621.0,2025-09-04,57,86,10845.95,2,2,3,At Risk
3113.0,2025-08-31,61,94,10844.52,2,3,3,At Risk
992.0,2025-09-18,43,88,10837.88,2,2,3,At Risk
2026.0,2025-09-09,52,88,10836.42,2,2,3,At Risk
3582.0,2025-09-19,42,92,10830.91,2,3,3,At Risk
2522.0,2025-08-26,66,91,10825.8,2,3,3,At Risk
889.0,2025-08-26,66,82,10822.54,2,1,3,At Risk
2597.0,2025-09-06,55,73,10802.11,2,1,3,At Risk
3748.0,2025-09-06,55,93,10801.76,2,3,3,At Risk
4271.0,2025-08-08,84,90,10795.95,2,2,3,At Risk
2963.0,2025-08-19,73,90,10793.36,2,2,3,At Risk
653.0,2025-07-30,93,91,10786.31,2,2,3,At Risk
4794.0,2025-09-20,41,92,10785.96,2,3,3,At Risk
1653.0,2025-07-04,119,86,10764.08,2,2,3,At Risk
1141.0,2025-07-18,105,87,10762.91,2,2,3,At Risk
566.0,2025-09-17,44,91,10748.14,2,2,3,At Risk
866.0,2025-09-13,48,96,10747.49,2,3,3,At Risk
1615.0,2025-07-30,93,77,10740.67,2,1,3,At Risk
3065.0,2025-09-07,54,91,10733.23,2,3,3,At Risk
4914.0,2025-09-20,41,88,10729.96,2,2,3,At Risk
4934.0,2025-09-12,49,86,10729.11,2,2,3,At Risk
1501.0,2025-09-16,45,90,10721.46,2,2,3,At Risk
730.0,2025-09-17,44,89,10720.46,2,2,3,At Risk
4383.0,2025-09-20,41,92,10715.62,2,3,3,At Risk
4223.0,2025-09-07,54,95,10711.56,2,3,3,At Risk
4355.0,2025-08-13,79,90,10701.53,2,2,3,At Risk
2204.0,2025-09-07,54,87,10678.07,2,2,3,At Risk
2718.0,2025-09-13,48,88,10664.87,2,2,3,At Risk
153.0,2025-09-10,51,87,10664.15,2,2,3,At Risk
244.0,2025-09-18,43,95,10660.51,2,3,3,At Risk
690.0,2025-09-14,47,87,10658.02,2,2,3,At Risk
4580.0,2025-09-14,47,87,10648.95,2,2,3,At Risk
4049.0,2025-09-13,48,74,10642.63,2,1,3,At Risk
4844.0,2025-08-13,79,90,10641.98,2,2,3,At Risk
1713.0,2025-09-01,60,91,10634.01,2,2,3,At Risk
3082.0,2025-09-15,46,86,10620.21,2,2,3,At Risk
3687.0,2025-06-20,133,76,10602.89,2,1,3,At Risk
4842.0,2025-09-19,42,83,10593.65,2,1,3,At Risk
2150.0,2025-09-16,45,90,10592.61,2,2,3,At Risk
2780.0,2025-08-22,70,88,10591.85,2,2,3,At Risk
4631.0,2025-08-25,67,75,10590.56,2,1,3,At Risk
3205.0,2025-08-14,78,72,10589.62,2,1,3,At Risk
2776.0,2025-09-21,40,87,10588.29,2,2,3,At Risk
2862.0,2025-09-03,58,83,10584.42,2,1,3,At Risk
1463.0,2025-09-19,42,87,10574.81,2,2,3,At Risk
2637.0,2025-08-10,82,85,10573.68,2,1,3,At Risk
3351.0,2025-08-18,74,84,10569.14,2,1,3,At Risk
2533.0,2025-09-15,46,93,10564.37,2,3,3,At Risk
1671.0,2025-09-18,43,91,10561.63,2,2,3,At Risk
1179.0,2025-08-13,79,88,10556.65,2,2,3,At Risk
2323.0,2025-08-29,63,82,10553.2,2,1,3,At Risk
2893.0,2025-08-16,76,84,10535.0,2,1,3,At Risk
2706.0,2025-09-16,45,92,10534.03,2,3,3,At Risk
987.0,2025-08-14,78,82,10532.46,2,1,3,At Risk
3607.0,2025-09-06,55,95,10530.84,2,3,3,At Risk
4673.0,2025-09-07,54,94,10529.65,2,3,3,At Risk
3496.0,2025-08-18,74,81,10520.11,2,1,3,At Risk
1516.0,2025-08-27,65,82,10515.01,2,1,3,At Risk
4978.0,2025-08-23,69,89,10514.87,2,2,3,At Risk
1577.0,2025-09-09,52,92,10513.17,2,3,3,At Risk
1178.0,2025-09-14,47,76,10498.32,2,1,3,At Risk
2586.0,2025-09-02,59,91,10496.33,2,3,3,At Risk
168.0,2025-09-10,51,88,10484.63,2,2,3,At Risk
347.0,2025-08-30,62,88,10477.84,2,2,3,At Risk
881.0,2025-09-22,39,93,10477.83,2,3,3,At Risk
2847.0,2025-09-12,49,81,10465.85,2,1,3,At Risk
3746.0,2025-08-02,90,94,10465.43,2,3,3,At Risk
2005.0,2025-09-21,40,82,10465.01,2,1,3,At Risk
2745.0,2025-08-26,66,85,10449.76,2,1,3,At Risk
3584.0,2025-08-31,61,95,10441.58,2,3,3,At Risk
3522.0,2025-09-21,40,94,10441.31,2,3,3,At Risk
4409.0,2025-08-26,66,94,10432.41,2,3,3,At Risk
3721.0,2025-07-29,94,80,10431.67,2,1,3,At Risk
194.0,2025-09-18,43,83,10427.79,2,1,3,At Risk
3161.0,2025-09-01,60,92,10424.41,2,3,3,At Risk
3929.0,2025-08-28,64,86,10420.48,2,2,3,At Risk
4326.0,2025-08-14,78,91,10399.79,2,3,2,At Risk
1781.0,2025-09-09,52,98,10387.51,2,4,2,At Risk
1738.0,2025-09-15,46,94,10387.19,2,3,2,At Risk
2772.0,2025-08-29,63,95,10386.22,2,3,2,At Risk
4654.0,2025-08-28,64,103,10369.82,2,5,2,At Risk
4443.0,2025-09-12,49,95,10368.96,2,3,2,At Risk
951.0,2025-08-14,78,93,10358.5,2,3,2,At Risk
234.0,2025-09-03,58,94,10347.84,2,3,2,At Risk
4071.0,2025-08-19,73,92,10335.01,2,3,2,At Risk
2067.0,2025-08-23,69,95,10334.48,2,3,2,At Risk
3500.0,2025-09-14,47,99,10332.14,2,4,2,At Risk
2168.0,2025-08-28,64,102,10321.68,2,5,2,At Risk
1747.0,2025-09-20,41,99,10267.48,2,4,2,At Risk
1091.0,2025-09-13,48,97,10256.91,2,4,2,At Risk
1950.0,2025-09-09,52,98,10249.0,2,4,2,At Risk
80.0,2025-09-21,40,95,10229.42,2,3,2,At Risk
2937.0,2025-09-05,56,95,10223.63,2,3,2,At Risk
4164.0,2025-09-02,59,96,10214.2,2,4,2,At Risk
1274.0,2025-09-19,42,92,10203.89,2,3,2,At Risk
4918.0,2025-09-04,57,103,10196.86,2,5,2,At Risk
4980.0,2025-09-10,51,91,10192.76,2,3,2,At Risk
1990.0,2025-09-18,43,106,10191.34,2,5,2,At Risk
1011.0,2025-06-03,150,96,10188.11,2,3,2,At Risk
1441.0,2025-08-02,90,96,10184.78,2,4,2,At Risk
3248.0,2025-09-13,48,98,10180.7,2,4,2,At Risk
3048.0,2025-09-01,60,100,10165.32,2,4,2,At Risk
3876.0,2025-09-08,53,92,10164.58,2,3,2,At Risk
1952.0,2025-07-30,93,108,10131.26,2,5,2,At Risk
3339.0,2025-09-12,49,104,10127.47,2,5,2,At Risk
2489.0,2025-09-21,40,95,10116.57,2,3,2,At Risk
1382.0,2025-08-12,80,98,10100.19,2,4,2,At Risk
2646.0,2025-09-07,54,100,10089.57,2,4,2,At Risk
2070.0,2025-09-13,48,93,10081.53,2,3,2,At Risk
2994.0,2025-09-07,54,91,10070.66,2,3,2,At Risk
840.0,2025-09-02,59,100,10064.77,2,4,2,At Risk
4042.0,2025-09-06,55,93,10063.08,2,3,2,At Risk
1388.0,2025-09-09,52,103,10059.26,2,5,2,At Risk
1793.0,2025-09-07,54,102,10058.22,2,5,2,At Risk
2661.0,2025-09-04,57,91,10054.53,2,3,2,At Risk
146.0,2025-08-30,62,95,10045.24,2,3,2,At Risk
210.0,2025-06-07,146,97,10035.82,2,4,2,At Risk
1133.0,2025-09-12,49,101,10003.6,2,4,2,At Risk
3732.0,2025-09-18,43,95,9994.81,2,3,2,At Risk
1944.0,2025-09-09,52,97,9992.04,2,4,2,At Risk
3428.0,2025-08-03,89,96,9989.89,2,4,2,At Risk
4054.0,2025-08-05,87,94,9963.07,2,3,2,At Risk
3425.0,2025-08-02,90,99,9944.32,2,4,2,At Risk
3307.0,2025-08-26,66,92,9939.86,2,3,2,At Risk
1053.0,2025-06-14,139,100,9931.07,2,4,2,At Risk
2881.0,2025-09-22,39,92,9905.93,2,3,2,At Risk
753.0,2025-09-08,53,94,9890.04,2,3,2,At Risk
4610.0,2025-09-12,49,109,9874.98,2,5,2,At Risk
439.0,2025-09-04,57,95,9873.49,2,3,2,At Risk
4095.0,2025-09-02,59,106,9871.48,2,5,2,At Risk
4208.0,2025-09-16,45,95,9864.84,2,3,2,At Risk
4815.0,2025-08-26,66,94,9855.64,2,3,2,At Risk
3657.0,2025-08-31,61,94,9821.84,2,3,2,At Risk
482.0,2025-09-17,44,94,9821.27,2,3,2,At Risk
3243.0,2025-08-30,62,95,9814.88,2,3,2,At Risk
2334.0,2025-08-17,75,94,9807.76,2,3,2,At Risk
2542.0,2025-09-21,40,92,9795.21,2,3,2,At Risk
2674.0,2025-09-18,43,102,9792.05,2,5,2,At Risk
2082.0,2025-08-17,75,109,9779.5,2,5,2,At Risk
368.0,2025-09-12,49,99,9745.62,2,4,2,At Risk
1469.0,2025-09-18,43,92,9741.38,2,3,2,At Risk
3262.0,2025-07-31,92,92,9739.91,2,3,2,At Risk
208.0,2025-08-05,87,93,9738.21,2,3,2,At Risk
4967.0,2025-09-14,47,99,9731.6,2,4,2,At Risk
3011.0,2025-09-10,51,94,9705.54,2,3,2,At Risk
4687.0,2025-08-25,67,95,9705.42,2,3,2,At Risk
1030.0,2025-08-29,63,93,9693.22,2,3,2,At Risk
1782.0,2025-08-30,62,95,9666.04,2,3,2,At Risk
1147.0,2025-09-21,40,93,9642.0,2,3,2,At Risk
1544.0,2025-09-12,49,103,9618.15,2,5,2,At Risk
2165.0,2025-09-06,55,98,9596.75,2,4,2,At Risk
2198.0,2025-09-21,40,99,9590.02,2,4,2,At Risk
2031.0,2025-09-13,48,93,9582.37,2,3,2,At Risk
4153.0,2025-09-07,54,93,9567.54,2,3,2,At Risk
1588.0,2025-08-16,76,92,9566.16,2,3,2,At Risk
1623.0,2025-09-11,50,105,9565.59,2,5,2,At Risk
2331.0,2025-08-16,76,93,9546.17,2,3,2,At Risk
4932.0,2025-08-22,70,92,9526.98,2,3,2,At Risk
2504.0,2025-08-23,69,104,9522.1,2,5,2,At Risk
3291.0,2025-09-14,47,101,9520.83,2,4,2,At Risk
2545.0,2025-09-17,44,99,9518.03,2,4,2,At Risk
1042.0,2025-08-18,74,94,9517.64,2,3,2,At Risk
4614.0,2025-09-03,58,93,9495.16,2,3,2,At Risk
4896.0,2025-09-18,43,98,9489.58,2,4,2,At Risk
2139.0,2025-08-19,73,101,9453.15,2,4,2,At Risk
2546.0,2025-09-16,45,99,9410.5,2,4,2,At Risk
4650.0,2025-09-15,46,92,9394.32,2,3,2,At Risk
2712.0,2025-08-17,75,100,9388.75,2,4,2,At Risk
2749.0,2025-09-22,39,99,9368.72,2,4,2,At Risk
1105.0,2025-09-09,52,92,9343.41,2,3,1,At Risk
575.0,2025-09-03,58,96,9326.13,2,3,1,At Risk
4656.0,2025-09-05,56,98,9316.03,2,4,1,At Risk
815.0,2025-09-15,46,98,9315.79,2,4,1,At Risk
4820.0,2025-08-19,73,93,9283.24,2,3,1,At Risk
2950.0,2025-06-08,145,95,9277.9,2,3,1,At Risk
4423.0,2025-09-02,59,103,9277.55,2,5,1,At Risk
2690.0,2025-09-10,51,103,9271.36,2,5,1,At Risk
1719.0,2025-07-19,104,93,9267.21,2,3,1,At Risk
689.0,2025-08-31,61,97,9254.35,2,4,1,At Risk
3709.0,2025-09-13,48,100,9229.98,2,4,1,At Risk
4346.0,2025-08-01,91,95,9224.75,2,3,1,At Risk
3459.0,2025-08-29,63,102,9202.75,2,5,1,At Risk
322.0,2025-08-18,74,93,9197.07,2,3,1,At Risk
2554.0,2025-09-10,51,93,9180.45,2,3,1,At Risk
2888.0,2025-09-02,59,97,9176.14,2,4,1,At Risk
254.0,2025-06-24,129,95,9127.06,2,3,1,At Risk
4585.0,2025-09-22,39,94,9099.0,2,3,1,At Risk
896.0,2025-08-30,62,92,9088.62,2,3,1,At Risk
1483.0,2025-08-30,62,98,9060.38,2,4,1,At Risk
3159.0,2025-09-19,42,95,9031.6,2,3,1,At Risk
3669.0,2025-09-20,41,104,8993.57,2,5,1,At Risk
4214.0,2025-09-19,42,93,8927.79,2,3,1,At Risk
2455.0,2025-09-17,44,95,8917.36,2,3,1,At Risk
4505.0,2025-08-30,62,93,8912.09,2,3,1,At Risk
668.0,2025-09-20,41,97,8911.4,2,4,1,At Risk
1079.0,2025-08-26,66,96,8779.44,2,3,1,At Risk
2920.0,2025-09-22,39,93,8713.23,2,3,1,At Risk
4845.0,2025-09-22,39,106,8695.22,2,5,1,At Risk
4573.0,2025-09-08,53,92,8679.1,2,3,1,At Risk
2660.0,2025-08-28,64,91,8659.14,2,3,1,At Risk
3526.0,2025-08-19,73,96,8633.51,2,4,1,At Risk
3613.0,2025-08-08,84,96,8497.69,2,4,1,At Risk
4463.0,2025-07-27,96,96,8495.18,2,4,1,At Risk
2187.0,2025-09-14,47,91,8493.21,2,3,1,At Risk
158.0,2025-08-10,82,102,8472.66,2,5,1,At Risk
631.0,2025-09-13,48,96,8471.59,2,3,1,At Risk
1051.0,2025-08-29,63,96,8435.44,2,3,1,At Risk
2414.0,2025-09-21,40,93,8311.61,2,3,1,At Risk
3012.0,2025-09-21,40,101,8275.29,2,4,1,At Risk
754.0,2025-06-06,147,98,7897.98,2,4,1,At Risk
6.0,2025-08-06,86,95,7703.35,2,3,1,At Risk
776.0,2025-09-03,58,97,7621.18,2,4,1,At Risk
71.0,2025-06-08,145,92,7443.72,2,3,1,At Risk
1404.0,2025-10-30,1,113,17600.11,6,5,5,Champions
4900.0,2025-10-26,5,115,17367.41,5,5,5,Champions
4184.0,2025-10-29,2,119,17304.0,6,5,5,Champions
3845.0,2025-10-25,6,126,17287.19,5,5,5,Champions
1962.0,2025-10-20,11,103,17213.0,5,5,5,Champions
1343.0,2025-10-31,0,105,17028.26,6,5,5,Champions
3378.0,2025-10-28,3,97,16938.89,6,4,5,Champions
4915.0,2025-10-24,7,115,16714.4,5,5,5,Champions
2636.0,2025-10-13,18,110,16667.04,4,5,5,Champions
3424.0,2025-10-23,8,116,16619.6,5,5,5,Champions
2771.0,2025-10-26,5,106,16382.08,5,5,5,Champions
2804.0,2025-10-30,1,109,16349.96,6,5,5,Champions
3865.0,2025-10-16,15,112,16312.48,4,5,5,Champions
3695.0,2025-10-31,0,110,16268.35,6,5,5,Champions
467.0,2025-10-29,2,107,16188.26,6,5,5,Champions
2923.0,2025-10-19,12,114,16157.08,4,5,5,Champions
702.0,2025-10-21,10,97,16090.01,5,4,5,Champions
4316.0,2025-10-22,9,110,16060.85,5,5,5,Champions
4078.0,2025-10-12,19,117,16060.36,4,5,5,Champions
4510.0,2025-10-22,9,118,16042.56,5,5,5,Champions
4524.0,2025-10-24,7,112,15986.84,5,5,5,Champions
4377.0,2025-10-30,1,105,15916.86,6,5,5,Champions
2166.0,2025-10-27,4,110,15863.14,6,5,5,Champions
4742.0,2025-10-10,21,104,15848.91,4,5,5,Champions
4396.0,2025-10-14,17,115,15843.1,4,5,5,Champions
3469.0,2025-10-12,19,114,15778.61,4,5,5,Champions
455.0,2025-10-13,18,101,15765.21,4,4,5,Champions
3873.0,2025-10-29,2,108,15750.2,6,5,5,Champions
3272.0,2025-10-10,21,117,15681.68,4,5,5,Champions
4345.0,2025-10-31,0,105,15657.52,6,5,5,Champions
705.0,2025-10-31,0,103,15641.62,6,5,5,Champions
132.0,2025-10-29,2,102,15552.86,6,5,5,Champions
414.0,2025-10-29,2,97,15521.86,6,4,5,Champions
348.0,2025-10-25,6,102,15483.89,5,5,5,Champions
4356.0,2025-10-24,7,103,15462.83,5,5,5,Champions
66.0,2025-10-28,3,114,15436.67,6,5,5,Champions
3084.0,2025-10-26,5,124,15430.33,5,5,5,Champions
1324.0,2025-10-29,2,110,15427.23,6,5,5,Champions
250.0,2025-10-19,12,103,15411.92,4,5,5,Champions
3857.0,2025-10-14,17,109,15403.87,4,5,5,Champions
4869.0,2025-10-17,14,113,15394.96,4,5,5,Champions
2461.0,2025-10-18,13,108,15379.69,4,5,5,Champions
224.0,2025-10-31,0,103,15346.52,6,5,5,Champions
3536.0,2025-10-11,20,109,15334.55,4,5,5,Champions
2625.0,2025-10-29,2,99,15294.43,6,4,5,Champions
1869.0,2025-10-22,9,118,15288.37,5,5,5,Champions
394.0,2025-10-17,14,99,15281.79,4,4,5,Champions
3403.0,2025-10-09,22,98,15249.89,4,4,5,Champions
3591.0,2025-10-10,21,109,15241.01,4,5,5,Champions
724.0,2025-10-21,10,101,15222.07,5,4,5,Champions
4969.0,2025-10-23,8,111,15140.37,5,5,5,Champions
4723.0,2025-10-26,5,97,15133.5,5,4,5,Champions
526.0,2025-10-13,18,100,15121.97,4,4,5,Champions
4178.0,2025-10-13,18,108,15107.12,4,5,5,Champions
1462.0,2025-10-30,1,99,15068.79,6,4,5,Champions
1888.0,2025-10-29,2,102,15041.45,6,5,5,Champions
4587.0,2025-10-21,10,105,15041.2,5,5,5,Champions
3151.0,2025-10-12,19,119,15019.73,4,5,5,Champions
2977.0,2025-10-27,4,112,14996.11,6,5,5,Champions
4955.0,2025-10-22,9,120,14984.97,5,5,5,Champions
1173.0,2025-10-19,12,103,14972.03,4,5,5,Champions
1974.0,2025-10-31,0,102,14969.89,6,5,5,Champions
3415.0,2025-10-25,6,105,14940.58,5,5,5,Champions
3718.0,2025-10-15,16,115,14934.8,4,5,5,Champions
1256.0,2025-10-27,4,104,14928.41,6,5,5,Champions
3782.0,2025-10-29,2,102,14911.92,6,5,5,Champions
4512.0,2025-10-28,3,104,14909.48,6,5,5,Champions
716.0,2025-10-24,7,103,14888.54,5,5,5,Champions
1648.0,2025-10-25,6,103,14816.05,5,5,5,Champions
4546.0,2025-10-21,10,107,14811.38,5,5,5,Champions
1545.0,2025-10-26,5,108,14767.75,5,5,5,Champions
1688.0,2025-10-22,9,104,14751.92,5,5,5,Champions
2591.0,2025-10-29,2,99,14735.63,6,4,5,Champions
4949.0,2025-10-17,14,101,14730.64,4,5,5,Champions
4725.0,2025-10-29,2,97,14729.37,6,4,5,Champions
211.0,2025-10-25,6,110,14728.24,5,5,5,Champions
456.0,2025-10-31,0,114,14721.12,6,5,5,Champions
1642.0,2025-10-31,0,97,14701.2,6,4,5,Champions
1327.0,2025-10-18,13,106,14695.8,4,5,5,Champions
1535.0,2025-10-31,0,120,14675.88,6,5,5,Champions
4263.0,2025-10-20,11,110,14675.3,5,5,5,Champions
743.0,2025-10-23,8,123,14671.82,5,5,5,Champions
2110.0,2025-10-22,9,111,14661.73,5,5,5,Champions
4684.0,2025-10-22,9,108,14655.35,5,5,5,Champions
2568.0,2025-10-25,6,104,14655.1,5,5,5,Champions
2717.0,2025-10-22,9,110,14608.95,5,5,5,Champions
2604.0,2025-10-24,7,102,14601.83,5,5,5,Champions
1290.0,2025-10-22,9,103,14594.05,5,5,5,Champions
2832.0,2025-10-31,0,111,14583.62,6,5,5,Champions
2975.0,2025-10-11,20,103,14574.24,4,5,5,Champions
4402.0,2025-10-28,3,98,14561.23,6,4,5,Champions
4560.0,2025-10-31,0,108,14527.12,6,5,5,Champions
983.0,2025-10-31,0,99,14522.61,6,4,5,Champions
791.0,2025-10-20,11,102,14489.33,5,5,5,Champions
870.0,2025-10-22,9,113,14466.75,5,5,5,Champions
1111.0,2025-10-18,13,108,14458.58,4,5,5,Champions
2971.0,2025-10-28,3,101,14452.74,6,4,5,Champions
1585.0,2025-10-13,18,121,14449.17,4,5,5,Champions
2328.0,2025-10-26,5,100,14430.31,5,4,5,Champions
3435.0,2025-10-16,15,102,14422.5,4,5,5,Champions
2147.0,2025-10-31,0,105,14422.24,6,5,5,Champions
1996.0,2025-10-19,12,96,14421.88,4,4,5,Champions
2149.0,2025-10-11,20,97,14421.21,4,4,5,Champions
3560.0,2025-10-25,6,112,14407.78,5,5,5,Champions
1914.0,2025-10-22,9,104,14398.51,5,5,5,Champions
356.0,2025-10-24,7,107,14396.78,5,5,5,Champions
1037.0,2025-10-29,2,103,14396.42,6,5,5,Champions
1348.0,2025-10-22,9,121,14395.29,5,5,5,Champions
1333.0,2025-10-28,3,115,14382.84,6,5,5,Champions
1387.0,2025-10-29,2,110,14369.45,6,5,5,Champions
1982.0,2025-10-14,17,100,14363.58,4,4,5,Champions
1090.0,2025-10-20,11,113,14355.43,5,5,5,Champions
1843.0,2025-10-27,4,99,14350.94,6,4,5,Champions
4968.0,2025-10-31,0,104,14340.71,6,5,5,Champions
1825.0,2025-10-23,8,98,14330.98,5,4,5,Champions
3913.0,2025-10-27,4,96,14327.21,6,4,5,Champions
1477.0,2025-10-15,16,107,14320.72,4,5,5,Champions
878.0,2025-10-25,6,108,14317.22,5,5,5,Champions
516.0,2025-10-22,9,104,14313.88,5,5,5,Champions
3362.0,2025-10-13,18,110,14304.12,4,5,5,Champions
1730.0,2025-10-29,2,99,14296.25,6,4,5,Champions
3535.0,2025-10-19,12,118,14288.98,4,5,5,Champions
2342.0,2025-10-28,3,106,14281.75,6,5,5,Champions
1883.0,2025-10-28,3,112,14250.92,6,5,5,Champions
2076.0,2025-10-12,19,103,14237.7,4,5,5,Champions
3184.0,2025-10-28,3,96,14234.33,6,4,5,Champions
4731.0,2025-10-28,3,97,14233.54,6,4,5,Champions
2324.0,2025-10-27,4,98,14218.54,6,4,5,Champions
2783.0,2025-10-23,8,101,14196.5,5,4,5,Champions
586.0,2025-10-24,7,106,14189.21,5,5,5,Champions
3043.0,2025-10-19,12,105,14188.31,4,5,5,Champions
2900.0,2025-10-13,18,103,14183.75,4,5,5,Champions
1604.0,2025-10-22,9,106,14179.65,5,5,5,Champions
3579.0,2025-10-16,15,114,14156.52,4,5,5,Champions
3614.0,2025-10-12,19,110,14155.94,4,5,5,Champions
2163.0,2025-10-29,2,109,14145.41,6,5,5,Champions
3688.0,2025-10-23,8,114,14144.6,5,5,5,Champions
4911.0,2025-10-26,5,98,14139.61,5,4,5,Champions
2930.0,2025-10-25,6,99,14138.48,5,4,5,Champions
1431.0,2025-10-30,1,98,14132.3,6,4,5,Champions
2290.0,2025-10-25,6,111,14124.39,5,5,5,Champions
4572.0,2025-10-18,13,111,14123.26,4,5,5,Champions
1061.0,2025-10-16,15,97,14119.3,4,4,5,Champions
3294.0,2025-10-26,5,109,14116.53,5,5,5,Champions
2030.0,2025-10-27,4,100,14106.4,6,4,5,Champions
3506.0,2025-10-23,8,99,14095.78,5,4,5,Champions
4017.0,2025-10-27,4,105,14082.45,6,5,5,Champions
2812.0,2025-10-15,16,97,14077.78,4,4,5,Champions
4398.0,2025-10-16,15,101,14068.83,4,4,5,Champions
4360.0,2025-10-30,1,102,14056.11,6,5,5,Champions
1789.0,2025-10-23,8,97,14044.86,5,4,5,Champions
2170.0,2025-10-30,1,108,14025.51,6,5,5,Champions
1039.0,2025-10-29,2,124,14009.08,6,5,5,Champions
1957.0,2025-10-23,8,103,14007.5,5,5,5,Champions
1508.0,2025-10-27,4,96,13977.25,6,4,5,Champions
3864.0,2025-10-23,8,102,13967.81,5,5,5,Champions
4645.0,2025-10-28,3,102,13963.67,6,5,5,Champions
245.0,2025-10-20,11,97,13948.57,5,4,5,Champions
1714.0,2025-10-09,22,98,13924.74,4,4,5,Champions
4942.0,2025-10-26,5,103,13922.99,5,5,5,Champions
1481.0,2025-10-22,9,119,13919.47,5,5,5,Champions
4994.0,2025-10-30,1,103,13900.71,6,5,5,Champions
1812.0,2025-10-14,17,109,13891.84,4,5,5,Champions
4630.0,2025-10-25,6,101,13888.36,5,4,5,Champions
681.0,2025-10-30,1,106,13885.48,6,5,5,Champions
601.0,2025-10-26,5,111,13883.11,5,5,5,Champions
1679.0,2025-10-20,11,102,13879.16,5,5,5,Champions
1842.0,2025-10-28,3,97,13877.5,6,4,5,Champions
1426.0,2025-10-22,9,108,13876.69,5,5,5,Champions
3169.0,2025-10-13,18,117,13863.88,4,5,5,Champions
2439.0,2025-10-09,22,106,13861.88,4,5,5,Champions
2968.0,2025-10-11,20,104,13860.02,4,5,5,Champions
3252.0,2025-10-29,2,98,13854.38,6,4,5,Champions
483.0,2025-10-09,22,102,13848.3,4,5,5,Champions
2250.0,2025-10-22,9,98,13846.69,5,4,5,Champions
1461.0,2025-10-23,8,116,13839.05,5,5,5,Champions
838.0,2025-10-11,20,100,13834.42,4,4,5,Champions
1878.0,2025-10-14,17,106,13827.03,4,5,5,Champions
1902.0,2025-10-11,20,97,13817.8,4,4,5,Champions
1316.0,2025-10-12,19,97,13817.47,4,4,5,Champions
3879.0,2025-10-11,20,100,13813.2,4,4,5,Champions
1591.0,2025-10-28,3,101,13811.46,6,4,5,Champions
3883.0,2025-10-10,21,107,13795.28,4,5,5,Champions
2386.0,2025-10-12,19,113,13794.9,4,5,5,Champions
3890.0,2025-10-25,6,101,13789.85,5,4,5,Champions
3698.0,2025-10-31,0,103,13785.51,6,5,5,Champions
4808.0,2025-10-31,0,100,13779.97,6,4,5,Champions
405.0,2025-10-11,20,99,13772.84,4,4,5,Champions
3717.0,2025-10-25,6,100,13770.99,5,4,5,Champions
1936.0,2025-10-29,2,103,13764.15,6,5,5,Champions
1093.0,2025-10-15,16,113,13754.01,4,5,5,Champions
2254.0,2025-10-11,20,102,13740.99,4,5,5,Champions
3668.0,2025-10-31,0,105,13740.76,6,5,5,Champions
3760.0,2025-10-16,15,108,13725.53,4,5,5,Champions
2302.0,2025-10-17,14,106,13712.6,4,5,5,Champions
4997.0,2025-10-23,8,109,13704.69,5,5,5,Champions
3035.0,2025-10-31,0,100,13685.79,6,4,5,Champions
1616.0,2025-10-24,7,109,13685.04,5,5,5,Champions
333.0,2025-10-14,17,103,13683.59,4,5,5,Champions
3640.0,2025-10-11,20,111,13681.47,4,5,5,Champions
3524.0,2025-10-29,2,110,13671.62,6,5,5,Champions
4472.0,2025-10-19,12,97,13670.39,4,4,5,Champions
4215.0,2025-10-27,4,108,13669.05,5,5,5,Champions
652.0,2025-10-27,4,114,13667.75,6,5,5,Champions
4500.0,2025-10-27,4,107,13666.46,5,5,5,Champions
751.0,2025-10-17,14,98,13657.75,4,4,5,Champions
809.0,2025-10-11,20,104,13649.75,4,5,5,Champions
117.0,2025-10-31,0,112,13631.68,6,5,5,Champions
3194.0,2025-10-23,8,115,13625.53,5,5,5,Champions
3541.0,2025-10-21,10,100,13616.77,5,4,5,Champions
227.0,2025-10-16,15,111,13615.84,4,5,5,Champions
4657.0,2025-10-16,15,98,13603.78,4,4,5,Champions
2064.0,2025-10-19,12,104,13591.1,4,5,5,Champions
3164.0,2025-10-13,18,100,13589.62,4,4,5,Champions
53.0,2025-10-29,2,97,13578.32,6,4,5,Champions
4557.0,2025-10-21,10,96,13570.23,5,4,5,Champions
1865.0,2025-10-26,5,122,13567.95,5,5,5,Champions
4086.0,2025-10-21,10,109,13563.66,5,5,5,Champions
1626.0,2025-10-29,2,108,13559.93,6,5,5,Champions
4112.0,2025-10-11,20,104,13559.18,4,5,5,Champions
3187.0,2025-10-25,6,109,13555.05,5,5,5,Champions
3984.0,2025-10-21,10,113,13546.24,5,5,5,Champions
2114.0,2025-10-23,8,97,13543.01,5,4,5,Champions
3165.0,2025-10-12,19,97,13536.3,4,4,5,Champions
4019.0,2025-10-23,8,101,13535.06,5,4,5,Champions
3336.0,2025-10-27,4,103,13533.88,6,5,5,Champions
2068.0,2025-10-20,11,109,13533.07,5,5,5,Champions
808.0,2025-10-11,20,98,13525.82,4,4,5,Champions
4136.0,2025-10-31,0,107,13515.49,6,5,5,Champions
4361.0,2025-10-22,9,105,13514.2,5,5,5,Champions
3956.0,2025-10-20,11,96,13500.92,5,4,5,Champions
768.0,2025-10-14,17,109,13500.72,4,5,5,Champions
4467.0,2025-10-24,7,112,13494.4,5,5,5,Champions
3594.0,2025-10-22,9,119,13478.35,5,5,5,Champions
3566.0,2025-10-28,3,104,13473.74,6,5,5,Champions
1964.0,2025-10-20,11,102,13473.01,5,5,5,Champions
3825.0,2025-10-23,8,111,13463.2,5,5,5,Champions
4082.0,2025-10-29,2,96,13458.19,6,4,5,Champions
1457.0,2025-10-28,3,104,13457.26,6,5,5,Champions
2174.0,2025-10-29,2,111,13456.03,6,5,5,Champions
3364.0,2025-10-16,15,114,13450.94,4,5,5,Champions
2190.0,2025-10-18,13,100,13450.0,4,4,5,Champions
552.0,2025-10-13,18,98,13445.85,4,4,5,Champions
1682.0,2025-10-23,8,116,13443.78,5,5,5,Champions
781.0,2025-10-28,3,110,13442.81,6,5,5,Champions
4380.0,2025-10-31,0,109,13429.94,6,5,5,Champions
1071.0,2025-10-27,4,104,13428.78,6,5,5,Champions
3489.0,2025-10-22,9,98,13417.49,5,4,5,Champions
3439.0,2025-10-26,5,106,13417.36,5,5,5,Champions
4850.0,2025-10-19,12,99,13415.71,4,4,5,Champions
764.0,2025-10-31,0,108,13414.55,6,5,5,Champions
4824.0,2025-10-12,19,100,13414.43,4,4,5,Champions
2730.0,2025-10-14,17,112,13405.57,4,5,5,Champions
4669.0,2025-10-12,19,109,13403.18,4,5,5,Champions
4893.0,2025-10-27,4,100,13387.92,5,4,5,Champions
3310.0,2025-10-22,9,109,13384.8,5,5,5,Champions
2137.0,2025-10-28,3,106,13380.25,6,5,5,Champions
1195.0,2025-10-23,8,105,13376.29,5,5,5,Champions
660.0,2025-10-29,2,98,13372.22,6,4,5,Champions
3253.0,2025-10-10,21,108,13362.51,4,5,5,Champions
2986.0,2025-10-18,13,105,13358.57,4,5,5,Champions
1049.0,2025-10-17,14,105,13358.05,4,5,5,Champions
4796.0,2025-10-11,20,107,13352.1,4,5,5,Champions
2965.0,2025-10-29,2,100,13349.18,6,4,5,Champions
1840.0,2025-10-31,0,115,13347.27,6,5,5,Champions
3083.0,2025-10-13,18,109,13342.06,4,5,5,Champions
2849.0,2025-10-30,1,105,13336.65,6,5,5,Champions
4530.0,2025-10-16,15,101,13324.0,4,4,5,Champions
4813.0,2025-10-28,3,111,13322.1,6,5,5,Champions
927.0,2025-10-29,2,101,13314.36,6,4,5,Champions
1503.0,2025-10-29,2,100,13310.66,6,4,5,Champions
3293.0,2025-10-23,8,110,13308.25,5,5,5,Champions
4668.0,2025-10-16,15,111,13303.29,4,5,5,Champions
4839.0,2025-10-31,0,106,13291.42,6,5,5,Champions
3820.0,2025-10-17,14,119,13289.02,4,5,5,Champions
974.0,2025-10-12,19,102,13271.04,4,5,5,Champions
2036.0,2025-10-28,3,104,13266.03,6,5,5,Champions
3467.0,2025-10-30,1,106,13260.2,6,5,5,Champions
3568.0,2025-10-19,12,101,13260.03,4,4,5,Champions
2340.0,2025-10-23,8,98,13253.68,5,4,5,Champions
2156.0,2025-10-25,6,101,13251.24,5,4,5,Champions
2659.0,2025-10-19,12,117,13248.9,4,5,5,Champions
4867.0,2025-10-16,15,99,13243.88,4,4,5,Champions
2226.0,2025-10-27,4,102,13240.75,6,5,5,Champions
1156.0,2025-10-16,15,109,13238.23,4,5,5,Champions
1309.0,2025-10-12,19,102,13232.1,4,5,5,Champions
2346.0,2025-10-12,19,103,13231.3,4,5,5,Champions
1276.0,2025-10-19,12,111,13226.96,4,5,5,Champions
3860.0,2025-10-26,5,99,13226.35,5,4,5,Champions
4335.0,2025-10-23,8,99,13215.83,5,4,5,Champions
1589.0,2025-10-26,5,110,13214.54,5,5,5,Champions
2380.0,2025-10-29,2,113,13214.18,6,5,5,Champions
3446.0,2025-10-26,5,100,13201.74,5,4,5,Champions
2521.0,2025-10-20,11,107,13199.45,5,5,5,Champions
4871.0,2025-10-15,16,112,13199.13,4,5,5,Champions
85.0,2025-10-09,22,97,13197.87,4,4,5,Champions
1940.0,2025-10-27,4,103,13194.36,6,5,5,Champions
4922.0,2025-10-16,15,100,13185.76,4,4,5,Champions
1389.0,2025-10-28,3,103,13185.11,6,5,5,Champions
3780.0,2025-10-30,1,105,13174.39,6,5,5,Champions
571.0,2025-10-30,1,103,13171.13,6,5,5,Champions
2292.0,2025-10-27,4,104,13156.13,6,5,5,Champions
4986.0,2025-10-20,11,106,13155.95,4,5,5,Champions
3073.0,2025-10-28,3,104,13153.75,6,5,5,Champions
4860.0,2025-10-15,16,100,13149.27,4,4,5,Champions
324.0,2025-10-31,0,111,13144.88,6,5,5,Champions
4826.0,2025-10-23,8,120,13141.72,5,5,5,Champions
1893.0,2025-10-09,22,103,13140.96,4,5,5,Champions
4487.0,2025-10-19,12,102,13132.56,4,5,5,Champions
2069.0,2025-10-22,9,98,13121.81,5,4,5,Champions
4418.0,2025-10-14,17,104,13119.97,4,5,5,Champions
1485.0,2025-10-23,8,100,13111.9,5,4,5,Champions
2152.0,2025-10-29,2,96,13107.47,6,4,5,Champions
4488.0,2025-10-27,4,96,13104.38,5,4,5,Champions
3413.0,2025-10-24,7,100,13095.05,5,4,5,Champions
633.0,2025-10-25,6,107,13087.6,5,5,5,Champions
3037.0,2025-10-13,18,107,13086.02,4,5,5,Champions
2059.0,2025-10-10,21,103,13074.87,4,5,5,Champions
1056.0,2025-10-20,11,99,13064.34,5,4,5,Champions
2987.0,2025-10-11,20,97,13061.8,4,4,5,Champions
3306.0,2025-10-26,5,99,13059.77,5,4,5,Champions
4991.0,2025-10-29,2,102,13052.56,6,5,5,Champions
4877.0,2025-10-19,12,96,13049.04,4,4,5,Champions
3265.0,2025-10-22,9,108,13048.15,5,5,5,Champions
3978.0,2025-10-17,14,111,13046.02,4,5,5,Champions
647.0,2025-10-16,15,107,13041.4,4,5,5,Champions
4114.0,2025-10-21,10,107,13039.18,5,5,5,Champions
1317.0,2025-10-15,16,99,13038.5,4,4,5,Champions
1576.0,2025-10-24,7,107,13034.14,5,5,5,Champions
1550.0,2025-10-31,0,106,13021.96,6,5,5,Champions
242.0,2025-10-28,3,98,13010.57,6,4,5,Champions
2225.0,2025-10-21,10,114,13004.57,5,5,5,Champions
1314.0,2025-10-22,9,115,13004.37,5,5,5,Champions
1375.0,2025-10-27,4,109,13000.18,6,5,5,Champions
672.0,2025-10-25,6,105,12994.08,5,5,5,Champions
2949.0,2025-10-28,3,98,12991.46,6,4,5,Champions
475.0,2025-10-31,0,102,12979.75,6,5,5,Champions
1822.0,2025-10-23,8,105,12975.64,5,5,5,Champions
4288.0,2025-10-20,11,98,12974.55,5,4,5,Champions
2842.0,2025-10-31,0,104,12966.9,6,5,5,Champions
604.0,2025-10-19,12,99,12964.8,4,4,5,Champions
3752.0,2025-10-18,13,109,12959.64,4,5,5,Champions
1572.0,2025-10-14,17,98,12957.31,4,4,5,Champions
2792.0,2025-10-19,12,109,12956.15,4,5,5,Champions
2235.0,2025-10-09,22,113,12954.79,4,5,5,Champions
2800.0,2025-10-21,10,102,12954.62,5,5,5,Champions
86.0,2025-10-25,6,104,12946.42,5,5,5,Champions
897.0,2025-10-26,5,103,12945.88,5,5,5,Champions
667.0,2025-10-27,4,108,12945.35,6,5,5,Champions
2518.0,2025-10-31,0,109,12944.93,6,5,5,Champions
2887.0,2025-10-27,4,102,12944.81,6,5,5,Champions
4803.0,2025-10-22,9,98,12935.47,5,4,5,Champions
2408.0,2025-10-27,4,111,12931.0,6,5,5,Champions
2714.0,2025-10-29,2,96,12928.7,6,4,5,Champions
4639.0,2025-10-13,18,100,12923.43,4,4,5,Champions
1261.0,2025-10-24,7,119,12918.75,5,5,5,Champions
922.0,2025-10-11,20,101,12918.1,4,4,5,Champions
1311.0,2025-10-28,3,107,12914.21,6,5,5,Champions
1450.0,2025-10-22,9,100,12912.39,5,4,5,Champions
2374.0,2025-10-09,22,97,12910.26,4,4,5,Champions
2222.0,2025-10-12,19,116,12905.74,4,5,5,Champions
4704.0,2025-10-19,12,104,12903.55,4,5,5,Champions
2967.0,2025-10-30,1,98,12895.92,6,4,5,Champions
4382.0,2025-10-25,6,99,12893.73,5,4,5,Champions
1489.0,2025-10-31,0,107,12890.53,6,5,5,Champions
568.0,2025-10-31,0,111,12884.01,6,5,5,Champions
1573.0,2025-10-25,6,110,12883.95,5,5,5,Champions
1991.0,2025-10-27,4,100,12880.61,6,4,5,Champions
3057.0,2025-10-12,19,97,12879.22,4,4,5,Champions
14.0,2025-10-28,3,97,12876.27,6,4,5,Champions
2813.0,2025-10-25,6,108,12875.2,5,5,5,Champions
4252.0,2025-10-13,18,101,12874.12,4,4,5,Champions
2473.0,2025-10-31,0,98,12873.21,6,4,5,Champions
4950.0,2025-10-26,5,100,12869.77,5,4,5,Champions
3019.0,2025-10-11,20,98,12864.97,4,4,5,Champions
3650.0,2025-10-11,20,98,12864.43,4,4,5,Champions
3844.0,2025-10-11,20,102,12860.92,4,5,5,Champions
915.0,2025-10-30,1,101,12857.7,6,4,5,Champions
1955.0,2025-10-13,18,102,12856.28,4,5,5,Champions
3235.0,2025-10-31,0,96,12852.78,6,4,5,Champions
1233.0,2025-10-29,2,119,12849.8,6,5,5,Champions
3042.0,2025-10-16,15,104,12843.52,4,5,5,Champions
2303.0,2025-10-30,1,117,12836.22,6,5,5,Champions
2099.0,2025-10-18,13,97,12834.98,4,4,5,Champions
3211.0,2025-10-28,3,101,12831.71,6,4,5,Champions
3363.0,2025-10-28,3,112,12831.21,6,5,5,Champions
4036.0,2025-10-29,2,100,12819.58,6,4,5,Champions
2650.0,2025-10-21,10,110,12816.61,5,5,5,Champions
4891.0,2025-10-25,6,100,12815.44,5,4,5,Champions
1784.0,2025-10-25,6,106,12814.76,5,5,5,Champions
1201.0,2025-10-23,8,108,12814.63,5,5,5,Champions
772.0,2025-10-31,0,105,12810.49,6,5,5,Champions
1655.0,2025-10-29,2,98,12807.19,6,4,5,Champions
2759.0,2025-10-31,0,109,12805.67,6,5,5,Champions
706.0,2025-10-27,4,106,12800.61,6,5,5,Champions
4265.0,2025-10-11,20,104,12797.29,4,5,5,Champions
4538.0,2025-10-22,9,110,12796.25,5,5,5,Champions
2393.0,2025-10-27,4,101,12789.81,6,4,5,Champions
2341.0,2025-10-19,12,101,12779.64,4,4,5,Champions
2016.0,2025-10-26,5,100,12778.49,5,4,5,Champions
4504.0,2025-10-14,17,108,12772.43,4,5,5,Champions
2868.0,2025-10-26,5,99,12765.31,5,4,5,Champions
4649.0,2025-10-20,11,105,12762.9,4,5,5,Champions
4376.0,2025-10-18,13,96,12752.62,4,4,5,Champions
952.0,2025-10-24,7,105,12751.23,5,5,5,Champions
2652.0,2025-10-13,18,117,12749.75,4,5,5,Champions
2682.0,2025-10-30,1,96,12749.43,6,4,5,Champions
1425.0,2025-10-23,8,99,12744.46,5,4,5,Champions
1432.0,2025-10-25,6,102,12741.17,5,5,5,Champions
1890.0,2025-10-13,18,103,12737.6,4,5,5,Champions
4098.0,2025-10-17,14,103,12724.75,4,5,5,Champions
466.0,2025-10-31,0,98,12719.09,6,4,5,Champions
143.0,2025-10-19,12,104,12713.07,4,5,5,Champions
1475.0,2025-10-11,20,100,12711.2,4,4,5,Champions
4287.0,2025-10-31,0,104,12707.34,6,5,5,Champions
4929.0,2025-10-21,10,118,12700.93,5,5,5,Champions
3909.0,2025-10-20,11,104,12692.68,5,5,5,Champions
2584.0,2025-10-29,2,99,12677.17,6,4,5,Champions
1675.0,2025-10-21,10,97,12673.19,5,4,5,Champions
615.0,2025-10-09,22,103,12671.06,4,5,5,Champions
3275.0,2025-10-31,0,102,12670.55,6,5,5,Champions
2815.0,2025-10-22,9,98,12664.02,5,4,5,Champions
2820.0,2025-10-27,4,110,12658.44,6,5,5,Champions
3809.0,2025-10-10,21,99,12656.81,4,4,5,Champions
694.0,2025-10-16,15,101,12654.88,4,4,5,Champions
3257.0,2025-10-11,20,103,12645.16,4,5,5,Champions
4013.0,2025-10-16,15,98,12640.78,4,4,5,Champions
426.0,2025-10-27,4,110,12633.8,6,5,5,Champions
1225.0,2025-10-24,7,105,12630.13,5,5,5,Champions
474.0,2025-10-12,19,97,12629.19,4,4,5,Champions
4694.0,2025-10-23,8,106,12627.47,5,5,5,Champions
3355.0,2025-10-23,8,109,12625.07,5,5,5,Champions
2649.0,2025-10-29,2,102,12623.41,6,5,5,Champions
1773.0,2025-10-23,8,107,12621.28,5,5,5,Champions
3127.0,2025-10-20,11,105,12620.5,5,5,5,Champions
1721.0,2025-10-26,5,96,12618.84,5,4,5,Champions
748.0,2025-10-23,8,99,12611.35,5,4,5,Champions
2628.0,2025-10-18,13,99,12607.38,4,4,5,Champions
2667.0,2025-10-10,21,114,12604.51,4,5,5,Champions
2711.0,2025-10-23,8,103,12602.22,5,5,5,Champions
1246.0,2025-10-26,5,109,12598.01,5,5,5,Champions
735.0,2025-10-24,7,99,12592.87,5,4,5,Champions
3493.0,2025-10-29,2,113,12592.69,6,5,5,Champions
310.0,2025-10-16,15,104,12580.09,4,5,5,Champions
1817.0,2025-10-30,1,113,12573.92,6,5,5,Champions
389.0,2025-10-28,3,105,12572.76,6,5,5,Champions
3997.0,2025-10-24,7,98,12570.8,5,4,5,Champions
888.0,2025-10-30,1,101,12565.35,6,4,5,Champions
454.0,2025-10-16,15,107,12559.65,4,5,5,Champions
3701.0,2025-10-24,7,96,12551.0,5,4,5,Champions
137.0,2025-10-23,8,117,12548.69,5,5,5,Champions
3017.0,2025-10-27,4,99,12540.32,6,4,5,Champions
2410.0,2025-10-31,0,101,12534.73,6,4,5,Champions
3662.0,2025-10-11,20,96,12528.17,4,4,5,Champions
2892.0,2025-10-26,5,97,12524.05,5,4,5,Champions
2238.0,2025-10-10,21,98,12521.13,4,4,5,Champions
1540.0,2025-10-19,12,100,12518.6,4,4,5,Champions
831.0,2025-10-22,9,105,12509.53,5,5,5,Champions
1765.0,2025-10-26,5,117,12508.38,5,5,5,Champions
1906.0,2025-10-25,6,100,12505.96,5,4,5,Champions
903.0,2025-10-31,0,118,12505.79,6,5,5,Champions
370.0,2025-10-16,15,97,12500.5,4,4,5,Champions
4995.0,2025-10-28,3,97,12499.15,6,4,5,Champions
3896.0,2025-10-23,8,103,12496.67,5,5,5,Champions
3803.0,2025-10-23,8,102,12495.2,5,5,5,Champions
4106.0,2025-10-29,2,96,12495.13,6,4,4,Champions
3764.0,2025-10-27,4,102,12493.6,6,5,4,Champions
3091.0,2025-10-31,0,97,12489.28,6,4,4,Champions
3491.0,2025-10-26,5,98,12487.6,5,4,4,Champions
3197.0,2025-10-26,5,103,12482.6,5,5,4,Champions
843.0,2025-10-31,0,100,12474.25,6,4,4,Champions
3155.0,2025-10-28,3,96,12474.0,6,4,4,Champions
1683.0,2025-10-25,6,105,12469.1,5,5,4,Champions
3871.0,2025-10-15,16,104,12467.77,4,5,4,Champions
1284.0,2025-10-27,4,113,12467.67,6,5,4,Champions
2042.0,2025-10-31,0,97,12465.59,6,4,4,Champions
375.0,2025-10-30,1,99,12464.08,6,4,4,Champions
4231.0,2025-10-11,20,108,12457.08,4,5,4,Champions
4536.0,2025-10-23,8,100,12456.49,5,4,4,Champions
2781.0,2025-10-16,15,103,12456.02,4,5,4,Champions
4432.0,2025-10-25,6,114,12454.33,5,5,4,Champions
3905.0,2025-10-16,15,101,12452.16,4,4,4,Champions
2209.0,2025-10-31,0,102,12450.03,6,5,4,Champions
2737.0,2025-10-31,0,100,12446.86,6,4,4,Champions
1334.0,2025-10-27,4,103,12446.44,6,5,4,Champions
3623.0,2025-10-20,11,101,12439.62,5,4,4,Champions
3926.0,2025-10-18,13,102,12438.51,4,5,4,Champions
1292.0,2025-10-25,6,100,12437.33,5,4,4,Champions
4070.0,2025-10-31,0,100,12432.88,6,4,4,Champions
3514.0,2025-10-19,12,96,12432.12,4,4,4,Champions
1440.0,2025-10-24,7,104,12429.46,5,5,4,Champions
1595.0,2025-10-29,2,105,12428.05,6,5,4,Champions
2039.0,2025-10-25,6,109,12424.96,5,5,4,Champions
1643.0,2025-10-18,13,102,12416.83,4,5,4,Champions
2242.0,2025-10-23,8,106,12416.01,5,5,4,Champions
201.0,2025-10-13,18,100,12413.66,4,4,4,Champions
39.0,2025-10-30,1,103,12410.72,6,5,4,Champions
489.0,2025-10-23,8,106,12406.18,5,5,4,Champions
4593.0,2025-10-24,7,104,12403.39,5,5,4,Champions
3836.0,2025-10-12,19,100,12394.86,4,4,4,Champions
1847.0,2025-10-28,3,101,12387.58,6,4,4,Champions
4836.0,2025-10-28,3,113,12385.58,6,5,4,Champions
1403.0,2025-10-10,21,97,12380.68,4,4,4,Champions
4801.0,2025-10-27,4,96,12380.24,5,4,4,Champions
1734.0,2025-10-16,15,104,12378.17,4,5,4,Champions
2347.0,2025-10-24,7,100,12377.13,5,4,4,Champions
1712.0,2025-10-24,7,99,12374.28,5,4,4,Champions
3854.0,2025-10-24,7,108,12373.81,5,5,4,Champions
3342.0,2025-10-25,6,100,12366.56,5,4,4,Champions
94.0,2025-10-24,7,109,12358.42,5,5,4,Champions
3986.0,2025-10-31,0,99,12355.91,6,4,4,Champions
2989.0,2025-10-25,6,107,12351.34,5,5,4,Champions
4865.0,2025-10-27,4,98,12349.97,5,4,4,Champions
2755.0,2025-10-18,13,100,12349.41,4,4,4,Champions
1210.0,2025-10-29,2,102,12347.1,6,5,4,Champions
3296.0,2025-10-28,3,100,12346.92,6,4,4,Champions
624.0,2025-10-22,9,115,12345.65,5,5,4,Champions
3411.0,2025-10-14,17,104,12345.61,4,5,4,Champions
3107.0,2025-10-31,0,107,12342.38,6,5,4,Champions
156.0,2025-10-18,13,103,12341.82,4,5,4,Champions
3392.0,2025-10-29,2,102,12338.84,6,5,4,Champions
4368.0,2025-10-22,9,99,12332.99,5,4,4,Champions
1997.0,2025-10-28,3,102,12330.97,6,5,4,Champions
4851.0,2025-10-23,8,97,12329.1,5,4,4,Champions
872.0,2025-10-31,0,104,12328.84,6,5,4,Champions
4740.0,2025-10-22,9,101,12327.26,5,5,4,Champions
3400.0,2025-10-31,0,106,12325.2,6,5,4,Champions
574.0,2025-10-31,0,99,12323.81,6,4,4,Champions
4176.0,2025-10-26,5,105,12323.7,5,5,4,Champions
2028.0,2025-10-17,14,96,12320.41,4,4,4,Champions
2523.0,2025-10-29,2,116,12317.41,6,5,4,Champions
199.0,2025-10-15,16,104,12317.38,4,5,4,Champions
3961.0,2025-10-31,0,97,12315.22,6,4,4,Champions
4188.0,2025-10-11,20,96,12314.52,4,4,4,Champions
1766.0,2025-10-24,7,102,12313.95,5,5,4,Champions
2592.0,2025-10-12,19,97,12306.06,4,4,4,Champions
1434.0,2025-10-11,20,102,12298.74,4,5,4,Champions
3436.0,2025-10-22,9,108,12298.56,5,5,4,Champions
3340.0,2025-10-17,14,111,12297.03,4,5,4,Champions
4191.0,2025-10-17,14,107,12290.15,4,5,4,Champions
621.0,2025-10-12,19,98,12287.03,4,4,4,Champions
152.0,2025-10-19,12,105,12282.77,4,5,4,Champions
279.0,2025-10-31,0,107,12279.24,6,5,4,Champions
1369.0,2025-10-29,2,104,12277.85,6,5,4,Champions
3989.0,2025-10-16,15,110,12272.73,4,5,4,Champions
2157.0,2025-10-26,5,96,12268.28,5,4,4,Champions
4479.0,2025-10-24,7,98,12262.91,5,4,4,Champions
87.0,2025-10-18,13,104,12261.54,4,5,4,Champions
1866.0,2025-10-12,19,111,12259.28,4,5,4,Champions
4721.0,2025-10-28,3,106,12250.07,6,5,4,Champions
3920.0,2025-10-30,1,99,12243.22,6,4,4,Champions
3774.0,2025-10-22,9,99,12241.76,5,4,4,Champions
365.0,2025-10-22,9,100,12240.38,5,4,4,Champions
648.0,2025-10-26,5,109,12239.42,5,5,4,Champions
3038.0,2025-10-29,2,109,12238.11,6,5,4,Champions
1687.0,2025-10-26,5,106,12233.36,5,5,4,Champions
1986.0,2025-10-12,19,101,12220.79,4,4,4,Champions
1459.0,2025-10-20,11,98,12218.67,5,4,4,Champions
1664.0,2025-10-29,2,97,12217.59,6,4,4,Champions
841.0,2025-10-18,13,97,12217.19,4,4,4,Champions
4677.0,2025-10-31,0,99,12215.76,6,4,4,Champions
666.0,2025-10-26,5,105,12215.34,5,5,4,Champions
3056.0,2025-10-21,10,100,12214.12,5,4,4,Champions
3461.0,2025-10-31,0,96,12213.45,6,4,4,Champions
2569.0,2025-10-29,2,107,12208.78,6,5,4,Champions
2673.0,2025-10-11,20,98,12204.61,4,4,4,Champions
2487.0,2025-10-12,19,103,12203.7,4,5,4,Champions
677.0,2025-10-23,8,104,12203.53,5,5,4,Champions
4323.0,2025-10-26,5,100,12194.3,5,4,4,Champions
4946.0,2025-10-29,2,109,12184.19,6,5,4,Champions
688.0,2025-10-29,2,104,12183.86,6,5,4,Champions
1449.0,2025-10-27,4,108,12183.78,6,5,4,Champions
2194.0,2025-10-12,19,98,12178.67,4,4,4,Champions
1027.0,2025-10-29,2,108,12175.3,6,5,4,Champions
239.0,2025-10-22,9,115,12174.78,5,5,4,Champions
3391.0,2025-10-19,12,106,12174.5,4,5,4,Champions
949.0,2025-10-25,6,106,12170.18,5,5,4,Champions
2363.0,2025-10-11,20,98,12169.05,4,4,4,Champions
3840.0,2025-10-28,3,105,12169.02,6,5,4,Champions
1829.0,2025-10-25,6,99,12165.85,5,4,4,Champions
3002.0,2025-10-22,9,107,12164.8,5,5,4,Champions
342.0,2025-10-18,13,97,12158.51,4,4,4,Champions
3081.0,2025-10-09,22,100,12158.16,4,4,4,Champions
2575.0,2025-10-16,15,98,12157.93,4,4,4,Champions
218.0,2025-10-31,0,104,12156.52,6,5,4,Champions
3498.0,2025-10-17,14,102,12155.64,4,5,4,Champions
4247.0,2025-10-12,19,96,12154.77,4,4,4,Champions
1753.0,2025-10-15,16,98,12152.86,4,4,4,Champions
1848.0,2025-10-31,0,107,12148.31,6,5,4,Champions
599.0,2025-10-19,12,98,12142.19,4,4,4,Champions
1247.0,2025-10-17,14,102,12133.73,4,5,4,Champions
92.0,2025-10-09,22,101,12119.83,4,4,4,Champions
2677.0,2025-10-23,8,99,12114.29,5,4,4,Champions
2708.0,2025-10-28,3,105,12105.2,6,5,4,Champions
3420.0,2025-10-13,18,96,12102.88,4,4,4,Champions
2079.0,2025-10-14,17,114,12097.77,4,5,4,Champions
1206.0,2025-10-22,9,98,12091.75,5,4,4,Champions
3749.0,2025-10-25,6,98,12088.66,5,4,4,Champions
4392.0,2025-10-19,12,108,12078.58,4,5,4,Champions
4412.0,2025-10-31,0,115,12078.0,6,5,4,Champions
3118.0,2025-10-16,15,107,12077.76,4,5,4,Champions
2182.0,2025-10-24,7,106,12076.89,5,5,4,Champions
1830.0,2025-10-28,3,98,12073.54,6,4,4,Champions
4791.0,2025-10-12,19,105,12069.84,4,5,4,Champions
3421.0,2025-10-24,7,109,12054.66,5,5,4,Champions
2018.0,2025-10-26,5,106,12051.98,5,5,4,Champions
2856.0,2025-10-27,4,103,12051.17,6,5,4,Champions
3478.0,2025-10-21,10,101,12049.86,5,4,4,Champions
4647.0,2025-10-23,8,110,12046.55,5,5,4,Champions
3028.0,2025-10-31,0,99,12046.52,6,4,4,Champions
3283.0,2025-10-30,1,96,12045.33,6,4,4,Champions
3557.0,2025-10-11,20,106,12031.46,4,5,4,Champions
381.0,2025-10-28,3,98,12028.55,6,4,4,Champions
1398.0,2025-10-29,2,103,12027.92,6,5,4,Champions
4431.0,2025-10-31,0,99,12027.7,6,4,4,Champions
1353.0,2025-10-29,2,98,12017.0,6,4,4,Champions
769.0,2025-10-22,9,111,12006.49,5,5,4,Champions
758.0,2025-10-12,19,103,11993.86,4,5,4,Champions
3110.0,2025-10-29,2,105,11986.17,6,5,4,Champions
2852.0,2025-10-14,17,103,11982.47,4,5,4,Champions
3210.0,2025-10-17,14,96,11982.21,4,4,4,Champions
4913.0,2025-10-18,13,102,11973.43,4,5,4,Champions
4553.0,2025-10-30,1,107,11972.75,6,5,4,Champions
1287.0,2025-10-31,0,98,11971.15,6,4,4,Champions
2043.0,2025-10-18,13,100,11970.17,4,4,4,Champions
2081.0,2025-10-25,6,101,11959.14,5,4,4,Champions
2208.0,2025-10-14,17,99,11957.45,4,4,4,Champions
4876.0,2025-10-23,8,107,11956.73,5,5,4,Champions
507.0,2025-10-18,13,103,11953.49,4,5,4,Champions
3572.0,2025-10-30,1,96,11953.34,6,4,4,Champions
4655.0,2025-10-28,3,96,11951.29,6,4,4,Champions
1365.0,2025-10-19,12,112,11945.77,4,5,4,Champions
3645.0,2025-10-25,6,98,11943.73,5,4,4,Champions
4065.0,2025-10-29,2,99,11941.96,6,4,4,Champions
2086.0,2025-10-22,9,98,11938.11,5,4,4,Champions
3583.0,2025-10-26,5,111,11937.13,5,5,4,Champions
2470.0,2025-10-21,10,99,11936.07,5,4,4,Champions
3140.0,2025-10-16,15,103,11935.17,4,5,4,Champions
4180.0,2025-10-25,6,106,11932.28,5,5,4,Champions
4193.0,2025-10-14,17,103,11932.08,4,5,4,Champions
136.0,2025-10-17,14,102,11929.84,4,5,4,Champions
3365.0,2025-10-27,4,96,11910.74,6,4,4,Champions
3089.0,2025-10-23,8,100,11902.14,5,4,4,Champions
3266.0,2025-10-28,3,109,11897.36,6,5,4,Champions
1507.0,2025-10-12,19,105,11896.46,4,5,4,Champions
3324.0,2025-10-31,0,104,11893.99,6,5,4,Champions
2840.0,2025-10-27,4,102,11888.28,6,5,4,Champions
3134.0,2025-10-29,2,99,11887.78,6,4,4,Champions
463.0,2025-10-30,1,100,11887.26,6,4,4,Champions
4648.0,2025-10-20,11,103,11885.02,4,5,4,Champions
2212.0,2025-10-31,0,101,11883.99,6,4,4,Champions
147.0,2025-10-17,14,109,11877.51,4,5,4,Champions
4122.0,2025-10-23,8,100,11874.3,5,4,4,Champions
2839.0,2025-10-30,1,109,11868.93,6,5,4,Champions
2793.0,2025-10-21,10,99,11868.5,5,4,4,Champions
214.0,2025-10-10,21,98,11866.2,4,4,4,Champions
1984.0,2025-10-22,9,101,11864.52,5,4,4,Champions
4110.0,2025-10-31,0,96,11857.35,6,4,4,Champions
3512.0,2025-10-30,1,103,11851.71,6,5,4,Champions
4043.0,2025-10-10,21,113,11847.87,4,5,4,Champions
481.0,2025-10-31,0,101,11847.03,6,4,4,Champions
2416.0,2025-10-23,8,106,11842.28,5,5,4,Champions
1100.0,2025-10-30,1,98,11840.64,6,4,4,Champions
3874.0,2025-10-18,13,116,11835.05,4,5,4,Champions
2595.0,2025-10-19,12,115,11834.32,4,5,4,Champions
2918.0,2025-10-10,21,101,11832.83,4,4,4,Champions
3183.0,2025-10-28,3,97,11830.85,6,4,4,Champions
1031.0,2025-10-21,10,107,11829.57,5,5,4,Champions
276.0,2025-10-14,17,108,11827.54,4,5,4,Champions
1298.0,2025-10-19,12,100,11827.17,4,4,4,Champions
2880.0,2025-10-30,1,99,11823.32,6,4,4,Champions
2798.0,2025-10-23,8,105,11820.28,5,5,4,Champions
1926.0,2025-10-25,6,105,11813.45,5,5,4,Champions
3052.0,2025-10-20,11,102,11808.62,5,5,4,Champions
1813.0,2025-10-18,13,100,11804.51,4,4,4,Champions
1560.0,2025-10-23,8,99,11804.46,5,4,4,Champions
2830.0,2025-10-11,20,112,11803.99,4,5,4,Champions
2336.0,2025-10-28,3,96,11803.48,6,4,4,Champions
4100.0,2025-10-21,10,104,11802.04,5,5,4,Champions
4637.0,2025-10-26,5,97,11800.82,5,4,4,Champions
3624.0,2025-10-15,16,101,11800.68,4,4,4,Champions
1716.0,2025-10-13,18,98,11792.91,4,4,4,Champions
2141.0,2025-10-15,16,101,11790.14,4,4,4,Champions
2526.0,2025-10-28,3,113,11783.94,6,5,4,Champions
2684.0,2025-10-14,17,97,11782.29,4,4,4,Champions
1677.0,2025-10-26,5,97,11778.44,5,4,4,Champions
1437.0,2025-10-29,2,97,11772.61,6,4,4,Champions
535.0,2025-10-18,13,98,11765.52,4,4,4,Champions
1498.0,2025-10-11,20,96,11763.69,4,4,4,Champions
105.0,2025-10-28,3,103,11763.57,6,5,4,Champions
542.0,2025-10-23,8,98,11759.71,5,4,4,Champions
4757.0,2025-10-29,2,97,11759.37,6,4,4,Champions
1453.0,2025-10-11,20,97,11754.66,4,4,4,Champions
508.0,2025-10-19,12,107,11750.29,4,5,4,Champions
1035.0,2025-10-22,9,103,11749.28,5,5,4,Champions
63.0,2025-10-29,2,100,11748.36,6,4,4,Champions
4318.0,2025-10-11,20,97,11743.4,4,4,4,Champions
1358.0,2025-10-27,4,103,11740.87,6,5,4,Champions
3965.0,2025-10-27,4,100,11734.52,6,4,4,Champions
4333.0,2025-10-26,5,101,11732.16,5,4,4,Champions
639.0,2025-10-21,10,103,11720.32,5,5,4,Champions
70.0,2025-10-11,20,107,11718.64,4,5,4,Champions
1086.0,2025-10-30,1,104,11715.15,6,5,4,Champions
3456.0,2025-10-29,2,102,11714.34,6,5,4,Champions
3195.0,2025-10-29,2,110,11713.75,6,5,4,Champions
1542.0,2025-10-30,1,96,11711.49,6,4,4,Champions
1711.0,2025-10-31,0,107,11706.58,6,5,4,Champions
1718.0,2025-10-29,2,103,11705.42,6,5,4,Champions
626.0,2025-10-10,21,99,11705.01,4,4,4,Champions
3343.0,2025-10-26,5,110,11700.97,5,5,4,Champions
447.0,2025-10-23,8,97,11700.25,5,4,4,Champions
2479.0,2025-10-12,19,104,11699.59,4,5,4,Champions
4944.0,2025-10-17,14,105,11695.98,4,5,4,Champions
4331.0,2025-10-26,5,111,11695.84,5,5,4,Champions
2874.0,2025-10-12,19,96,11691.06,4,4,4,Champions
3880.0,2025-10-30,1,96,11690.81,6,4,4,Champions
1401.0,2025-10-30,1,113,11688.44,6,5,4,Champions
4651.0,2025-10-22,9,103,11686.76,5,5,4,Champions
4490.0,2025-10-25,6,104,11682.14,5,5,4,Champions
1912.0,2025-10-18,13,98,11681.7,4,4,4,Champions
2581.0,2025-10-27,4,104,11669.36,6,5,4,Champions
4493.0,2025-10-15,16,102,11653.43,4,5,4,Champions
3238.0,2025-10-22,9,107,11651.56,5,5,4,Champions
940.0,2025-10-12,19,100,11651.18,4,4,4,Champions
195.0,2025-10-11,20,110,11642.71,4,5,4,Champions
1981.0,2025-10-24,7,106,11641.32,5,5,4,Champions
596.0,2025-10-26,5,103,11637.94,5,5,4,Champions
5000.0,2025-10-14,17,102,11637.86,4,5,4,Champions
1057.0,2025-10-22,9,101,11635.82,5,4,4,Champions
2669.0,2025-10-26,5,103,11633.28,5,5,4,Champions
3943.0,2025-10-19,12,99,11631.77,4,4,4,Champions
1480.0,2025-10-22,9,98,11625.35,5,4,4,Champions
2877.0,2025-10-12,19,96,11625.26,4,4,4,Champions
3247.0,2025-10-19,12,103,11621.16,4,5,4,Champions
2729.0,2025-10-30,1,103,11620.35,6,5,4,Champions
1894.0,2025-10-30,1,100,11619.57,6,4,4,Champions
1751.0,2025-10-09,22,110,11616.19,4,5,4,Champions
2429.0,2025-10-18,13,107,11615.7,4,5,4,Champions
3724.0,2025-10-22,9,96,11613.83,5,4,4,Champions
2073.0,2025-10-20,11,102,11592.01,5,5,4,Champions
3973.0,2025-10-11,20,97,11592.0,4,4,4,Champions
4320.0,2025-10-21,10,104,11588.51,5,5,4,Champions
4413.0,2025-10-18,13,96,11583.4,4,4,4,Champions
961.0,2025-10-20,11,101,11579.9,5,4,4,Champions
2846.0,2025-10-29,2,97,11579.56,6,4,4,Champions
4834.0,2025-10-17,14,100,11573.13,4,4,4,Champions
3588.0,2025-10-25,6,111,11570.76,5,5,4,Champions
2239.0,2025-10-28,3,111,11569.96,6,5,4,Champions
3633.0,2025-10-23,8,98,11538.7,5,4,4,Champions
4618.0,2025-10-30,1,98,11536.47,6,4,4,Champions
4454.0,2025-10-19,12,101,11535.94,4,4,4,Champions
3885.0,2025-10-24,7,101,11527.07,5,4,4,Champions
1954.0,2025-10-24,7,106,11522.98,5,5,4,Champions
2291.0,2025-10-30,1,98,11522.12,6,4,4,Champions
4046.0,2025-10-24,7,99,11517.92,5,4,4,Champions
257.0,2025-10-31,0,101,11517.79,6,4,4,Champions
3767.0,2025-10-29,2,97,11513.81,6,4,4,Champions
4297.0,2025-10-12,19,103,11507.96,4,5,4,Champions
3261.0,2025-10-26,5,97,11507.2,5,4,4,Champions
27.0,2025-10-09,22,102,11505.4,4,5,4,Champions
170.0,2025-10-20,11,102,11501.92,5,5,4,Champions
4399.0,2025-10-11,20,99,11485.97,4,4,4,Champions
2921.0,2025-10-26,5,98,11472.88,5,4,4,Champions
2959.0,2025-10-28,3,106,11471.9,6,5,4,Champions
1114.0,2025-10-20,11,102,11470.89,5,5,4,Champions
3273.0,2025-10-31,0,102,11460.34,6,5,4,Champions
2841.0,2025-10-25,6,106,11445.1,5,5,4,Champions
2615.0,2025-10-31,0,103,11445.07,6,5,4,Champions
2791.0,2025-10-23,8,97,11444.36,5,4,4,Champions
4390.0,2025-10-15,16,101,11443.16,4,4,4,Champions
496.0,2025-10-27,4,100,11440.27,6,4,4,Champions
3452.0,2025-10-10,21,97,11436.87,4,4,4,Champions
3179.0,2025-10-28,3,96,11436.44,6,4,4,Champions
1006.0,2025-10-28,3,97,11431.68,6,4,4,Champions
2884.0,2025-10-12,19,98,11427.64,4,4,4,Champions
11.0,2025-10-19,12,99,11427.49,4,4,4,Champions
3099.0,2025-10-24,7,101,11426.01,5,4,4,Champions
1310.0,2025-10-27,4,108,11425.54,6,5,4,Champions
1702.0,2025-10-23,8,104,11425.35,5,5,4,Champions
1190.0,2025-10-16,15,104,11423.6,4,5,4,Champions
3832.0,2025-10-28,3,104,11421.92,6,5,4,Champions
3441.0,2025-10-25,6,96,11421.43,5,4,4,Champions
4789.0,2025-10-29,2,97,11421.2,6,4,4,Champions
4142.0,2025-10-14,17,103,11419.13,4,5,4,Champions
4438.0,2025-10-19,12,102,11415.66,4,5,4,Champions
3326.0,2025-10-12,19,99,11410.53,4,4,4,Champions
3531.0,2025-10-31,0,101,11408.58,6,4,4,Champions
417.0,2025-10-12,19,97,11405.88,4,4,4,Champions
767.0,2025-10-28,3,110,11405.37,6,5,4,Champions
4793.0,2025-10-25,6,99,11404.84,5,4,4,Champions
3604.0,2025-10-26,5,105,11399.49,5,5,4,Champions
2639.0,2025-10-25,6,96,11396.27,5,4,4,Champions
2355.0,2025-10-18,13,99,11389.53,4,4,4,Champions
46.0,2025-10-26,5,97,11385.59,5,4,4,Champions
1867.0,2025-10-28,3,95,15852.97,6,3,5,Lost
3794.0,2025-10-28,3,92,15638.46,6,3,5,Lost
4840.0,2025-10-27,4,95,15461.05,5,3,5,Lost
4248.0,2025-10-24,7,95,15242.07,5,3,5,Lost
34.0,2025-10-15,16,96,14792.32,4,3,5,Lost
4563.0,2025-10-29,2,95,14752.54,6,3,5,Lost
243.0,2025-10-27,4,94,14744.18,6,3,5,Lost
1104.0,2025-10-11,20,95,14715.05,4,3,5,Lost
3972.0,2025-10-14,17,95,14702.64,4,3,5,Lost
1102.0,2025-10-26,5,95,14635.82,5,3,5,Lost
2161.0,2025-10-24,7,94,14630.14,5,3,5,Lost
656.0,2025-10-21,10,96,14620.44,5,3,5,Lost
1096.0,2025-10-26,5,93,14587.29,5,3,5,Lost
4245.0,2025-09-28,33,94,14570.44,3,3,5,Lost
3430.0,2025-10-24,7,92,14515.66,5,3,5,Lost
807.0,2025-10-19,12,83,14460.48,4,1,5,Lost
337.0,2025-10-25,6,95,14451.88,5,3,5,Lost
540.0,2025-10-21,10,96,14441.31,5,3,5,Lost
590.0,2025-10-06,25,96,14411.05,3,3,5,Lost
2432.0,2025-10-07,24,89,14408.65,3,2,5,Lost
1948.0,2025-10-03,28,93,14396.08,3,3,5,Lost
2015.0,2025-09-29,32,93,14371.41,3,3,5,Lost
1692.0,2025-10-29,2,80,14343.47,6,1,5,Lost
1728.0,2025-10-25,6,91,14323.7,5,2,5,Lost
4343.0,2025-09-23,38,88,14256.43,3,2,5,Lost
3331.0,2025-10-22,9,91,14227.88,5,3,5,Lost
366.0,2025-09-26,35,95,14195.34,3,3,5,Lost
4212.0,2025-10-16,15,93,14184.32,4,3,5,Lost
2252.0,2025-10-26,5,92,14183.56,5,3,5,Lost
2744.0,2025-10-10,21,92,14178.85,4,3,5,Lost
3495.0,2025-10-01,30,95,14159.26,3,3,5,Lost
2359.0,2025-10-15,16,94,14149.5,4,3,5,Lost
3801.0,2025-10-30,1,94,14129.0,6,3,5,Lost
4959.0,2025-10-31,0,93,14101.77,6,3,5,Lost
4088.0,2025-09-29,32,92,14097.99,3,3,5,Lost
2512.0,2025-10-19,12,95,14084.09,4,3,5,Lost
1143.0,2025-10-26,5,90,14066.67,5,2,5,Lost
4811.0,2025-09-27,34,89,14064.96,3,2,5,Lost
3209.0,2025-10-09,22,89,14063.01,4,2,5,Lost
492.0,2025-10-19,12,95,14044.66,4,3,5,Lost
713.0,2025-10-28,3,90,14003.15,6,2,5,Lost
4117.0,2025-10-28,3,95,13955.3,6,3,5,Lost
1706.0,2025-09-27,34,86,13947.82,3,2,5,Lost
190.0,2025-10-12,19,90,13945.26,4,2,5,Lost
3795.0,2025-10-23,8,95,13889.46,5,3,5,Lost
4675.0,2025-10-24,7,94,13882.71,5,3,5,Lost
2288.0,2025-10-26,5,91,13799.28,5,3,5,Lost
3979.0,2025-10-21,10,94,13749.43,5,3,5,Lost
1583.0,2025-10-23,8,92,13742.5,5,3,5,Lost
1177.0,2025-10-25,6,94,13741.53,5,3,5,Lost
1701.0,2025-10-11,20,93,13733.02,4,3,5,Lost
1537.0,2025-10-18,13,89,13703.7,4,2,5,Lost
4513.0,2025-09-29,32,94,13691.59,3,3,5,Lost
130.0,2025-10-19,12,90,13662.97,4,2,5,Lost
738.0,2025-10-24,7,92,13658.79,5,3,5,Lost
4315.0,2025-10-02,29,94,13645.47,3,3,5,Lost
4534.0,2025-10-11,20,91,13632.77,4,3,5,Lost
4022.0,2025-10-03,28,94,13595.4,3,3,5,Lost
4039.0,2025-10-26,5,87,13578.35,5,2,5,Lost
4784.0,2025-10-22,9,90,13577.19,5,2,5,Lost
260.0,2025-10-23,8,91,13533.59,5,2,5,Lost
4798.0,2025-10-16,15,89,13532.78,4,2,5,Lost
4735.0,2025-10-27,4,91,13517.97,5,3,5,Lost
3790.0,2025-10-11,20,89,13497.73,4,2,5,Lost
4586.0,2025-10-08,23,90,13497.38,3,2,5,Lost
340.0,2025-10-22,9,92,13480.61,5,3,5,Lost
4864.0,2025-10-05,26,94,13426.09,3,3,5,Lost
437.0,2025-09-30,31,88,13386.59,3,2,5,Lost
3426.0,2025-09-29,32,95,13363.22,3,3,5,Lost
2939.0,2025-10-20,11,91,13351.04,5,3,5,Lost
766.0,2025-10-28,3,93,13347.05,6,3,5,Lost
1273.0,2025-10-27,4,94,13343.88,6,3,5,Lost
632.0,2025-10-19,12,90,13334.38,4,2,5,Lost
978.0,2025-10-22,9,96,13321.15,5,3,5,Lost
942.0,2025-10-19,12,91,13317.0,4,2,5,Lost
464.0,2025-10-23,8,94,13301.78,5,3,5,Lost
20.0,2025-10-28,3,90,13282.6,6,2,5,Lost
124.0,2025-10-22,9,84,13278.14,5,1,5,Lost
3156.0,2025-10-27,4,95,13271.69,6,3,5,Lost
3515.0,2025-10-31,0,91,13262.31,6,3,5,Lost
4525.0,2025-10-18,13,94,13261.41,4,3,5,Lost
3170.0,2025-10-30,1,90,13259.53,6,2,5,Lost
1791.0,2025-09-27,34,92,13237.08,3,3,5,Lost
4643.0,2025-10-21,10,89,13228.02,5,2,5,Lost
2911.0,2025-10-24,7,91,13224.2,5,3,5,Lost
2385.0,2025-10-17,14,94,13219.07,4,3,5,Lost
4211.0,2025-10-28,3,90,13216.23,6,2,5,Lost
2317.0,2025-09-29,32,93,13211.87,3,3,5,Lost
3706.0,2025-10-01,30,90,13204.08,3,2,5,Lost
315.0,2025-10-30,1,94,13194.43,6,3,5,Lost
3007.0,2025-10-22,9,95,13190.4,5,3,5,Lost
4152.0,2025-10-17,14,95,13180.25,4,3,5,Lost
3485.0,2025-10-28,3,92,13176.21,6,3,5,Lost
665.0,2025-10-20,11,92,13175.07,5,3,5,Lost
1493.0,2025-10-30,1,87,13169.54,6,2,5,Lost
4762.0,2025-10-25,6,93,13165.19,5,3,5,Lost
3464.0,2025-10-08,23,94,13163.32,3,3,5,Lost
733.0,2025-10-25,6,91,13161.09,5,2,5,Lost
3870.0,2025-10-25,6,91,13152.54,5,3,5,Lost
38.0,2025-10-25,6,78,13144.13,5,1,5,Lost
308.0,2025-10-19,12,88,13124.23,4,2,5,Lost
3412.0,2025-10-20,11,95,13119.1,5,3,5,Lost
1007.0,2025-10-11,20,91,13111.8,4,2,5,Lost
3784.0,2025-10-09,22,91,13108.95,3,3,5,Lost
3416.0,2025-10-05,26,90,13101.84,3,2,5,Lost
502.0,2025-10-29,2,91,13096.65,6,2,5,Lost
4819.0,2025-10-22,9,93,13081.35,5,3,5,Lost
3144.0,2025-10-08,23,90,13080.72,3,2,5,Lost
3791.0,2025-10-15,16,90,13080.63,4,2,5,Lost
2843.0,2025-10-29,2,86,13073.28,6,2,5,Lost
545.0,2025-10-28,3,92,13071.59,6,3,5,Lost
1951.0,2025-10-31,0,93,13070.42,6,3,5,Lost
2056.0,2025-10-21,10,94,13069.24,5,3,5,Lost
3228.0,2025-10-31,0,94,13066.08,6,3,5,Lost
1564.0,2025-10-11,20,79,13049.69,4,1,5,Lost
157.0,2025-10-20,11,94,13031.73,5,3,5,Lost
1641.0,2025-10-19,12,91,13027.84,4,2,5,Lost
2199.0,2025-10-11,20,86,13027.45,4,2,5,Lost
899.0,2025-10-16,15,92,13023.68,4,3,5,Lost
1496.0,2025-10-12,19,90,13021.81,4,2,5,Lost
2246.0,2025-10-17,14,91,13006.46,4,3,5,Lost
4081.0,2025-10-13,18,91,12996.54,4,3,5,Lost
2228.0,2025-10-27,4,90,12982.83,6,2,5,Lost
4280.0,2025-10-25,6,92,12980.61,5,3,5,Lost
1845.0,2025-10-09,22,92,12972.57,4,3,5,Lost
2992.0,2025-10-24,7,84,12964.06,5,1,5,Lost
3520.0,2025-10-31,0,92,12958.5,6,3,5,Lost
2164.0,2025-10-27,4,94,12948.36,6,3,5,Lost
240.0,2025-09-27,34,96,12945.6,3,3,5,Lost
2860.0,2025-10-30,1,85,12935.61,6,1,5,Lost
4667.0,2025-10-28,3,92,12934.38,6,3,5,Lost
1969.0,2025-10-22,9,86,12926.67,5,2,5,Lost
4745.0,2025-10-10,21,91,12910.67,4,3,5,Lost
782.0,2025-10-09,22,93,12901.53,4,3,5,Lost
2638.0,2025-10-12,19,94,12901.09,4,3,5,Lost
3555.0,2025-10-08,23,94,12881.3,3,3,5,Lost
1250.0,2025-10-28,3,92,12878.21,6,3,5,Lost
3744.0,2025-10-31,0,95,12864.12,6,3,5,Lost
2300.0,2025-10-26,5,88,12862.28,5,2,5,Lost
2400.0,2025-10-08,23,90,12860.35,3,2,5,Lost
1411.0,2025-10-31,0,94,12849.44,6,3,5,Lost
472.0,2025-10-09,22,96,12846.43,4,3,5,Lost
805.0,2025-10-13,18,95,12843.34,4,3,5,Lost
1786.0,2025-10-29,2,88,12840.67,6,2,5,Lost
2269.0,2025-10-30,1,94,12815.6,6,3,5,Lost
2983.0,2025-10-13,18,92,12804.88,4,3,5,Lost
84.0,2025-09-29,32,81,12784.46,3,1,5,Lost
3715.0,2025-10-10,21,95,12780.64,4,3,5,Lost
3995.0,2025-10-31,0,92,12778.46,6,3,5,Lost
3563.0,2025-10-18,13,93,12767.18,4,3,5,Lost
4954.0,2025-10-30,1,90,12763.03,6,2,5,Lost
458.0,2025-10-26,5,95,12756.49,5,3,5,Lost
1226.0,2025-10-07,24,90,12750.6,3,2,5,Lost
2248.0,2025-10-18,13,94,12750.53,4,3,5,Lost
4521.0,2025-10-12,19,94,12730.85,4,3,5,Lost
822.0,2025-10-17,14,92,12729.04,4,3,5,Lost
4130.0,2025-10-24,7,88,12724.9,5,2,5,Lost
3483.0,2025-10-11,20,88,12722.11,4,2,5,Lost
4270.0,2025-10-18,13,94,12712.15,4,3,5,Lost
2938.0,2025-10-10,21,92,12700.83,4,3,5,Lost
4421.0,2025-10-31,0,89,12694.2,6,2,5,Lost
2953.0,2025-09-25,36,83,12693.23,3,1,5,Lost
1715.0,2025-10-21,10,93,12693.05,5,3,5,Lost
926.0,2025-10-09,22,96,12686.54,4,3,5,Lost
4047.0,2025-10-27,4,88,12682.25,6,2,5,Lost
1308.0,2025-10-03,28,77,12674.17,3,1,5,Lost
206.0,2025-09-29,32,94,12671.07,3,3,5,Lost
4224.0,2025-10-04,27,90,12667.18,3,2,5,Lost
3673.0,2025-10-29,2,92,12662.67,6,3,5,Lost
3682.0,2025-10-01,30,95,12661.34,3,3,5,Lost
2011.0,2025-10-04,27,95,12655.84,3,3,5,Lost
302.0,2025-10-22,9,88,12652.5,5,2,5,Lost
1300.0,2025-10-20,11,93,12650.29,5,3,5,Lost
4496.0,2025-10-16,15,86,12647.51,4,2,5,Lost
2734.0,2025-09-23,38,92,12637.55,3,3,5,Lost
4760.0,2025-10-29,2,87,12629.88,6,2,5,Lost
1054.0,2025-10-31,0,95,12618.88,6,3,5,Lost
965.0,2025-10-23,8,96,12610.82,5,3,5,Lost
22.0,2025-09-24,37,84,12607.41,3,1,5,Lost
396.0,2025-10-31,0,87,12601.62,6,2,5,Lost
1761.0,2025-10-28,3,92,12600.96,6,3,5,Lost
3442.0,2025-10-17,14,94,12593.2,4,3,5,Lost
3593.0,2025-09-28,33,80,12590.49,3,1,5,Lost
1763.0,2025-10-08,23,89,12587.47,3,2,5,Lost
4640.0,2025-10-31,0,95,12586.81,6,3,5,Lost
1882.0,2025-10-08,23,91,12580.69,3,2,5,Lost
1134.0,2025-10-21,10,95,12576.61,5,3,5,Lost
3013.0,2025-10-04,27,85,12565.37,3,1,5,Lost
1275.0,2025-10-24,7,93,12557.82,5,3,5,Lost
4437.0,2025-10-24,7,91,12547.35,5,3,5,Lost
1408.0,2025-10-22,9,86,12544.76,5,2,5,Lost
515.0,2025-10-29,2,96,12530.16,6,3,5,Lost
4660.0,2025-10-19,12,94,12529.72,4,3,5,Lost
344.0,2025-09-28,33,95,12529.43,3,3,5,Lost
15.0,2025-10-18,13,84,12527.57,4,1,5,Lost
296.0,2025-10-14,17,87,12525.23,4,2,5,Lost
1132.0,2025-10-29,2,91,12520.38,6,2,5,Lost
200.0,2025-10-08,23,96,12516.82,3,3,5,Lost
4979.0,2025-10-31,0,94,12516.79,6,3,5,Lost
3341.0,2025-10-23,8,93,12510.39,5,3,5,Lost
4179.0,2025-10-11,20,94,12506.79,4,3,5,Lost
286.0,2025-10-08,23,96,12506.3,3,3,5,Lost
3216.0,2025-10-27,4,86,12497.31,6,2,5,Lost
1490.0,2025-10-22,9,87,12496.47,5,2,5,Lost
3292.0,2025-09-30,31,84,12485.07,3,1,4,Lost
3999.0,2025-10-22,9,92,12480.3,5,3,4,Lost
1329.0,2025-10-27,4,92,12475.99,6,3,4,Lost
433.0,2025-10-30,1,92,12471.41,6,3,4,Lost
1465.0,2025-10-31,0,92,12468.8,6,3,4,Lost
3206.0,2025-10-22,9,79,12466.12,5,1,4,Lost
55.0,2025-10-16,15,94,12461.1,4,3,4,Lost
4988.0,2025-10-11,20,94,12456.73,4,3,4,Lost
3086.0,2025-10-08,23,94,12455.19,3,3,4,Lost
2394.0,2025-10-23,8,91,12453.96,5,3,4,Lost
219.0,2025-10-21,10,82,12450.82,5,1,4,Lost
2664.0,2025-10-10,21,94,12430.63,4,3,4,Lost
3200.0,2025-10-11,20,93,12428.85,4,3,4,Lost
4341.0,2025-10-30,1,95,12423.91,6,3,4,Lost
4529.0,2025-10-26,5,90,12420.02,5,2,4,Lost
2552.0,2025-10-31,0,95,12419.78,6,3,4,Lost
3806.0,2025-10-29,2,84,12419.73,6,1,4,Lost
650.0,2025-10-13,18,90,12417.84,4,2,4,Lost
1447.0,2025-10-30,1,87,12415.09,6,2,4,Lost
4917.0,2025-10-14,17,80,12399.7,4,1,4,Lost
486.0,2025-10-25,6,96,12395.38,5,3,4,Lost
2054.0,2025-10-10,21,91,12387.25,4,2,4,Lost
1696.0,2025-10-27,4,92,12381.96,6,3,4,Lost
421.0,2025-10-07,24,83,12377.31,3,1,4,Lost
4228.0,2025-10-30,1,91,12374.87,6,3,4,Lost
1406.0,2025-10-18,13,94,12370.25,4,3,4,Lost
2979.0,2025-10-03,28,93,12367.57,3,3,4,Lost
1502.0,2025-10-31,0,82,12366.37,6,1,4,Lost
4858.0,2025-10-20,11,94,12362.33,4,3,4,Lost
4497.0,2025-10-28,3,86,12360.56,6,2,4,Lost
3849.0,2025-10-18,13,93,12349.72,4,3,4,Lost
4629.0,2025-10-17,14,94,12340.77,4,3,4,Lost
2038.0,2025-10-21,10,95,12338.73,5,3,4,Lost
799.0,2025-10-08,23,87,12325.48,3,2,4,Lost
4030.0,2025-10-14,17,95,12317.9,4,3,4,Lost
2825.0,2025-10-09,22,93,12316.37,4,3,4,Lost
185.0,2025-10-02,29,95,12315.64,3,3,4,Lost
47.0,2025-10-31,0,95,12312.03,6,3,4,Lost
3148.0,2025-10-22,9,94,12311.26,5,3,4,Lost
3221.0,2025-10-27,4,95,12309.61,6,3,4,Lost
1131.0,2025-10-04,27,94,12309.08,3,3,4,Lost
4006.0,2025-10-26,5,90,12308.64,5,2,4,Lost
3792.0,2025-09-24,37,87,12294.09,3,2,4,Lost
4492.0,2025-10-09,22,94,12293.82,3,3,4,Lost
166.0,2025-10-26,5,92,12292.93,5,3,4,Lost
1251.0,2025-10-23,8,95,12287.75,5,3,4,Lost
939.0,2025-10-23,8,96,12285.32,5,3,4,Lost
4461.0,2025-10-31,0,87,12282.63,6,2,4,Lost
1214.0,2025-10-29,2,94,12280.98,6,3,4,Lost
786.0,2025-10-19,12,94,12279.78,4,3,4,Lost
25.0,2025-10-04,27,86,12278.5,3,1,4,Lost
1602.0,2025-10-18,13,91,12277.4,4,2,4,Lost
3611.0,2025-10-15,16,88,12273.73,4,2,4,Lost
2508.0,2025-10-26,5,87,12272.52,5,2,4,Lost
353.0,2025-10-14,17,96,12270.23,4,3,4,Lost
4283.0,2025-10-10,21,94,12269.76,4,3,4,Lost
684.0,2025-09-26,35,87,12267.11,3,2,4,Lost
2057.0,2025-10-26,5,95,12264.68,5,3,4,Lost
74.0,2025-10-23,8,95,12259.6,5,3,4,Lost
984.0,2025-10-20,11,95,12251.8,5,3,4,Lost
859.0,2025-09-25,36,93,12250.51,3,3,4,Lost
2127.0,2025-10-09,22,89,12248.57,4,2,4,Lost
2692.0,2025-10-04,27,90,12240.77,3,2,4,Lost
2262.0,2025-10-31,0,85,12230.95,6,1,4,Lost
4177.0,2025-10-02,29,83,12220.8,3,1,4,Lost
3318.0,2025-10-17,14,95,12212.21,4,3,4,Lost
12.0,2025-10-25,6,94,12208.38,5,3,4,Lost
3090.0,2025-10-31,0,89,12207.62,6,2,4,Lost
3246.0,2025-10-20,11,84,12206.66,5,1,4,Lost
169.0,2025-10-16,15,95,12206.33,4,3,4,Lost
3114.0,2025-10-04,27,95,12192.98,3,3,4,Lost
3783.0,2025-10-30,1,90,12192.2,6,2,4,Lost
2477.0,2025-10-11,20,94,12191.98,4,3,4,Lost
1377.0,2025-10-25,6,95,12190.17,5,3,4,Lost
4296.0,2025-10-18,13,90,12188.95,4,2,4,Lost
4539.0,2025-10-22,9,91,12183.74,5,3,4,Lost
2061.0,2025-10-30,1,95,12181.59,6,3,4,Lost
3162.0,2025-10-19,12,90,12181.35,4,2,4,Lost
3465.0,2025-10-06,25,91,12180.88,3,3,4,Lost
68.0,2025-10-30,1,89,12176.96,6,2,4,Lost
503.0,2025-09-27,34,90,12174.05,3,2,4,Lost
2838.0,2025-10-31,0,95,12171.84,6,3,4,Lost
2903.0,2025-10-14,17,81,12171.46,4,1,4,Lost
2688.0,2025-10-31,0,91,12165.82,6,3,4,Lost
1282.0,2025-10-08,23,88,12163.28,3,2,4,Lost
1066.0,2025-10-10,21,90,12157.44,4,2,4,Lost
4886.0,2025-10-11,20,93,12153.76,4,3,4,Lost
1536.0,2025-10-13,18,85,12150.86,4,1,4,Lost
83.0,2025-10-30,1,96,12149.71,6,3,4,Lost
1581.0,2025-10-28,3,93,12145.08,6,3,4,Lost
4462.0,2025-10-19,12,90,12141.4,4,2,4,Lost
1352.0,2025-10-10,21,94,12140.47,4,3,4,Lost
2465.0,2025-10-25,6,95,12131.1,5,3,4,Lost
4895.0,2025-10-31,0,95,12116.24,6,3,4,Lost
2905.0,2025-09-29,32,85,12109.15,3,1,4,Lost
2603.0,2025-10-12,19,90,12108.73,4,2,4,Lost
4594.0,2025-10-29,2,92,12103.45,6,3,4,Lost
241.0,2025-10-08,23,87,12098.05,3,2,4,Lost
1385.0,2025-10-22,9,89,12096.61,5,2,4,Lost
2361.0,2025-10-21,10,85,12095.42,5,1,4,Lost
3346.0,2025-10-05,26,88,12091.42,3,2,4,Lost
4827.0,2025-10-25,6,88,12082.86,5,2,4,Lost
2805.0,2025-10-25,6,92,12077.29,5,3,4,Lost
1809.0,2025-10-26,5,92,12075.94,5,3,4,Lost
3772.0,2025-10-31,0,89,12072.88,6,2,4,Lost
4415.0,2025-10-31,0,90,12072.17,6,2,4,Lost
3711.0,2025-10-11,20,91,12071.6,4,3,4,Lost
1652.0,2025-10-06,25,85,12069.04,3,1,4,Lost
4375.0,2025-10-30,1,92,12066.74,6,3,4,Lost
271.0,2025-10-21,10,94,12061.97,5,3,4,Lost
1522.0,2025-10-07,24,89,12056.04,3,2,4,Lost
2621.0,2025-10-29,2,91,12055.68,6,3,4,Lost
969.0,2025-10-08,23,89,12042.97,3,2,4,Lost
1044.0,2025-09-30,31,88,12041.1,3,2,4,Lost
3049.0,2025-10-12,19,89,12040.57,4,2,4,Lost
4816.0,2025-10-12,19,82,12038.87,4,1,4,Lost
3395.0,2025-10-16,15,84,12034.31,4,1,4,Lost
820.0,2025-10-07,24,95,12027.27,3,3,4,Lost
1639.0,2025-10-28,3,94,12023.33,6,3,4,Lost
1690.0,2025-10-25,6,90,12021.98,5,2,4,Lost
644.0,2025-10-04,27,96,12021.8,3,3,4,Lost
4547.0,2025-10-27,4,89,12019.8,5,2,4,Lost
1921.0,2025-10-26,5,84,12011.57,5,1,4,Lost
1494.0,2025-10-29,2,88,11999.13,6,2,4,Lost
2122.0,2025-10-01,30,89,11991.95,3,2,4,Lost
2582.0,2025-10-12,19,95,11986.16,4,3,4,Lost
1960.0,2025-10-02,29,93,11985.07,3,3,4,Lost
127.0,2025-10-21,10,94,11983.27,5,3,4,Lost
835.0,2025-10-24,7,94,11981.32,5,3,4,Lost
3716.0,2025-09-30,31,93,11978.01,3,3,4,Lost
1163.0,2025-09-28,33,90,11977.07,3,2,4,Lost
4483.0,2025-10-31,0,83,11976.06,6,1,4,Lost
651.0,2025-10-07,24,79,11975.17,3,1,4,Lost
4977.0,2025-09-24,37,93,11972.07,3,3,4,Lost
17.0,2025-10-18,13,93,11971.82,4,3,4,Lost
4805.0,2025-10-21,10,93,11970.51,5,3,4,Lost
3327.0,2025-10-02,29,94,11967.12,3,3,4,Lost
2906.0,2025-10-08,23,76,11965.37,3,1,4,Lost
4038.0,2025-09-24,37,92,11962.92,3,3,4,Lost
4329.0,2025-10-29,2,92,11959.69,6,3,4,Lost
4168.0,2025-10-24,7,93,11959.0,5,3,4,Lost
4703.0,2025-10-14,17,95,11958.52,4,3,4,Lost
731.0,2025-10-31,0,88,11958.42,6,2,4,Lost
4786.0,2025-10-18,13,94,11953.49,4,3,4,Lost
352.0,2025-10-06,25,93,11951.86,3,3,4,Lost
3348.0,2025-10-25,6,80,11949.79,5,1,4,Lost
2598.0,2025-10-12,19,89,11948.05,4,2,4,Lost
3303.0,2025-10-28,3,89,11946.87,6,2,4,Lost
1474.0,2025-10-26,5,87,11946.46,5,2,4,Lost
1729.0,2025-10-17,14,90,11945.86,4,2,4,Lost
2176.0,2025-10-09,22,92,11945.4,4,3,4,Lost
1850.0,2025-10-24,7,93,11945.02,5,3,4,Lost
3390.0,2025-10-20,11,90,11943.33,5,2,4,Lost
527.0,2025-10-19,12,94,11942.71,4,3,4,Lost
3488.0,2025-10-31,0,93,11939.14,6,3,4,Lost
4173.0,2025-10-23,8,85,11937.62,5,1,4,Lost
611.0,2025-10-22,9,79,11937.36,5,1,4,Lost
231.0,2025-10-17,14,83,11937.25,4,1,4,Lost
3330.0,2025-10-21,10,89,11937.1,5,2,4,Lost
3839.0,2025-10-28,3,91,11935.39,6,3,4,Lost
4373.0,2025-10-14,17,95,11935.26,4,3,4,Lost
2407.0,2025-10-12,19,95,11927.15,4,3,4,Lost
712.0,2025-10-22,9,94,11918.6,5,3,4,Lost
649.0,2025-10-05,26,92,11918.18,3,3,4,Lost
2670.0,2025-10-18,13,93,11914.89,4,3,4,Lost
2824.0,2025-10-28,3,92,11912.04,6,3,4,Lost
2462.0,2025-10-06,25,94,11911.42,3,3,4,Lost
1208.0,2025-10-26,5,93,11909.23,5,3,4,Lost
4576.0,2025-10-08,23,82,11903.7,3,1,4,Lost
955.0,2025-10-23,8,90,11902.0,5,2,4,Lost
1938.0,2025-09-26,35,85,11897.78,3,1,4,Lost
1694.0,2025-09-28,33,86,11896.86,3,2,4,Lost
3642.0,2025-10-08,23,93,11896.19,3,3,4,Lost
2614.0,2025-09-29,32,93,11891.76,3,3,4,Lost
1853.0,2025-10-31,0,73,11891.53,6,1,4,Lost
2469.0,2025-10-31,0,93,11891.23,6,3,4,Lost
1534.0,2025-10-27,4,86,11883.16,6,2,4,Lost
2409.0,2025-10-06,25,72,11876.21,3,1,4,Lost
213.0,2025-10-31,0,86,11867.66,6,2,4,Lost
1197.0,2025-10-21,10,90,11854.79,5,2,4,Lost
4244.0,2025-09-24,37,92,11852.37,3,3,4,Lost
1230.0,2025-10-09,22,82,11847.34,4,1,4,Lost
1000.0,2025-10-27,4,80,11847.27,6,1,4,Lost
561.0,2025-10-08,23,90,11846.78,3,2,4,Lost
4887.0,2025-10-04,27,95,11845.09,3,3,4,Lost
1245.0,2025-10-12,19,81,11840.76,4,1,4,Lost
1003.0,2025-10-27,4,95,11836.86,6,3,4,Lost
3796.0,2025-09-23,38,87,11835.15,3,2,4,Lost
409.0,2025-10-15,16,90,11835.1,4,2,4,Lost
802.0,2025-10-18,13,93,11834.84,4,3,4,Lost
3480.0,2025-10-07,24,84,11834.29,3,1,4,Lost
4243.0,2025-10-08,23,86,11832.65,3,2,4,Lost
4050.0,2025-10-30,1,87,11831.9,6,2,4,Lost
533.0,2025-09-29,32,91,11824.6,3,2,4,Lost
3921.0,2025-10-26,5,95,11823.54,5,3,4,Lost
1077.0,2025-10-14,17,84,11820.79,4,1,4,Lost
4879.0,2025-10-25,6,92,11818.39,5,3,4,Lost
3699.0,2025-10-05,26,87,11813.74,3,2,4,Lost
3704.0,2025-10-28,3,93,11812.85,6,3,4,Lost
1002.0,2025-10-27,4,81,11812.62,6,1,4,Lost
2306.0,2025-10-19,12,87,11807.43,4,2,4,Lost
1357.0,2025-09-27,34,95,11806.08,3,3,4,Lost
549.0,2025-10-17,14,83,11805.44,4,1,4,Lost
3287.0,2025-09-27,34,95,11804.44,3,3,4,Lost
3371.0,2025-10-28,3,89,11804.07,6,2,4,Lost
4277.0,2025-10-08,23,86,11803.82,3,2,4,Lost
4456.0,2025-10-25,6,92,11800.94,5,3,4,Lost
3968.0,2025-10-23,8,93,11800.9,5,3,4,Lost
1703.0,2025-10-29,2,89,11793.05,6,2,4,Lost
4146.0,2025-10-20,11,85,11789.25,5,1,4,Lost
1285.0,2025-10-18,13,94,11787.91,4,3,4,Lost
4638.0,2025-10-10,21,95,11786.75,4,3,4,Lost
1594.0,2025-10-31,0,84,11784.26,6,1,4,Lost
1405.0,2025-10-31,0,86,11782.76,6,2,4,Lost
1695.0,2025-10-28,3,94,11782.7,6,3,4,Lost
350.0,2025-10-26,5,92,11780.97,5,3,4,Lost
295.0,2025-09-27,34,92,11777.23,3,3,4,Lost
3988.0,2025-10-24,7,84,11776.07,5,1,4,Lost
338.0,2025-10-25,6,95,11773.74,5,3,4,Lost
1900.0,2025-10-09,22,91,11771.71,4,2,4,Lost
2283.0,2025-10-26,5,85,11771.3,5,1,4,Lost
4085.0,2025-10-20,11,87,11768.78,5,2,4,Lost
4448.0,2025-10-29,2,92,11761.57,6,3,4,Lost
230.0,2025-10-28,3,90,11761.04,6,2,4,Lost
377.0,2025-10-03,28,89,11759.27,3,2,4,Lost
3726.0,2025-10-16,15,95,11754.43,4,3,4,Lost
1012.0,2025-10-12,19,90,11751.25,4,2,4,Lost
4075.0,2025-10-15,16,73,11750.0,4,1,4,Lost
3723.0,2025-10-04,27,92,11744.4,3,3,4,Lost
1660.0,2025-09-27,34,88,11743.17,3,2,4,Lost
2186.0,2025-10-23,8,90,11742.95,5,2,4,Lost
4273.0,2025-10-16,15,93,11741.71,4,3,4,Lost
3936.0,2025-10-18,13,94,11741.23,4,3,4,Lost
3102.0,2025-10-07,24,88,11739.2,3,2,4,Lost
4612.0,2025-10-31,0,93,11737.81,6,3,4,Lost
1452.0,2025-09-30,31,94,11737.43,3,3,4,Lost
2731.0,2025-10-28,3,92,11734.74,6,3,4,Lost
4102.0,2025-10-21,10,89,11733.81,5,2,4,Lost
306.0,2025-09-23,38,91,11733.77,3,2,4,Lost
1009.0,2025-10-07,24,83,11733.63,3,1,4,Lost
1402.0,2025-10-28,3,87,11733.53,6,2,4,Lost
4139.0,2025-10-26,5,85,11732.6,5,1,4,Lost
354.0,2025-10-17,14,96,11731.4,4,3,4,Lost
1628.0,2025-10-31,0,90,11731.14,6,2,4,Lost
1194.0,2025-10-12,19,71,11728.85,4,1,4,Lost
2570.0,2025-10-23,8,90,11725.26,5,2,4,Lost
4924.0,2025-10-14,17,92,11722.01,4,3,4,Lost
3664.0,2025-10-31,0,87,11720.93,6,2,4,Lost
2557.0,2025-10-10,21,91,11715.37,4,3,4,Lost
1478.0,2025-10-27,4,80,11714.56,6,1,4,Lost
2483.0,2025-10-30,1,86,11709.9,6,2,4,Lost
4416.0,2025-09-28,33,95,11709.64,3,3,4,Lost
104.0,2025-10-28,3,93,11708.36,6,3,4,Lost
4240.0,2025-10-28,3,95,11708.25,6,3,4,Lost
4235.0,2025-10-05,26,93,11702.86,3,3,4,Lost
2309.0,2025-10-28,3,91,11702.23,6,3,4,Lost
2630.0,2025-10-11,20,95,11699.38,4,3,4,Lost
3788.0,2025-10-25,6,87,11699.04,5,2,4,Lost
4818.0,2025-10-31,0,90,11697.17,6,2,4,Lost
4294.0,2025-10-05,26,84,11696.07,3,1,4,Lost
723.0,2025-10-09,22,84,11694.72,4,1,4,Lost
1787.0,2025-10-27,4,94,11692.04,6,3,4,Lost
3758.0,2025-10-28,3,84,11691.13,6,1,4,Lost
728.0,2025-10-30,1,95,11686.99,6,3,4,Lost
3911.0,2025-10-30,1,91,11684.51,6,3,4,Lost
892.0,2025-10-07,24,82,11681.89,3,1,4,Lost
75.0,2025-10-31,0,96,11681.75,6,3,4,Lost
1213.0,2025-10-29,2,80,11679.29,6,1,4,Lost
3712.0,2025-10-21,10,88,11677.49,5,2,4,Lost
2413.0,2025-10-30,1,92,11673.95,6,3,4,Lost
972.0,2025-10-27,4,92,11672.17,6,3,4,Lost
4782.0,2025-10-25,6,94,11668.7,5,3,4,Lost
1394.0,2025-09-23,38,86,11657.39,3,2,4,Lost
1264.0,2025-10-11,20,85,11655.92,4,1,4,Lost
3471.0,2025-10-25,6,87,11655.03,5,2,4,Lost
107.0,2025-10-04,27,80,11649.64,3,1,4,Lost
2510.0,2025-10-06,25,92,11646.57,3,3,4,Lost
1328.0,2025-10-28,3,96,11645.03,6,3,4,Lost
4118.0,2025-10-31,0,88,11640.7,6,2,4,Lost
2280.0,2025-09-29,32,92,11639.97,3,3,4,Lost
4775.0,2025-10-25,6,87,11639.55,5,2,4,Lost
2180.0,2025-10-21,10,83,11638.22,5,1,4,Lost
1239.0,2025-09-27,34,91,11635.99,3,2,4,Lost
1081.0,2025-09-26,35,92,11634.83,3,3,4,Lost
3631.0,2025-10-27,4,89,11627.46,6,2,4,Lost
4395.0,2025-10-17,14,93,11625.17,4,3,4,Lost
402.0,2025-10-14,17,92,11624.19,4,3,4,Lost
812.0,2025-10-21,10,88,11622.47,5,2,4,Lost
4174.0,2025-10-21,10,85,11622.03,5,1,4,Lost
4299.0,2025-09-26,35,91,11618.56,3,3,4,Lost
669.0,2025-10-10,21,94,11617.43,4,3,4,Lost
3080.0,2025-10-01,30,94,11611.2,3,3,4,Lost
2265.0,2025-10-04,27,92,11609.77,3,3,4,Lost
1423.0,2025-10-21,10,93,11608.43,5,3,4,Lost
2003.0,2025-10-26,5,94,11606.02,5,3,4,Lost
2106.0,2025-09-28,33,86,11605.53,3,2,4,Lost
4023.0,2025-10-07,24,92,11602.69,3,3,4,Lost
1518.0,2025-10-30,1,92,11598.67,6,3,4,Lost
3314.0,2025-10-18,13,95,11598.02,4,3,4,Lost
4037.0,2025-10-06,25,94,11597.22,3,3,4,Lost
2608.0,2025-10-12,19,95,11595.68,4,3,4,Lost
3553.0,2025-10-25,6,83,11588.14,5,1,4,Lost
521.0,2025-10-08,23,93,11587.24,3,3,4,Lost
3025.0,2025-10-02,29,82,11586.45,3,1,4,Lost
1400.0,2025-10-16,15,95,11582.86,4,3,4,Lost
1558.0,2025-10-17,14,93,11582.29,4,3,4,Lost
4217.0,2025-10-10,21,93,11574.77,4,3,4,Lost
40.0,2025-10-21,10,91,11573.45,5,2,4,Lost
1263.0,2025-10-25,6,85,11565.51,5,1,4,Lost
531.0,2025-10-10,21,94,11564.55,4,3,4,Lost
1033.0,2025-10-08,23,95,11564.17,3,3,4,Lost
1386.0,2025-10-13,18,93,11563.53,4,3,4,Lost
4003.0,2025-10-17,14,89,11561.97,4,2,4,Lost
4427.0,2025-10-31,0,94,11558.26,6,3,4,Lost
3199.0,2025-10-18,13,91,11557.95,4,3,4,Lost
4778.0,2025-09-30,31,94,11550.55,3,3,4,Lost
944.0,2025-10-31,0,95,11547.15,6,3,4,Lost
3565.0,2025-10-11,20,95,11547.06,4,3,4,Lost
3244.0,2025-09-26,35,94,11545.85,3,3,4,Lost
580.0,2025-10-30,1,84,11541.29,6,1,4,Lost
941.0,2025-10-20,11,95,11536.35,5,3,4,Lost
589.0,2025-10-31,0,82,11536.18,6,1,4,Lost
3940.0,2025-10-28,3,81,11523.52,6,1,4,Lost
3666.0,2025-10-14,17,95,11522.08,4,3,4,Lost
2515.0,2025-10-26,5,78,11515.12,5,1,4,Lost
3112.0,2025-10-27,4,87,11514.89,6,2,4,Lost
1533.0,2025-10-27,4,93,11514.32,6,3,4,Lost
3578.0,2025-10-25,6,89,11507.19,5,2,4,Lost
4726.0,2025-10-31,0,92,11507.1,6,3,4,Lost
1570.0,2025-09-25,36,88,11506.93,3,2,4,Lost
579.0,2025-10-29,2,89,11503.12,6,2,4,Lost
4831.0,2025-10-20,11,95,11502.75,4,3,4,Lost
480.0,2025-09-26,35,96,11500.27,3,3,4,Lost
4698.0,2025-10-18,13,90,11498.94,4,2,4,Lost
1574.0,2025-10-11,20,93,11490.37,4,3,4,Lost
2472.0,2025-10-22,9,86,11488.08,5,2,4,Lost
2850.0,2025-10-31,0,95,11485.45,6,3,4,Lost
289.0,2025-10-11,20,85,11478.85,4,1,4,Lost
1020.0,2025-10-25,6,93,11475.12,5,3,4,Lost
541.0,2025-10-25,6,95,11472.63,5,3,4,Lost
351.0,2025-10-31,0,91,11472.53,6,2,4,Lost
238.0,2025-10-29,2,86,11468.22,6,2,4,Lost
123.0,2025-10-17,14,88,11467.27,4,2,4,Lost
1410.0,2025-10-15,16,78,11462.89,4,1,4,Lost
1106.0,2025-10-30,1,95,11457.71,6,3,4,Lost
657.0,2025-10-25,6,93,11457.62,5,3,4,Lost
3226.0,2025-10-28,3,93,11454.01,6,3,4,Lost
4627.0,2025-10-22,9,82,11453.92,5,1,4,Lost
3736.0,2025-10-18,13,91,11452.61,4,3,4,Lost
2596.0,2025-10-12,19,90,11451.53,4,2,4,Lost
3550.0,2025-10-15,16,93,11444.3,4,3,4,Lost
4939.0,2025-10-26,5,94,11444.26,5,3,4,Lost
1593.0,2025-10-22,9,95,11443.39,5,3,4,Lost
1539.0,2025-10-27,4,92,11440.22,6,3,4,Lost
836.0,2025-10-27,4,96,11439.56,6,3,4,Lost
2426.0,2025-10-22,9,90,11439.4,5,2,4,Lost
2345.0,2025-10-31,0,88,11439.03,6,2,4,Lost
4016.0,2025-10-30,1,94,11438.98,6,3,4,Lost
749.0,2025-10-20,11,96,11434.76,5,3,4,Lost
4605.0,2025-09-26,35,94,11433.67,3,3,4,Lost
1260.0,2025-10-20,11,85,11427.8,5,1,4,Lost
2513.0,2025-10-28,3,89,11427.22,6,2,4,Lost
4204.0,2025-10-18,13,89,11426.74,4,2,4,Lost
1228.0,2025-10-04,27,85,11425.44,3,1,4,Lost
2365.0,2025-10-28,3,81,11422.71,6,1,4,Lost
2914.0,2025-10-14,17,92,11414.79,4,3,4,Lost
2765.0,2025-10-26,5,94,11409.27,5,3,4,Lost
4468.0,2025-10-25,6,93,11409.2,5,3,4,Lost
4973.0,2025-10-04,27,88,11395.27,3,2,4,Lost
1112.0,2025-10-18,13,82,11393.78,4,1,4,Lost
2458.0,2025-10-30,1,91,11391.14,6,3,4,Lost
960.0,2025-10-20,11,96,11387.2,5,3,4,Lost
1750.0,2025-10-20,11,93,11384.07,5,3,4,Lost
908.0,2025-10-02,29,85,11383.9,3,1,4,Lost
598.0,2025-10-04,27,96,11383.77,3,3,4,Lost
278.0,2025-10-04,27,96,11381.52,3,3,3,Lost
4422.0,2025-10-28,3,90,11379.62,6,2,3,Lost
1041.0,2025-10-21,10,95,11379.01,5,3,3,Lost
2831.0,2025-10-19,12,92,11374.44,4,3,3,Lost
1192.0,2025-10-27,4,93,11370.59,6,3,3,Lost
133.0,2025-10-29,2,95,11368.45,6,3,3,Lost
2675.0,2025-09-26,35,90,11363.16,3,2,3,Lost
2366.0,2025-10-31,0,95,11361.17,6,3,3,Lost
4579.0,2025-10-23,8,94,11359.95,5,3,3,Lost
3003.0,2025-10-23,8,86,11359.94,5,2,3,Lost
4872.0,2025-10-20,11,85,11359.16,4,1,3,Lost
3618.0,2025-10-24,7,87,11355.33,5,2,3,Lost
1119.0,2025-10-18,13,89,11355.02,4,2,3,Lost
1627.0,2025-10-31,0,83,11347.24,6,1,3,Lost
411.0,2025-10-11,20,90,11343.15,4,2,3,Lost
3569.0,2025-10-20,11,95,11342.38,5,3,3,Lost
4743.0,2025-10-26,5,79,11341.69,5,1,3,Lost
4105.0,2025-10-09,22,86,11338.25,3,2,3,Lost
3323.0,2025-10-15,16,91,11337.45,4,3,3,Lost
959.0,2025-10-30,1,86,11335.18,6,2,3,Lost
4149.0,2025-10-26,5,93,11333.25,5,3,3,Lost
2058.0,2025-09-30,31,83,11333.2,3,1,3,Lost
564.0,2025-10-17,14,88,11332.3,4,2,3,Lost
1252.0,2025-10-14,17,87,11325.77,4,2,3,Lost
3237.0,2025-10-28,3,93,11322.9,6,3,3,Lost
373.0,2025-10-02,29,86,11312.09,3,2,3,Lost
1697.0,2025-10-31,0,85,11309.75,6,1,3,Lost
174.0,2025-10-22,9,88,11308.52,5,2,3,Lost
2616.0,2025-10-11,20,88,11307.65,4,2,3,Lost
2048.0,2025-09-28,33,95,11304.9,3,3,3,Lost
415.0,2025-10-01,30,94,11304.71,3,3,3,Lost
3818.0,2025-10-21,10,88,11301.64,5,2,3,Lost
4943.0,2025-10-27,4,89,11299.58,5,2,3,Lost
3305.0,2025-10-14,17,91,11298.22,4,3,3,Lost
3249.0,2025-09-27,34,82,11294.59,3,1,3,Lost
331.0,2025-10-20,11,96,11289.59,5,3,3,Lost
2297.0,2025-10-22,9,88,11288.58,5,2,3,Lost
2211.0,2025-10-21,10,94,11287.22,5,3,3,Lost
441.0,2025-10-31,0,84,11285.55,6,1,3,Lost
2640.0,2025-10-31,0,92,11285.05,6,3,3,Lost
931.0,2025-10-06,25,85,11284.64,3,1,3,Lost
2353.0,2025-10-31,0,86,11277.63,6,2,3,Lost
3297.0,2025-10-31,0,93,11276.29,6,3,3,Lost
182.0,2025-10-29,2,95,11274.72,6,3,3,Lost
4210.0,2025-10-16,15,81,11274.2,4,1,3,Lost
698.0,2025-09-25,36,74,11273.92,3,1,3,Lost
2687.0,2025-10-25,6,87,11273.59,5,2,3,Lost
1442.0,2025-10-18,13,87,11272.62,4,2,3,Lost
4507.0,2025-10-22,9,93,11272.27,5,3,3,Lost
729.0,2025-10-13,18,92,11264.58,4,3,3,Lost
910.0,2025-10-24,7,96,11262.26,5,3,3,Lost
1644.0,2025-10-25,6,90,11261.71,5,2,3,Lost
662.0,2025-10-30,1,93,11261.19,6,3,3,Lost
4763.0,2025-10-23,8,82,11259.48,5,1,3,Lost
1268.0,2025-10-28,3,92,11256.25,6,3,3,Lost
1826.0,2025-10-23,8,90,11255.53,5,2,3,Lost
4569.0,2025-09-28,33,80,11253.92,3,1,3,Lost
3976.0,2025-10-31,0,83,11251.2,6,1,3,Lost
986.0,2025-09-23,38,85,11250.85,3,1,3,Lost
2475.0,2025-10-29,2,94,11249.49,6,3,3,Lost
1083.0,2025-10-13,18,85,11249.21,4,1,3,Lost
2227.0,2025-10-13,18,87,11249.21,4,2,3,Lost
3447.0,2025-10-04,27,92,11245.09,3,3,3,Lost
1046.0,2025-09-30,31,89,11238.68,3,2,3,Lost
1796.0,2025-10-04,27,84,11238.17,3,1,3,Lost
3104.0,2025-10-31,0,84,11238.05,6,1,3,Lost
1209.0,2025-10-08,23,87,11237.79,3,2,3,Lost
640.0,2025-10-07,24,89,11237.32,3,2,3,Lost
1023.0,2025-10-29,2,87,11237.17,6,2,3,Lost
3477.0,2025-10-30,1,80,11235.42,6,1,3,Lost
1068.0,2025-10-08,23,88,11229.83,3,2,3,Lost
721.0,2025-10-21,10,82,11227.97,5,1,3,Lost
1637.0,2025-10-12,19,94,11227.8,4,3,3,Lost
520.0,2025-10-25,6,88,11227.6,5,2,3,Lost
2782.0,2025-10-12,19,92,11227.27,4,3,3,Lost
1828.0,2025-10-31,0,90,11225.98,6,2,3,Lost
3505.0,2025-10-18,13,95,11223.79,4,3,3,Lost
2092.0,2025-10-31,0,88,11223.53,6,2,3,Lost
1270.0,2025-10-21,10,93,11218.79,5,3,3,Lost
1122.0,2025-10-16,15,89,11217.21,4,2,3,Lost
1294.0,2025-10-31,0,93,11215.91,6,3,3,Lost
4428.0,2025-10-14,17,95,11215.39,4,3,3,Lost
4358.0,2025-10-07,24,90,11214.11,3,2,3,Lost
1164.0,2025-10-04,27,90,11210.38,3,2,3,Lost
2294.0,2025-10-30,1,91,11204.43,6,3,3,Lost
16.0,2025-10-30,1,95,11201.61,6,3,3,Lost
416.0,2025-09-23,38,89,11200.18,3,2,3,Lost
2817.0,2025-09-29,32,85,11200.09,3,1,3,Lost
3908.0,2025-10-31,0,90,11195.24,6,2,3,Lost
2260.0,2025-10-07,24,87,11191.94,3,2,3,Lost
553.0,2025-10-17,14,88,11188.63,4,2,3,Lost
3258.0,2025-10-19,12,94,11187.61,4,3,3,Lost
832.0,2025-10-05,26,89,11185.41,3,2,3,Lost
181.0,2025-10-08,23,85,11183.74,3,1,3,Lost
4289.0,2025-09-24,37,85,11179.71,3,1,3,Lost
4680.0,2025-10-17,14,87,11178.8,4,2,3,Lost
3835.0,2025-10-02,29,91,11178.59,3,3,3,Lost
3928.0,2025-10-22,9,83,11178.09,5,1,3,Lost
3754.0,2025-10-27,4,91,11174.24,6,3,3,Lost
528.0,2025-10-07,24,90,11173.31,3,2,3,Lost
3897.0,2025-10-17,14,95,11173.08,4,3,3,Lost
1390.0,2025-10-18,13,92,11173.01,4,3,3,Lost
3697.0,2025-10-28,3,90,11170.62,6,2,3,Lost
851.0,2025-10-10,21,94,11168.07,4,3,3,Lost
1988.0,2025-10-09,22,91,11165.87,4,2,3,Lost
3753.0,2025-10-25,6,93,11164.33,5,3,3,Lost
3299.0,2025-09-30,31,94,11163.03,3,3,3,Lost
3171.0,2025-09-29,32,82,11162.88,3,1,3,Lost
4093.0,2025-10-08,23,92,11162.65,3,3,3,Lost
3741.0,2025-10-04,27,93,11161.4,3,3,3,Lost
2683.0,2025-10-30,1,83,11159.62,6,1,3,Lost
2482.0,2025-10-31,0,95,11146.84,6,3,3,Lost
4033.0,2025-10-23,8,85,11143.96,5,1,3,Lost
2629.0,2025-10-25,6,93,11142.87,5,3,3,Lost
3070.0,2025-10-25,6,85,11138.08,5,1,3,Lost
3398.0,2025-10-28,3,80,11136.28,6,1,3,Lost
1166.0,2025-10-22,9,85,11135.29,5,1,3,Lost
2493.0,2025-10-13,18,87,11129.06,4,2,3,Lost
2223.0,2025-10-21,10,77,11127.72,5,1,3,Lost
1232.0,2025-10-28,3,96,11124.77,6,3,3,Lost
3186.0,2025-10-05,26,91,11123.99,3,3,3,Lost
578.0,2025-10-14,17,83,11119.43,4,1,3,Lost
2966.0,2025-09-23,38,83,11119.43,3,1,3,Lost
692.0,2025-10-12,19,87,11114.07,4,2,3,Lost
140.0,2025-10-01,30,82,11113.92,3,1,3,Lost
1127.0,2025-10-24,7,88,11107.55,5,2,3,Lost
607.0,2025-10-01,30,85,11106.64,3,1,3,Lost
4241.0,2025-10-10,21,92,11103.2,4,3,3,Lost
1989.0,2025-10-22,9,94,11101.7,5,3,3,Lost
4449.0,2025-10-31,0,94,11099.11,6,3,3,Lost
4365.0,2025-10-25,6,83,11098.97,5,1,3,Lost
4681.0,2025-10-08,23,86,11095.3,3,2,3,Lost
106.0,2025-10-29,2,92,11093.94,6,3,3,Lost
1666.0,2025-10-30,1,93,11093.61,6,3,3,Lost
2935.0,2025-10-23,8,84,11092.3,5,1,3,Lost
4004.0,2025-10-27,4,77,11084.99,6,1,3,Lost
4220.0,2025-10-07,24,90,11084.98,3,2,3,Lost
646.0,2025-10-30,1,89,11084.1,6,2,3,Lost
3647.0,2025-10-22,9,92,11078.88,5,3,3,Lost
215.0,2025-10-22,9,93,11078.1,5,3,3,Lost
3176.0,2025-10-10,21,76,11077.89,4,1,3,Lost
31.0,2025-10-28,3,93,11076.46,6,3,3,Lost
885.0,2025-10-11,20,76,11073.76,4,1,3,Lost
4748.0,2025-10-23,8,91,11073.19,5,3,3,Lost
2555.0,2025-10-24,7,92,11069.29,5,3,3,Lost
4151.0,2025-10-28,3,80,11067.0,6,1,3,Lost
4992.0,2025-10-05,26,78,11066.25,3,1,3,Lost
609.0,2025-10-29,2,92,11062.55,6,3,3,Lost
2362.0,2025-10-21,10,94,11054.72,5,3,3,Lost
2799.0,2025-09-27,34,86,11054.39,3,2,3,Lost
3130.0,2025-10-30,1,91,11051.96,6,3,3,Lost
4145.0,2025-09-24,37,95,11048.19,3,3,3,Lost
329.0,2025-10-26,5,96,11045.82,5,3,3,Lost
220.0,2025-10-29,2,77,11043.39,6,1,3,Lost
1918.0,2025-10-18,13,92,11037.1,4,3,3,Lost
1724.0,2025-10-04,27,94,11035.91,3,3,3,Lost
4761.0,2025-10-17,14,88,11035.54,4,2,3,Lost
2029.0,2025-10-22,9,78,11028.61,5,1,3,Lost
2452.0,2025-09-23,38,91,11024.77,3,3,3,Lost
3014.0,2025-10-15,16,93,11021.41,4,3,3,Lost
3153.0,2025-10-25,6,95,11020.61,5,3,3,Lost
1760.0,2025-09-27,34,86,11011.24,3,2,3,Lost
4925.0,2025-10-08,23,91,11010.88,3,3,3,Lost
3128.0,2025-10-30,1,94,11010.55,6,3,3,Lost
3298.0,2025-10-30,1,81,11007.83,6,1,3,Lost
3300.0,2025-10-29,2,87,11002.74,6,2,3,Lost
4000.0,2025-10-29,2,79,11001.93,6,1,3,Lost
3826.0,2025-10-23,8,95,10999.69,5,3,3,Lost
4471.0,2025-10-27,4,86,10996.47,5,2,3,Lost
2599.0,2025-10-07,24,82,10994.88,3,1,3,Lost
4119.0,2025-10-20,11,82,10990.32,5,1,3,Lost
4810.0,2025-10-06,25,90,10988.52,3,2,3,Lost
1565.0,2025-10-29,2,87,10987.41,6,2,3,Lost
355.0,2025-10-25,6,91,10986.52,5,2,3,Lost
3240.0,2025-10-10,21,93,10984.04,4,3,3,Lost
2747.0,2025-09-27,34,88,10983.75,3,2,3,Lost
1799.0,2025-10-23,8,88,10978.29,5,2,3,Lost
2271.0,2025-10-02,29,88,10975.46,3,2,3,Lost
3313.0,2025-10-04,27,84,10970.52,3,1,3,Lost
4712.0,2025-10-30,1,81,10969.73,6,1,3,Lost
625.0,2025-10-07,24,95,10968.93,3,3,3,Lost
1977.0,2025-10-06,25,93,10967.64,3,3,3,Lost
2325.0,2025-10-02,29,91,10965.93,3,3,3,Lost
1708.0,2025-10-09,22,87,10962.53,4,2,3,Lost
3740.0,2025-10-21,10,81,10958.88,5,1,3,Lost
1243.0,2025-10-09,22,90,10958.73,4,2,3,Lost
2754.0,2025-10-29,2,93,10957.15,6,3,3,Lost
2541.0,2025-10-31,0,86,10956.94,6,2,3,Lost
24.0,2025-10-20,11,88,10954.94,5,2,3,Lost
4659.0,2025-10-20,11,93,10949.22,4,3,3,Lost
10.0,2025-10-27,4,85,10948.98,6,1,3,Lost
1943.0,2025-10-18,13,88,10945.55,4,2,3,Lost
4753.0,2025-10-19,12,93,10942.4,4,3,3,Lost
819.0,2025-09-27,34,94,10938.42,3,3,3,Lost
3672.0,2025-10-03,28,89,10936.11,3,2,3,Lost
460.0,2025-10-25,6,83,10935.96,5,1,3,Lost
4729.0,2025-10-20,11,95,10935.13,4,3,3,Lost
3575.0,2025-10-27,4,85,10934.85,6,1,3,Lost
3405.0,2025-10-27,4,86,10932.25,6,2,3,Lost
3255.0,2025-10-08,23,91,10931.39,3,3,3,Lost
1686.0,2025-10-06,25,88,10931.02,3,2,3,Lost
3628.0,2025-10-28,3,94,10930.94,6,3,3,Lost
4414.0,2025-10-14,17,77,10929.48,4,1,3,Lost
395.0,2025-09-27,34,84,10929.42,3,1,3,Lost
291.0,2025-10-25,6,85,10928.61,5,1,3,Lost
2741.0,2025-10-11,20,90,10919.78,4,2,3,Lost
3665.0,2025-10-25,6,89,10918.03,5,2,3,Lost
187.0,2025-10-11,20,80,10915.74,4,1,3,Lost
1739.0,2025-10-02,29,95,10914.19,3,3,3,Lost
4829.0,2025-10-28,3,94,10912.49,6,3,3,Lost
4347.0,2025-10-26,5,87,10909.26,5,2,3,Lost
2044.0,2025-09-28,33,89,10907.71,3,2,3,Lost
3765.0,2025-10-21,10,93,10907.51,5,3,3,Lost
461.0,2025-10-03,28,96,10905.1,3,3,3,Lost
2066.0,2025-10-08,23,86,10896.12,3,2,3,Lost
2946.0,2025-10-30,1,91,10890.45,6,3,3,Lost
3670.0,2025-10-06,25,94,10888.66,3,3,3,Lost
2447.0,2025-09-26,35,89,10885.83,3,2,3,Lost
3433.0,2025-10-29,2,82,10881.83,6,1,3,Lost
177.0,2025-10-27,4,95,10881.64,6,3,3,Lost
384.0,2025-10-26,5,96,10879.14,5,3,3,Lost
89.0,2025-10-19,12,86,10878.91,4,2,3,Lost
4134.0,2025-10-29,2,90,10877.93,6,2,3,Lost
3684.0,2025-10-12,19,85,10876.65,4,1,3,Lost
1587.0,2025-10-22,9,88,10873.61,5,2,3,Lost
3141.0,2025-10-23,8,94,10871.11,5,3,3,Lost
3267.0,2025-10-27,4,86,10869.69,6,2,3,Lost
887.0,2025-10-26,5,88,10863.96,5,2,3,Lost
2878.0,2025-10-28,3,90,10859.37,6,2,3,Lost
4953.0,2025-09-27,34,94,10856.76,3,3,3,Lost
1346.0,2025-10-09,22,94,10851.87,4,3,3,Lost
2851.0,2025-10-06,25,88,10851.29,3,2,3,Lost
2046.0,2025-10-14,17,91,10851.06,4,2,3,Lost
4616.0,2025-10-31,0,91,10849.09,6,3,3,Lost
627.0,2025-10-31,0,89,10848.47,6,2,3,Lost
4776.0,2025-10-23,8,93,10847.54,5,3,3,Lost
1419.0,2025-10-16,15,91,10846.46,4,2,3,Lost
1433.0,2025-10-11,20,92,10843.55,4,3,3,Lost
895.0,2025-10-29,2,91,10843.28,6,2,3,Lost
367.0,2025-10-19,12,96,10843.14,4,3,3,Lost
451.0,2025-10-06,25,79,10843.11,3,1,3,Lost
3408.0,2025-10-18,13,88,10840.45,4,2,3,Lost
1189.0,2025-10-03,28,83,10839.86,3,1,3,Lost
1412.0,2025-10-03,28,92,10839.81,3,3,3,Lost
2476.0,2025-10-20,11,88,10838.68,5,2,3,Lost
3138.0,2025-10-05,26,90,10836.8,3,2,3,Lost
977.0,2025-10-09,22,86,10836.41,4,2,3,Lost
4734.0,2025-10-19,12,90,10833.45,4,2,3,Lost
1238.0,2025-10-31,0,93,10831.15,6,3,3,Lost
4278.0,2025-10-26,5,87,10830.44,5,2,3,Lost
3517.0,2025-09-25,36,87,10826.86,3,2,3,Lost
3502.0,2025-09-28,33,95,10822.91,3,3,3,Lost
2981.0,2025-10-19,12,80,10813.31,4,1,3,Lost
4607.0,2025-10-31,0,91,10812.51,6,3,3,Lost
379.0,2025-10-14,17,84,10809.95,4,1,3,Lost
3359.0,2025-10-25,6,92,10808.8,5,3,3,Lost
4527.0,2025-09-23,38,91,10802.96,3,3,3,Lost
73.0,2025-10-07,24,84,10802.14,3,1,3,Lost
2480.0,2025-10-23,8,95,10801.5,5,3,3,Lost
709.0,2025-10-23,8,90,10797.17,5,2,3,Lost
4623.0,2025-10-30,1,95,10796.42,6,3,3,Lost
1255.0,2025-10-01,30,92,10796.15,3,3,3,Lost
3093.0,2025-10-08,23,87,10795.29,3,2,3,Lost
3429.0,2025-10-28,3,94,10788.36,6,3,3,Lost
2648.0,2025-10-04,27,86,10785.63,3,2,3,Lost
494.0,2025-09-27,34,90,10785.51,3,2,3,Lost
3064.0,2025-10-12,19,89,10784.92,4,2,3,Lost
4123.0,2025-10-22,9,89,10783.74,5,2,3,Lost
109.0,2025-09-26,35,85,10781.35,3,1,3,Lost
3901.0,2025-10-21,10,91,10781.03,5,3,3,Lost
4615.0,2025-09-25,36,94,10776.6,3,3,3,Lost
438.0,2025-10-16,15,92,10774.97,4,3,3,Lost
3463.0,2025-10-31,0,94,10771.86,6,3,3,Lost
26.0,2025-10-19,12,95,10767.67,4,3,3,Lost
1420.0,2025-09-29,32,80,10767.26,3,1,3,Lost
1219.0,2025-10-27,4,88,10759.77,6,2,3,Lost
499.0,2025-10-07,24,93,10759.69,3,3,3,Lost
3689.0,2025-10-30,1,90,10758.11,6,2,3,Lost
1336.0,2025-10-29,2,88,10755.81,6,2,3,Lost
2060.0,2025-10-13,18,77,10755.28,4,1,3,Lost
1519.0,2025-10-22,9,94,10750.67,5,3,3,Lost
4200.0,2025-10-19,12,93,10749.09,4,3,3,Lost
4885.0,2025-10-14,17,87,10745.82,4,2,3,Lost
715.0,2025-10-26,5,90,10743.86,5,2,3,Lost
4814.0,2025-10-24,7,85,10743.63,5,1,3,Lost
3325.0,2025-10-17,14,92,10743.4,4,3,3,Lost
4927.0,2025-10-13,18,81,10740.64,4,1,3,Lost
628.0,2025-10-10,21,86,10738.59,4,2,3,Lost
2828.0,2025-10-19,12,94,10736.05,4,3,3,Lost
192.0,2025-10-08,23,79,10735.87,3,1,3,Lost
4407.0,2025-10-26,5,93,10735.5,5,3,3,Lost
1590.0,2025-10-19,12,83,10732.5,4,1,3,Lost
3009.0,2025-09-28,33,94,10731.71,3,3,3,Lost
620.0,2025-10-31,0,93,10730.57,6,3,3,Lost
4455.0,2025-10-31,0,95,10728.6,6,3,3,Lost
28.0,2025-10-29,2,76,10727.19,6,1,3,Lost
4133.0,2025-10-29,2,84,10724.19,6,1,3,Lost
4234.0,2025-10-16,15,95,10720.86,4,3,3,Lost
3373.0,2025-10-26,5,95,10720.62,5,3,3,Lost
4064.0,2025-10-25,6,92,10719.44,5,3,3,Lost
1834.0,2025-10-28,3,85,10718.64,6,1,3,Lost
1094.0,2025-09-26,35,84,10716.25,3,1,3,Lost
1361.0,2025-10-22,9,88,10715.01,5,2,3,Lost
3344.0,2025-10-16,15,91,10714.3,4,3,3,Lost
4121.0,2025-10-16,15,72,10712.96,4,1,3,Lost
2093.0,2025-10-27,4,84,10712.13,6,1,3,Lost
4695.0,2025-10-31,0,87,10710.6,6,2,3,Lost
4933.0,2025-10-09,22,92,10706.83,3,3,3,Lost
1120.0,2025-10-29,2,86,10705.37,6,2,3,Lost
558.0,2025-10-12,19,91,10704.39,4,2,3,Lost
3985.0,2025-10-27,4,91,10702.87,6,3,3,Lost
4702.0,2025-09-27,34,84,10701.5,3,1,3,Lost
1731.0,2025-10-30,1,91,10701.16,6,2,3,Lost
1795.0,2025-10-14,17,83,10701.01,4,1,3,Lost
1217.0,2025-10-30,1,95,10699.11,6,3,3,Lost
4435.0,2025-10-16,15,91,10698.43,4,3,3,Lost
2627.0,2025-10-18,13,91,10697.05,4,3,3,Lost
1101.0,2025-10-02,29,74,10695.65,3,1,3,Lost
3085.0,2025-10-22,9,87,10695.33,5,2,3,Lost
1601.0,2025-10-29,2,89,10692.98,6,2,3,Lost
4494.0,2025-10-11,20,83,10685.99,4,1,3,Lost
3160.0,2025-09-26,35,88,10683.87,3,2,3,Lost
2074.0,2025-09-23,38,93,10679.98,3,3,3,Lost
4258.0,2025-10-08,23,89,10677.13,3,2,3,Lost
1776.0,2025-10-12,19,89,10676.57,4,2,3,Lost
3734.0,2025-10-24,7,90,10675.99,5,2,3,Lost
3882.0,2025-10-12,19,91,10675.49,4,3,3,Lost
783.0,2025-10-15,16,90,10671.45,4,2,3,Lost
3804.0,2025-10-27,4,93,10671.17,6,3,3,Lost
4307.0,2025-09-23,38,88,10669.29,3,2,3,Lost
1942.0,2025-10-05,26,92,10668.93,3,3,3,Lost
272.0,2025-10-28,3,95,10668.05,6,3,3,Lost
4898.0,2025-10-17,14,92,10667.51,4,3,3,Lost
1647.0,2025-10-17,14,77,10665.59,4,1,3,Lost
2944.0,2025-10-12,19,95,10664.06,4,3,3,Lost
1772.0,2025-10-28,3,89,10663.8,6,2,3,Lost
2924.0,2025-10-03,28,89,10663.23,3,2,3,Lost
159.0,2025-10-09,22,85,10663.22,4,1,3,Lost
4853.0,2025-10-03,28,94,10661.18,3,3,3,Lost
2787.0,2025-10-07,24,90,10658.09,3,2,3,Lost
1726.0,2025-10-25,6,86,10657.56,5,2,3,Lost
5.0,2025-10-16,15,89,10657.03,4,2,3,Lost
3667.0,2025-10-13,18,69,10654.61,4,1,3,Lost
3137.0,2025-09-29,32,87,10650.28,3,2,3,Lost
4426.0,2025-10-22,9,85,10648.21,5,1,3,Lost
3630.0,2025-10-20,11,87,10648.13,5,2,3,Lost
2100.0,2025-10-08,23,95,10647.08,3,3,3,Lost
4325.0,2025-10-26,5,89,10645.64,5,2,3,Lost
3903.0,2025-10-11,20,94,10644.5,4,3,3,Lost
3001.0,2025-10-30,1,91,10642.13,6,3,3,Lost
293.0,2025-10-07,24,85,10639.88,3,1,3,Lost
745.0,2025-10-25,6,90,10639.04,5,2,3,Lost
3889.0,2025-10-10,21,90,10637.13,4,2,3,Lost
572.0,2025-10-30,1,82,10633.64,6,1,3,Lost
450.0,2025-10-21,10,96,10633.53,5,3,3,Lost
1182.0,2025-09-30,31,89,10632.26,3,2,3,Lost
4476.0,2025-10-07,24,86,10631.92,3,2,3,Lost
816.0,2025-09-24,37,79,10631.87,3,1,3,Lost
763.0,2025-10-23,8,82,10631.79,5,1,3,Lost
3822.0,2025-10-23,8,90,10631.78,5,2,3,Lost
582.0,2025-10-31,0,89,10626.18,6,2,3,Lost
3658.0,2025-10-27,4,83,10625.6,6,1,3,Lost
222.0,2025-10-25,6,82,10624.81,5,1,3,Lost
282.0,2025-10-30,1,85,10616.73,6,1,3,Lost
4074.0,2025-10-26,5,86,10615.76,5,2,3,Lost
538.0,2025-10-11,20,78,10614.07,4,1,3,Lost
2024.0,2025-10-02,29,94,10612.9,3,3,3,Lost
2454.0,2025-10-08,23,91,10612.59,3,3,3,Lost
796.0,2025-10-18,13,94,10607.28,4,3,3,Lost
4393.0,2025-10-23,8,92,10604.8,5,3,3,Lost
1303.0,2025-10-21,10,95,10602.77,5,3,3,Lost
3198.0,2025-10-20,11,86,10602.52,5,2,3,Lost
4256.0,2025-10-21,10,95,10595.91,5,3,3,Lost
873.0,2025-10-17,14,96,10591.0,4,3,3,Lost
3068.0,2025-10-26,5,85,10589.82,5,1,3,Lost
1645.0,2025-10-31,0,81,10588.92,6,1,3,Lost
4351.0,2025-10-12,19,92,10587.28,4,3,3,Lost
1797.0,2025-10-29,2,93,10586.54,6,3,3,Lost
1267.0,2025-10-11,20,96,10586.37,4,3,3,Lost
2383.0,2025-10-25,6,91,10583.84,5,3,3,Lost
4300.0,2025-10-14,17,92,10581.34,4,3,3,Lost
1430.0,2025-09-25,36,87,10578.25,3,2,3,Lost
1384.0,2025-10-27,4,92,10574.28,6,3,3,Lost
565.0,2025-10-21,10,93,10574.04,5,3,3,Lost
1486.0,2025-10-07,24,91,10574.02,3,2,3,Lost
2728.0,2025-10-13,18,94,10572.98,4,3,3,Lost
1174.0,2025-10-31,0,94,10572.24,6,3,3,Lost
1351.0,2025-10-11,20,89,10571.8,4,2,3,Lost
664.0,2025-10-02,29,87,10571.38,3,2,3,Lost
2739.0,2025-10-17,14,78,10569.62,4,1,3,Lost
3092.0,2025-10-08,23,87,10566.04,3,2,3,Lost
3388.0,2025-09-28,33,93,10564.63,3,3,3,Lost
725.0,2025-10-31,0,96,10559.91,6,3,3,Lost
246.0,2025-10-21,10,80,10558.18,5,1,3,Lost
154.0,2025-10-23,8,82,10546.46,5,1,3,Lost
4120.0,2025-10-07,24,94,10545.97,3,3,3,Lost
29.0,2025-10-31,0,95,10543.28,6,3,3,Lost
3397.0,2025-10-22,9,91,10542.78,5,3,3,Lost
3722.0,2025-10-07,24,93,10541.48,3,3,3,Lost
1118.0,2025-10-02,29,88,10538.68,3,2,3,Lost
2590.0,2025-10-31,0,93,10537.18,6,3,3,Lost
2474.0,2025-10-16,15,84,10534.75,4,1,3,Lost
4132.0,2025-10-27,4,84,10534.55,5,1,3,Lost
4330.0,2025-10-26,5,85,10534.3,5,1,3,Lost
3599.0,2025-10-31,0,81,10534.07,6,1,3,Lost
2021.0,2025-10-03,28,94,10532.3,3,3,3,Lost
3812.0,2025-10-04,27,76,10529.92,3,1,3,Lost
806.0,2025-10-14,17,89,10526.47,4,2,3,Lost
226.0,2025-10-04,27,85,10525.38,3,1,3,Lost
1129.0,2025-10-12,19,82,10524.78,4,1,3,Lost
2743.0,2025-10-31,0,91,10524.59,6,3,3,Lost
1546.0,2025-10-28,3,85,10520.41,6,1,3,Lost
2448.0,2025-10-06,25,93,10519.04,3,3,3,Lost
869.0,2025-10-07,24,86,10518.96,3,2,3,Lost
4620.0,2025-10-23,8,91,10518.87,5,3,3,Lost
3401.0,2025-10-28,3,93,10513.75,6,3,3,Lost
1059.0,2025-09-26,35,88,10513.17,3,2,3,Lost
1557.0,2025-09-26,35,88,10508.89,3,2,3,Lost
4559.0,2025-10-23,8,90,10508.35,5,2,3,Lost
2970.0,2025-09-29,32,94,10508.16,3,3,3,Lost
2529.0,2025-10-31,0,93,10506.27,6,3,3,Lost
307.0,2025-09-24,37,87,10505.91,3,2,3,Lost
3105.0,2025-10-13,18,95,10502.96,4,3,3,Lost
2826.0,2025-10-26,5,95,10502.42,5,3,3,Lost
97.0,2025-10-28,3,83,10498.61,6,1,3,Lost
57.0,2025-10-14,17,74,10498.56,4,1,3,Lost
1491.0,2025-10-28,3,94,10498.12,6,3,3,Lost
3108.0,2025-10-23,8,91,10492.16,5,3,3,Lost
3837.0,2025-10-08,23,94,10491.37,3,3,3,Lost
112.0,2025-10-17,14,89,10490.34,4,2,3,Lost
3625.0,2025-10-23,8,86,10489.2,5,2,3,Lost
2547.0,2025-10-26,5,87,10487.56,5,2,3,Lost
4550.0,2025-10-20,11,94,10486.99,4,3,3,Lost
4364.0,2025-10-08,23,88,10486.63,3,2,3,Lost
1568.0,2025-10-25,6,83,10485.93,5,1,3,Lost
3537.0,2025-10-19,12,90,10482.5,4,2,3,Lost
2229.0,2025-10-27,4,85,10481.71,6,1,3,Lost
248.0,2025-10-06,25,80,10481.31,3,1,3,Lost
2255.0,2025-10-15,16,94,10475.59,4,3,3,Lost
3241.0,2025-10-29,2,93,10474.38,6,3,3,Lost
789.0,2025-10-23,8,94,10473.83,5,3,3,Lost
3805.0,2025-10-13,18,86,10473.66,4,2,3,Lost
2556.0,2025-10-08,23,89,10473.3,3,2,3,Lost
2611.0,2025-10-27,4,92,10470.45,6,3,3,Lost
3637.0,2025-10-22,9,93,10469.47,5,3,3,Lost
804.0,2025-10-05,26,89,10469.39,3,2,3,Lost
374.0,2025-10-20,11,91,10469.29,5,2,3,Lost
1949.0,2025-10-14,17,92,10464.9,4,3,3,Lost
3027.0,2025-10-26,5,79,10462.47,5,1,3,Lost
1205.0,2025-10-26,5,96,10461.62,5,3,3,Lost
3079.0,2025-10-14,17,84,10458.74,4,1,3,Lost
403.0,2025-10-25,6,86,10456.17,5,2,3,Lost
2304.0,2025-09-24,37,90,10454.93,3,2,3,Lost
1855.0,2025-10-11,20,94,10454.26,4,3,3,Lost
4092.0,2025-10-07,24,88,10453.31,3,2,3,Lost
4259.0,2025-10-01,30,87,10451.16,3,2,3,Lost
2320.0,2025-10-17,14,85,10449.9,4,1,3,Lost
398.0,2025-10-22,9,87,10444.61,5,2,3,Lost
2955.0,2025-10-19,12,89,10442.33,4,2,3,Lost
4165.0,2025-10-30,1,95,10439.55,6,3,3,Lost
4266.0,2025-09-27,34,88,10436.58,3,2,3,Lost
2601.0,2025-10-06,25,85,10432.89,3,1,3,Lost
1554.0,2025-10-13,18,90,10430.79,4,2,3,Lost
4792.0,2025-10-03,28,82,10419.52,3,1,3,Lost
3877.0,2025-10-11,20,82,10417.84,4,1,3,Lost
4205.0,2025-10-16,15,91,10415.19,4,3,3,Lost
563.0,2025-10-14,17,96,10412.26,4,3,3,Lost
3220.0,2025-10-25,6,89,10411.52,5,2,2,Lost
2978.0,2025-10-23,8,90,10411.06,5,2,2,Lost
4674.0,2025-10-12,19,100,10410.88,4,4,2,Lost
4768.0,2025-10-01,30,74,10407.84,3,1,2,Lost
1513.0,2025-10-29,2,86,10406.66,6,2,2,Lost
1606.0,2025-10-30,1,99,10405.28,6,4,2,Lost
4728.0,2025-09-18,43,85,10401.67,2,1,2,Lost
4707.0,2025-10-11,20,88,10401.56,4,2,2,Lost
114.0,2025-10-11,20,85,10398.47,4,1,2,Lost
3567.0,2025-10-05,26,100,10398.14,3,4,2,Lost
4044.0,2025-10-12,19,91,10396.1,4,3,2,Lost
1818.0,2025-09-23,38,89,10395.76,3,2,2,Lost
81.0,2025-10-29,2,109,10395.12,6,5,2,Lost
1070.0,2025-10-03,28,86,10393.97,3,2,2,Lost
3601.0,2025-10-05,26,88,10391.43,3,2,2,Lost
3168.0,2025-10-11,20,87,10388.79,4,2,2,Lost
2258.0,2025-10-25,6,100,10388.53,5,4,2,Lost
2710.0,2025-10-15,16,101,10387.25,4,4,2,Lost
2097.0,2025-09-15,46,86,10386.24,2,2,2,Lost
4342.0,2025-10-30,1,92,10385.92,6,3,2,Lost
1517.0,2025-10-02,29,93,10384.77,3,3,2,Lost
207.0,2025-10-23,8,90,10382.98,5,2,2,Lost
2329.0,2025-10-30,1,88,10381.75,6,2,2,Lost
630.0,2025-10-22,9,97,10381.53,5,4,2,Lost
1744.0,2025-10-15,16,92,10381.44,4,3,2,Lost
4908.0,2025-10-12,19,88,10378.66,4,2,2,Lost
2433.0,2025-10-26,5,84,10377.04,5,1,2,Lost
1234.0,2025-10-20,11,107,10377.0,5,5,2,Lost
4714.0,2025-10-29,2,103,10376.66,6,5,2,Lost
3916.0,2025-10-10,21,95,10372.21,4,3,2,Lost
2821.0,2025-10-04,27,84,10372.15,3,1,2,Lost
1460.0,2025-10-29,2,111,10370.76,6,5,2,Lost
4126.0,2025-10-11,20,107,10369.65,4,5,2,Lost
1608.0,2025-09-28,33,89,10368.75,3,2,2,Lost
3481.0,2025-09-23,38,78,10367.55,3,1,2,Lost
3954.0,2025-10-30,1,89,10365.29,6,2,2,Lost
4565.0,2025-09-24,37,92,10365.18,3,3,2,Lost
2399.0,2025-10-04,27,99,10363.5,3,4,2,Lost
2459.0,2025-10-30,1,101,10363.16,6,4,2,Lost
4522.0,2025-10-30,1,94,10362.27,6,3,2,Lost
4353.0,2025-10-22,9,89,10362.19,5,2,2,Lost
1414.0,2025-10-22,9,81,10361.87,5,1,2,Lost
3681.0,2025-10-25,6,91,10361.56,5,3,2,Lost
2468.0,2025-09-29,32,101,10360.6,3,4,2,Lost
1698.0,2025-10-29,2,97,10359.69,6,4,2,Lost
45.0,2025-10-22,9,100,10358.65,5,4,2,Lost
4475.0,2025-10-24,7,86,10358.2,5,2,2,Lost
2442.0,2025-09-09,52,88,10356.13,2,2,2,Lost
2247.0,2025-09-28,33,98,10355.21,3,4,2,Lost
3731.0,2025-10-27,4,86,10354.46,6,2,2,Lost
2411.0,2025-10-27,4,88,10353.97,6,2,2,Lost
2220.0,2025-10-01,30,80,10353.43,3,1,2,Lost
2536.0,2025-10-11,20,83,10353.24,4,1,2,Lost
4590.0,2025-10-27,4,100,10351.77,5,4,2,Lost
3641.0,2025-10-30,1,91,10350.09,6,3,2,Lost
4770.0,2025-10-02,29,88,10349.03,3,2,2,Lost
3414.0,2025-09-18,43,76,10348.12,2,1,2,Lost
3021.0,2025-10-12,19,93,10347.87,4,3,2,Lost
4451.0,2025-10-12,19,85,10347.44,4,1,2,Lost
3219.0,2025-10-31,0,96,10347.15,6,4,2,Lost
4859.0,2025-10-30,1,100,10346.88,6,4,2,Lost
1837.0,2025-10-17,14,74,10346.62,4,1,2,Lost
817.0,2025-08-14,78,91,10345.73,2,2,2,Lost
2709.0,2025-10-11,20,111,10345.54,4,5,2,Lost
1915.0,2025-09-10,51,88,10345.52,2,2,2,Lost
3729.0,2025-08-15,77,89,10345.2,2,2,2,Lost
2701.0,2025-10-29,2,82,10344.59,6,1,2,Lost
3116.0,2025-10-13,18,89,10343.28,4,2,2,Lost
3530.0,2025-10-16,15,97,10343.1,4,4,2,Lost
3935.0,2025-10-07,24,98,10340.3,3,4,2,Lost
33.0,2025-10-30,1,102,10339.84,6,5,2,Lost
1579.0,2025-10-25,6,78,10339.56,5,1,2,Lost
1800.0,2025-10-20,11,90,10337.78,5,2,2,Lost
4073.0,2025-10-26,5,108,10335.85,5,5,2,Lost
3922.0,2025-09-23,38,99,10334.89,3,4,2,Lost
4804.0,2025-10-21,10,92,10334.78,5,3,2,Lost
2742.0,2025-10-06,25,93,10333.72,3,3,2,Lost
1910.0,2025-10-18,13,86,10333.51,4,2,2,Lost
967.0,2025-10-23,8,90,10330.84,5,2,2,Lost
2488.0,2025-10-27,4,86,10328.87,6,2,2,Lost
1435.0,2025-10-22,9,111,10328.82,5,5,2,Lost
2668.0,2025-10-12,19,87,10327.07,4,2,2,Lost
555.0,2025-10-28,3,103,10326.66,6,5,2,Lost
3914.0,2025-10-11,20,85,10323.83,4,1,2,Lost
485.0,2025-09-10,51,83,10323.57,2,1,2,Lost
1673.0,2025-10-09,22,88,10323.32,4,2,2,Lost
3510.0,2025-10-21,10,83,10323.07,5,1,2,Lost
4619.0,2025-10-26,5,90,10322.4,5,2,2,Lost
1415.0,2025-08-08,84,85,10322.28,2,1,2,Lost
2501.0,2025-10-28,3,88,10321.85,6,2,2,Lost
4035.0,2025-10-15,16,82,10320.37,4,1,2,Lost
2695.0,2025-10-23,8,104,10319.48,5,5,2,Lost
3423.0,2025-10-29,2,95,10317.2,6,3,2,Lost
1313.0,2025-10-21,10,87,10315.39,5,2,2,Lost
1277.0,2025-09-27,34,93,10313.92,3,3,2,Lost
2525.0,2025-10-31,0,83,10313.39,6,1,2,Lost
2885.0,2025-09-07,54,89,10313.0,2,2,2,Lost
3962.0,2025-10-27,4,96,10312.67,6,4,2,Lost
2907.0,2025-10-19,12,93,10312.13,4,3,2,Lost
1994.0,2025-10-29,2,94,10311.82,6,3,2,Lost
2500.0,2025-10-25,6,97,10311.02,5,4,2,Lost
4688.0,2025-10-13,18,87,10308.12,4,2,2,Lost
138.0,2025-08-28,64,78,10307.34,2,1,2,Lost
3366.0,2025-08-11,81,88,10306.53,2,2,2,Lost
413.0,2025-08-28,64,74,10306.52,2,1,2,Lost
2827.0,2025-09-16,45,90,10305.38,2,2,2,Lost
1650.0,2025-10-14,17,98,10304.2,4,4,2,Lost
259.0,2025-10-29,2,98,10303.1,6,4,2,Lost
4334.0,2025-08-19,73,77,10302.3,2,1,2,Lost
2593.0,2025-10-19,12,114,10302.16,4,5,2,Lost
670.0,2025-10-04,27,83,10301.57,3,1,2,Lost
1634.0,2025-10-27,4,95,10297.3,6,3,2,Lost
4902.0,2025-10-05,26,101,10296.07,3,5,2,Lost
1911.0,2025-10-18,13,94,10294.96,4,3,2,Lost
1992.0,2025-10-12,19,87,10292.73,4,2,2,Lost
2326.0,2025-10-14,17,73,10292.61,4,1,2,Lost
3434.0,2025-10-30,1,82,10292.59,6,1,2,Lost
2285.0,2025-10-25,6,99,10291.74,5,4,2,Lost
3626.0,2025-10-03,28,105,10291.33,3,5,2,Lost
4040.0,2025-10-30,1,93,10288.19,6,3,2,Lost
777.0,2025-10-07,24,92,10287.66,3,3,2,Lost
4261.0,2025-10-11,20,84,10285.51,4,1,2,Lost
387.0,2025-09-19,42,79,10285.15,2,1,2,Lost
4912.0,2025-10-14,17,96,10284.48,4,4,2,Lost
761.0,2025-10-25,6,89,10282.55,5,2,2,Lost
2296.0,2025-09-02,59,87,10281.8,2,2,2,Lost
2671.0,2025-10-08,23,89,10278.69,3,2,2,Lost
1821.0,2025-10-29,2,101,10278.08,6,4,2,Lost
1656.0,2025-10-18,13,97,10277.79,4,4,2,Lost
2045.0,2025-10-30,1,104,10277.62,6,5,2,Lost
3180.0,2025-10-12,19,89,10274.86,4,2,2,Lost
4711.0,2025-10-27,4,98,10274.85,5,4,2,Lost
2335.0,2025-10-01,30,93,10274.76,3,3,2,Lost
4905.0,2025-09-10,51,85,10274.74,2,1,2,Lost
2286.0,2025-09-30,31,87,10269.73,3,2,2,Lost
1466.0,2025-10-31,0,90,10268.26,6,2,2,Lost
4052.0,2025-09-23,38,96,10267.65,3,4,2,Lost
3755.0,2025-10-21,10,101,10267.33,5,4,2,Lost
4077.0,2025-10-09,22,85,10267.0,3,1,2,Lost
3945.0,2025-10-26,5,90,10266.62,5,2,2,Lost
4026.0,2025-10-31,0,86,10266.31,6,2,2,Lost
1318.0,2025-10-29,2,94,10265.27,6,3,2,Lost
2108.0,2025-10-26,5,87,10262.72,5,2,2,Lost
1860.0,2025-10-11,20,94,10262.52,4,3,2,Lost
2866.0,2025-10-27,4,76,10262.48,6,1,2,Lost
536.0,2025-10-17,14,108,10260.63,4,5,2,Lost
2357.0,2025-10-16,15,90,10259.98,4,2,2,Lost
4821.0,2025-10-19,12,97,10259.71,4,4,2,Lost
3374.0,2025-10-26,5,106,10256.91,5,5,2,Lost
2784.0,2025-10-21,10,104,10255.82,5,5,2,Lost
165.0,2025-09-04,57,90,10255.43,2,2,2,Lost
2457.0,2025-10-29,2,86,10253.0,6,2,2,Lost
4889.0,2025-10-08,23,104,10252.24,3,5,2,Lost
930.0,2025-10-29,2,85,10251.87,6,1,2,Lost
3884.0,2025-10-16,15,103,10251.7,4,5,2,Lost
4987.0,2025-10-13,18,93,10251.6,4,3,2,Lost
1580.0,2025-10-29,2,87,10251.06,6,2,2,Lost
1741.0,2025-10-30,1,89,10249.97,6,2,2,Lost
1473.0,2025-09-29,32,96,10249.73,3,4,2,Lost
2883.0,2025-08-12,80,86,10249.69,2,2,2,Lost
3813.0,2025-10-30,1,88,10249.46,6,2,2,Lost
756.0,2025-10-28,3,97,10248.2,6,4,2,Lost
3768.0,2025-09-26,35,100,10246.69,3,4,2,Lost
4362.0,2025-10-27,4,96,10246.66,5,4,2,Lost
4189.0,2025-10-31,0,91,10246.57,6,3,2,Lost
3034.0,2025-10-23,8,83,10246.21,5,1,2,Lost
3742.0,2025-10-01,30,100,10245.83,3,4,2,Lost
4264.0,2025-10-28,3,95,10245.36,6,3,2,Lost
4771.0,2025-10-08,23,104,10245.05,3,5,2,Lost
418.0,2025-10-31,0,81,10241.43,6,1,2,Lost
19.0,2025-10-31,0,65,10240.6,6,1,2,Lost
4237.0,2025-10-24,7,86,10240.58,5,2,2,Lost
1038.0,2025-10-08,23,101,10238.55,3,4,2,Lost
1925.0,2025-10-22,9,102,10238.38,5,5,2,Lost
4183.0,2025-10-24,7,83,10237.82,5,1,2,Lost
833.0,2025-10-17,14,85,10237.58,4,1,2,Lost
1509.0,2025-09-14,47,83,10236.79,2,1,2,Lost
122.0,2025-10-25,6,83,10236.5,5,1,2,Lost
2766.0,2025-10-23,8,105,10236.43,5,5,2,Lost
4971.0,2025-10-06,25,100,10235.12,3,4,2,Lost
101.0,2025-10-31,0,85,10233.87,6,1,2,Lost
4697.0,2025-10-25,6,97,10233.53,5,4,2,Lost
2634.0,2025-10-17,14,88,10233.34,4,2,2,Lost
902.0,2025-10-15,16,102,10231.3,4,5,2,Lost
882.0,2025-09-24,37,90,10229.8,3,2,2,Lost
1162.0,2025-10-23,8,95,10229.08,5,3,2,Lost
1492.0,2025-10-23,8,75,10228.66,5,1,2,Lost
1923.0,2025-10-28,3,89,10227.81,6,2,2,Lost
2095.0,2025-10-15,16,96,10225.26,4,4,2,Lost
2537.0,2025-10-25,6,89,10224.69,5,2,2,Lost
251.0,2025-10-15,16,90,10224.37,4,2,2,Lost
4715.0,2025-10-26,5,99,10223.79,5,4,2,Lost
1556.0,2025-10-25,6,96,10222.29,5,4,2,Lost
1110.0,2025-08-20,72,79,10222.09,2,1,2,Lost
292.0,2025-10-21,10,93,10219.52,5,3,2,Lost
465.0,2025-08-17,75,89,10219.28,2,2,2,Lost
3944.0,2025-10-18,13,85,10217.5,4,1,2,Lost
1176.0,2025-10-31,0,98,10216.78,6,4,2,Lost
18.0,2025-10-19,12,99,10215.82,4,4,2,Lost
1521.0,2025-10-04,27,93,10214.14,3,3,2,Lost
699.0,2025-10-22,9,98,10212.8,5,4,2,Lost
3971.0,2025-10-12,19,74,10212.75,4,1,2,Lost
1467.0,2025-10-27,4,102,10211.6,6,5,2,Lost
4787.0,2025-10-06,25,85,10211.58,3,1,2,Lost
1108.0,2025-10-04,27,96,10211.53,3,3,2,Lost
1819.0,2025-10-14,17,97,10210.51,4,4,2,Lost
4219.0,2025-10-26,5,90,10209.7,5,2,2,Lost
3881.0,2025-09-19,42,82,10209.15,2,1,2,Lost
3132.0,2025-10-07,24,89,10208.81,3,2,2,Lost
3150.0,2025-09-30,31,78,10203.09,3,1,2,Lost
2282.0,2025-10-30,1,108,10200.38,6,5,2,Lost
2085.0,2025-10-06,25,80,10200.04,3,1,2,Lost
2343.0,2025-10-21,10,92,10199.08,5,3,2,Lost
2237.0,2025-09-27,34,87,10198.47,3,2,2,Lost
4439.0,2025-10-21,10,84,10197.92,5,1,2,Lost
2666.0,2025-08-29,63,83,10197.49,2,1,2,Lost
3279.0,2025-10-22,9,78,10196.87,5,1,2,Lost
2716.0,2025-10-28,3,105,10195.27,6,5,2,Lost
2991.0,2025-10-25,6,84,10195.17,5,1,2,Lost
4984.0,2025-09-30,31,85,10195.09,3,1,2,Lost
3957.0,2025-09-25,36,94,10194.71,3,3,2,Lost
3757.0,2025-10-26,5,100,10194.6,5,4,2,Lost
328.0,2025-10-27,4,91,10194.43,6,2,2,Lost
2392.0,2025-10-11,20,91,10193.25,4,3,2,Lost
1113.0,2025-09-29,32,91,10188.06,3,2,2,Lost
3904.0,2025-10-09,22,91,10186.04,3,3,2,Lost
1514.0,2025-10-07,24,82,10184.6,3,1,2,Lost
2929.0,2025-08-30,62,86,10182.87,2,2,2,Lost
3290.0,2025-10-28,3,95,10181.23,6,3,2,Lost
2685.0,2025-10-10,21,91,10179.95,4,3,2,Lost
530.0,2025-09-30,31,91,10178.13,3,2,2,Lost
37.0,2025-10-28,3,88,10177.47,6,2,2,Lost
2140.0,2025-10-24,7,104,10177.08,5,5,2,Lost
771.0,2025-10-14,17,101,10176.08,4,4,2,Lost
3227.0,2025-10-21,10,102,10175.79,5,5,2,Lost
3787.0,2025-09-18,43,89,10174.98,2,2,2,Lost
4596.0,2025-10-11,20,93,10174.8,4,3,2,Lost
4141.0,2025-10-23,8,89,10174.18,5,2,2,Lost
3354.0,2025-10-21,10,95,10173.89,5,3,2,Lost
3284.0,2025-10-22,9,80,10173.49,5,1,2,Lost
2214.0,2025-10-11,20,84,10173.12,4,1,2,Lost
4951.0,2025-10-17,14,94,10172.27,4,3,2,Lost
1128.0,2025-10-28,3,102,10171.13,6,5,2,Lost
2645.0,2025-10-30,1,100,10170.65,6,4,2,Lost
4012.0,2025-10-22,9,106,10170.41,5,5,2,Lost
1841.0,2025-10-26,5,92,10169.3,5,3,2,Lost
2814.0,2025-10-31,0,92,10168.99,6,3,2,Lost
326.0,2025-10-03,28,103,10163.55,3,5,2,Lost
4516.0,2025-10-25,6,96,10160.81,5,4,2,Lost
2210.0,2025-10-08,23,73,10157.78,3,1,2,Lost
1873.0,2025-10-31,0,88,10153.72,6,2,2,Lost
975.0,2025-10-16,15,91,10153.11,4,2,2,Lost
469.0,2025-10-30,1,94,10152.52,6,3,2,Lost
3479.0,2025-10-05,26,95,10150.6,3,3,2,Lost
4552.0,2025-10-11,20,99,10150.48,4,4,2,Lost
2146.0,2025-08-23,69,86,10150.14,2,2,2,Lost
4276.0,2025-10-07,24,85,10148.93,3,1,2,Lost
826.0,2025-10-23,8,91,10148.88,5,2,2,Lost
4127.0,2025-10-08,23,74,10148.6,3,1,2,Lost
3654.0,2025-10-30,1,86,10146.4,6,2,2,Lost
1668.0,2025-10-30,1,89,10142.96,6,2,2,Lost
3357.0,2025-10-29,2,98,10141.72,6,4,2,Lost
4066.0,2025-10-21,10,95,10141.3,5,3,2,Lost
4314.0,2025-10-12,19,95,10140.6,4,3,2,Lost
1227.0,2025-10-02,29,81,10140.2,3,1,2,Lost
183.0,2025-10-26,5,79,10139.92,5,1,2,Lost
732.0,2025-10-28,3,86,10137.36,6,2,2,Lost
4899.0,2025-10-27,4,85,10136.45,5,1,2,Lost
4921.0,2025-10-07,24,84,10136.28,3,1,2,Lost
327.0,2025-09-27,34,81,10135.92,3,1,2,Lost
8.0,2025-10-26,5,97,10133.17,5,4,2,Lost
90.0,2025-10-16,15,92,10132.51,4,3,2,Lost
1801.0,2025-10-05,26,91,10131.9,3,2,2,Lost
263.0,2025-10-03,28,96,10130.37,3,3,2,Lost
2503.0,2025-10-29,2,83,10128.53,6,1,2,Lost
3728.0,2025-10-09,22,88,10128.43,3,2,2,Lost
3632.0,2025-10-05,26,84,10125.7,3,1,2,Lost
184.0,2025-09-19,42,91,10125.69,2,2,2,Lost
3776.0,2025-10-19,12,103,10124.98,4,5,2,Lost
4598.0,2025-10-11,20,96,10123.09,4,4,2,Lost
2641.0,2025-10-14,17,85,10120.74,4,1,2,Lost
3304.0,2025-08-30,62,89,10120.56,2,2,2,Lost
385.0,2025-10-11,20,85,10119.76,4,1,2,Lost
407.0,2025-10-25,6,89,10118.91,5,2,2,Lost
4101.0,2025-10-08,23,86,10117.36,3,2,2,Lost
613.0,2025-10-25,6,89,10116.68,5,2,2,Lost
4795.0,2025-10-02,29,82,10116.42,3,1,2,Lost
1471.0,2025-10-31,0,95,10115.26,6,3,2,Lost
311.0,2025-10-17,14,88,10114.62,4,2,2,Lost
2098.0,2025-10-20,11,90,10114.54,5,2,2,Lost
1325.0,2025-10-25,6,85,10114.19,5,1,2,Lost
3648.0,2025-10-06,25,99,10114.08,3,4,2,Lost
1499.0,2025-10-24,7,104,10113.11,5,5,2,Lost
3710.0,2025-09-29,32,94,10112.71,3,3,2,Lost
3851.0,2025-08-16,76,85,10112.7,2,1,2,Lost
4034.0,2025-10-13,18,95,10111.4,4,3,2,Lost
4453.0,2025-10-28,3,99,10110.11,6,4,2,Lost
1858.0,2025-09-23,38,95,10109.56,3,3,2,Lost
4856.0,2025-10-08,23,83,10108.4,3,1,2,Lost
2770.0,2025-10-04,27,87,10108.38,3,2,2,Lost
1396.0,2025-10-01,30,85,10106.01,3,1,2,Lost
2234.0,2025-10-31,0,74,10105.32,6,1,2,Lost
2704.0,2025-10-22,9,84,10101.64,5,1,2,Lost
2803.0,2025-10-10,21,95,10101.59,4,3,2,Lost
2373.0,2025-10-21,10,80,10100.49,5,1,2,Lost
178.0,2025-10-12,19,100,10098.4,4,4,2,Lost
4128.0,2025-10-18,13,89,10096.33,4,2,2,Lost
1034.0,2025-09-23,38,87,10096.08,3,2,2,Lost
658.0,2025-10-19,12,99,10095.75,4,4,2,Lost
1335.0,2025-08-08,84,88,10094.93,2,2,2,Lost
2871.0,2025-10-05,26,92,10092.97,3,3,2,Lost
2263.0,2025-10-21,10,84,10090.04,5,1,2,Lost
2507.0,2025-10-17,14,86,10089.53,4,2,2,Lost
4138.0,2025-10-12,19,106,10089.05,4,5,2,Lost
1891.0,2025-10-01,30,93,10089.04,3,3,2,Lost
343.0,2025-10-17,14,78,10087.87,4,1,2,Lost
346.0,2025-10-27,4,103,10086.65,6,5,2,Lost
2379.0,2025-10-31,0,93,10085.51,6,3,2,Lost
3040.0,2025-10-01,30,74,10085.51,3,1,2,Lost
1395.0,2025-09-27,34,97,10085.31,3,4,2,Lost
2259.0,2025-09-07,54,88,10085.3,2,2,2,Lost
2241.0,2025-08-23,69,89,10085.08,2,2,2,Lost
4379.0,2025-10-23,8,89,10084.72,5,2,2,Lost
750.0,2025-10-19,12,88,10084.5,4,2,2,Lost
2094.0,2025-08-26,66,87,10082.86,2,2,2,Lost
696.0,2025-10-13,18,81,10081.17,4,1,2,Lost
1304.0,2025-10-23,8,82,10081.17,5,1,2,Lost
2167.0,2025-10-15,16,81,10080.95,4,1,2,Lost
2988.0,2025-10-24,7,97,10078.57,5,4,2,Lost
4635.0,2025-10-15,16,88,10077.47,4,2,2,Lost
2202.0,2025-09-14,47,88,10076.94,2,2,2,Lost
830.0,2025-10-23,8,83,10076.57,5,1,2,Lost
2151.0,2025-10-25,6,82,10074.16,5,1,2,Lost
744.0,2025-10-19,12,91,10074.1,4,2,2,Lost
4961.0,2025-10-28,3,94,10071.2,6,3,2,Lost
2867.0,2025-10-16,15,89,10070.62,4,2,2,Lost
2947.0,2025-10-31,0,96,10066.55,6,4,2,Lost
4226.0,2025-10-23,8,103,10065.37,5,5,2,Lost
594.0,2025-09-07,54,86,10063.82,2,2,2,Lost
3949.0,2025-09-15,46,89,10063.42,2,2,2,Lost
1299.0,2025-10-08,23,88,10061.47,3,2,2,Lost
1109.0,2025-10-21,10,91,10060.81,5,2,2,Lost
3777.0,2025-10-03,28,98,10059.27,3,4,2,Lost
2422.0,2025-10-29,2,95,10059.08,6,3,2,Lost
420.0,2025-09-30,31,79,10059.0,3,1,2,Lost
1510.0,2025-10-09,22,97,10058.01,4,4,2,Lost
1340.0,2025-10-17,14,80,10057.32,4,1,2,Lost
4464.0,2025-10-25,6,97,10057.04,5,4,2,Lost
4878.0,2025-10-20,11,81,10056.87,4,1,2,Lost
3058.0,2025-10-25,6,87,10055.85,5,2,2,Lost
2333.0,2025-09-30,31,79,10055.22,3,1,2,Lost
1904.0,2025-10-31,0,100,10054.98,6,4,2,Lost
2940.0,2025-10-14,17,93,10053.54,4,3,2,Lost
1448.0,2025-10-10,21,85,10053.27,4,1,2,Lost
491.0,2025-07-06,117,89,10052.74,2,2,2,Lost
1613.0,2025-10-27,4,97,10052.17,6,4,2,Lost
2287.0,2025-10-20,11,96,10051.74,5,4,2,Lost
3233.0,2025-10-21,10,87,10051.01,5,2,2,Lost
1330.0,2025-10-31,0,87,10050.79,6,2,2,Lost
188.0,2025-10-24,7,87,10048.1,5,2,2,Lost
587.0,2025-10-25,6,105,10047.04,5,5,2,Lost
737.0,2025-09-12,49,90,10046.73,2,2,2,Lost
2617.0,2025-08-14,78,86,10045.25,2,2,2,Lost
584.0,2025-09-27,34,93,10044.06,3,3,2,Lost
4737.0,2025-10-14,17,101,10039.44,4,5,2,Lost
76.0,2025-10-29,2,90,10039.19,6,2,2,Lost
3282.0,2025-10-23,8,97,10038.19,5,4,2,Lost
3661.0,2025-10-16,15,99,10036.65,4,4,2,Lost
1422.0,2025-08-03,89,81,10036.64,2,1,2,Lost
2307.0,2025-10-14,17,75,10036.28,4,1,2,Lost
4554.0,2025-10-25,6,86,10035.98,5,2,2,Lost
312.0,2025-10-15,16,92,10035.37,4,3,2,Lost
1932.0,2025-10-30,1,99,10033.67,6,4,2,Lost
59.0,2025-10-08,23,85,10032.99,3,1,2,Lost
3316.0,2025-10-04,27,90,10032.9,3,2,2,Lost
1676.0,2025-08-28,64,85,10032.31,2,1,2,Lost
2367.0,2025-10-25,6,90,10032.3,5,2,2,Lost
1680.0,2025-10-28,3,98,10031.94,6,4,2,Lost
3652.0,2025-10-22,9,92,10030.25,5,3,2,Lost
4817.0,2025-10-07,24,89,10029.95,3,2,2,Lost
2132.0,2025-10-20,11,80,10029.46,5,1,2,Lost
680.0,2025-10-31,0,93,10028.8,6,3,2,Lost
3006.0,2025-10-13,18,82,10028.51,4,1,2,Lost
1887.0,2025-10-21,10,94,10026.72,5,3,2,Lost
1307.0,2025-10-04,27,79,10026.34,3,1,2,Lost
72.0,2025-10-29,2,100,10022.7,6,4,2,Lost
3333.0,2025-10-28,3,80,10021.02,6,1,2,Lost
4284.0,2025-07-29,94,84,10020.74,2,1,2,Lost
720.0,2025-09-04,57,88,10020.64,2,2,2,Lost
2794.0,2025-10-20,11,97,10020.55,5,4,2,Lost
2777.0,2025-10-24,7,98,10020.29,5,4,2,Lost
1879.0,2025-10-16,15,93,10020.03,4,3,2,Lost
2990.0,2025-09-14,47,88,10017.2,2,2,2,Lost
4072.0,2025-10-25,6,88,10017.06,5,2,2,Lost
4357.0,2025-08-07,85,83,10017.01,2,1,2,Lost
197.0,2025-08-02,90,88,10017.0,2,2,2,Lost
3807.0,2025-10-07,24,97,10016.4,3,4,2,Lost
4031.0,2025-10-28,3,80,10016.34,6,1,2,Lost
4419.0,2025-10-15,16,99,10016.07,4,4,2,Lost
3737.0,2025-10-19,12,82,10015.36,4,1,2,Lost
339.0,2025-10-31,0,95,10011.17,6,3,2,Lost
3482.0,2025-10-10,21,97,10009.35,4,4,2,Lost
2224.0,2025-10-07,24,98,10006.94,3,4,2,Lost
3334.0,2025-10-22,9,99,10005.83,5,4,2,Lost
160.0,2025-10-08,23,98,10003.87,3,4,2,Lost
3549.0,2025-10-18,13,110,10001.33,4,5,2,Lost
3660.0,2025-10-31,0,82,9997.85,6,1,2,Lost
2172.0,2025-08-29,63,88,9993.49,2,2,2,Lost
3223.0,2025-10-27,4,92,9992.43,6,3,2,Lost
1022.0,2025-10-26,5,91,9990.0,5,2,2,Lost
3685.0,2025-10-10,21,85,9989.46,4,1,2,Lost
4964.0,2025-10-21,10,100,9985.43,5,4,2,Lost
4941.0,2025-10-31,0,87,9983.66,6,2,2,Lost
2790.0,2025-10-01,30,95,9982.4,3,3,2,Lost
3828.0,2025-10-25,6,83,9982.09,5,1,2,Lost
1280.0,2025-10-11,20,91,9981.89,4,2,2,Lost
683.0,2025-09-28,33,86,9981.47,3,2,2,Lost
4759.0,2025-08-30,62,84,9980.59,2,1,2,Lost
813.0,2025-10-31,0,85,9979.78,6,1,2,Lost
361.0,2025-10-08,23,86,9977.92,3,2,2,Lost
4625.0,2025-10-12,19,79,9976.82,4,1,2,Lost
3152.0,2025-10-17,14,91,9976.61,4,3,2,Lost
4666.0,2025-10-24,7,91,9975.24,5,3,2,Lost
50.0,2025-10-26,5,98,9973.63,5,4,2,Lost
2381.0,2025-10-29,2,102,9973.21,6,5,2,Lost
1755.0,2025-10-15,16,101,9972.79,4,4,2,Lost
1136.0,2025-09-21,40,88,9971.88,2,2,2,Lost
3761.0,2025-10-29,2,89,9971.85,6,2,2,Lost
1929.0,2025-10-26,5,102,9971.23,5,5,2,Lost
2738.0,2025-10-29,2,99,9969.08,6,4,2,Lost
3369.0,2025-10-16,15,99,9968.33,4,4,2,Lost
2041.0,2025-10-29,2,99,9965.56,6,4,2,Lost
3136.0,2025-10-07,24,82,9965.46,3,1,2,Lost
41.0,2025-10-14,17,93,9964.67,4,3,2,Lost
3474.0,2025-10-19,12,84,9963.95,4,1,2,Lost
1116.0,2025-10-25,6,89,9963.51,5,2,2,Lost
4832.0,2025-10-23,8,89,9961.83,5,2,2,Lost
3581.0,2025-10-14,17,83,9960.73,4,1,2,Lost
4202.0,2025-10-06,25,94,9959.06,3,3,2,Lost
3996.0,2025-10-07,24,96,9958.98,3,4,2,Lost
2456.0,2025-10-05,26,111,9958.76,3,5,2,Lost
513.0,2025-08-19,73,89,9958.57,2,2,2,Lost
1901.0,2025-10-30,1,103,9957.31,6,5,2,Lost
1909.0,2025-10-31,0,89,9957.23,6,2,2,Lost
3850.0,2025-10-20,11,93,9956.97,5,3,2,Lost
3947.0,2025-10-11,20,96,9956.53,4,4,2,Lost
3994.0,2025-10-16,15,81,9956.05,4,1,2,Lost
4574.0,2025-09-30,31,101,9955.34,3,4,2,Lost
790.0,2025-09-29,32,86,9950.69,3,2,2,Lost
484.0,2025-10-14,17,97,9948.47,4,4,2,Lost
4780.0,2025-10-02,29,96,9946.9,3,4,2,Lost
4709.0,2025-09-14,47,81,9946.38,2,1,2,Lost
2901.0,2025-10-28,3,88,9944.85,6,2,2,Lost
2372.0,2025-10-20,11,95,9941.94,5,3,2,Lost
814.0,2025-09-29,32,89,9941.6,3,2,2,Lost
3394.0,2025-10-29,2,80,9939.81,6,1,2,Lost
391.0,2025-08-26,66,89,9937.51,2,2,2,Lost
3842.0,2025-10-29,2,95,9935.74,6,3,2,Lost
2736.0,2025-10-31,0,95,9934.71,6,3,2,Lost
3612.0,2025-10-22,9,86,9934.08,5,2,2,Lost
1956.0,2025-09-05,56,91,9933.47,2,2,2,Lost
3222.0,2025-10-26,5,88,9933.47,5,2,2,Lost
3207.0,2025-10-25,6,90,9933.31,5,2,2,Lost
1778.0,2025-10-09,22,86,9933.23,4,2,2,Lost
4069.0,2025-10-12,19,78,9933.22,4,1,2,Lost
923.0,2025-10-22,9,76,9932.46,5,1,2,Lost
1886.0,2025-10-24,7,104,9930.99,5,5,2,Lost
1151.0,2025-10-31,0,91,9926.01,6,2,2,Lost
4129.0,2025-10-16,15,93,9925.26,4,3,2,Lost
3974.0,2025-10-10,21,94,9921.79,4,3,2,Lost
35.0,2025-10-11,20,86,9921.62,4,1,2,Lost
1374.0,2025-10-21,10,109,9920.9,5,5,2,Lost
4349.0,2025-10-05,26,86,9920.14,3,2,2,Lost
1376.0,2025-10-14,17,90,9919.65,4,2,2,Lost
4823.0,2025-10-25,6,88,9918.03,5,2,2,Lost
1080.0,2025-10-16,15,82,9917.12,4,1,2,Lost
3690.0,2025-09-14,47,89,9915.22,2,2,2,Lost
2464.0,2025-10-02,29,91,9913.5,3,3,2,Lost
430.0,2025-10-24,7,101,9911.57,5,4,2,Lost
1323.0,2025-10-11,20,80,9906.32,4,1,2,Lost
2933.0,2025-10-28,3,82,9905.66,6,1,2,Lost
2019.0,2025-09-11,50,80,9905.54,2,1,2,Lost
2155.0,2025-10-25,6,92,9904.75,5,3,2,Lost
4935.0,2025-10-20,11,95,9903.1,4,3,2,Lost
3372.0,2025-10-11,20,75,9900.9,4,1,2,Lost
2719.0,2025-10-06,25,89,9898.39,3,2,2,Lost
2811.0,2025-10-12,19,82,9898.37,4,1,2,Lost
3018.0,2025-10-21,10,91,9893.97,5,3,2,Lost
3154.0,2025-09-14,47,80,9893.83,2,1,2,Lost
228.0,2025-10-15,16,112,9893.12,4,5,2,Lost
4260.0,2025-09-03,58,89,9892.28,2,2,2,Lost
1424.0,2025-10-25,6,91,9891.11,5,2,2,Lost
2876.0,2025-10-28,3,97,9890.89,6,4,2,Lost
1868.0,2025-10-11,20,101,9890.43,4,4,2,Lost
1196.0,2025-10-06,25,93,9890.23,3,3,2,Lost
1224.0,2025-10-31,0,103,9889.77,6,5,2,Lost
1844.0,2025-09-28,33,95,9889.02,3,3,2,Lost
3539.0,2025-08-10,82,83,9888.32,2,1,2,Lost
4985.0,2025-06-09,144,85,9888.2,2,1,2,Lost
1339.0,2025-10-01,30,96,9887.22,3,3,2,Lost
1839.0,2025-08-26,66,91,9884.59,2,2,2,Lost
2191.0,2025-10-13,18,85,9882.41,4,1,2,Lost
2125.0,2025-09-26,35,94,9881.62,3,3,2,Lost
3694.0,2025-08-31,61,74,9880.62,2,1,2,Lost
1816.0,2025-10-31,0,100,9877.76,6,4,2,Lost
2051.0,2025-10-11,20,87,9876.28,4,2,2,Lost
2481.0,2025-10-25,6,99,9875.69,5,4,2,Lost
2083.0,2025-10-29,2,81,9875.12,6,1,2,Lost
842.0,2025-09-26,35,80,9873.96,3,1,2,Lost
2553.0,2025-09-12,49,90,9873.35,2,2,2,Lost
3634.0,2025-10-30,1,87,9871.31,6,2,2,Lost
4519.0,2025-09-17,44,86,9870.95,2,2,2,Lost
904.0,2025-10-31,0,87,9870.69,6,2,2,Lost
1880.0,2025-09-07,54,91,9870.52,2,2,2,Lost
2078.0,2025-08-10,82,87,9870.01,2,2,2,Lost
645.0,2025-10-10,21,92,9869.26,4,3,2,Lost
4397.0,2025-10-30,1,105,9868.81,6,5,2,Lost
4520.0,2025-10-29,2,90,9867.92,6,2,2,Lost
544.0,2025-10-28,3,97,9866.82,6,4,2,Lost
1188.0,2025-09-27,34,85,9866.72,3,1,2,Lost
3468.0,2025-08-17,75,80,9865.44,2,1,2,Lost
4747.0,2025-08-16,76,89,9865.37,2,2,2,Lost
435.0,2025-10-23,8,90,9865.21,5,2,2,Lost
2023.0,2025-10-15,16,98,9864.78,4,4,2,Lost
428.0,2025-10-22,9,84,9864.12,5,1,2,Lost
2705.0,2025-10-30,1,85,9863.97,6,1,2,Lost
1767.0,2025-10-23,8,92,9863.93,5,3,2,Lost
3005.0,2025-09-29,32,86,9863.68,3,2,2,Lost
1296.0,2025-10-28,3,99,9862.72,6,4,2,Lost
95.0,2025-10-23,8,95,9862.42,5,3,2,Lost
2948.0,2025-10-26,5,88,9861.38,5,2,2,Lost
360.0,2025-10-31,0,92,9861.03,6,3,2,Lost
4838.0,2025-10-08,23,96,9860.57,3,4,2,Lost
1005.0,2025-10-15,16,87,9856.88,4,2,2,Lost
2548.0,2025-10-31,0,79,9855.56,6,1,2,Lost
4281.0,2025-10-23,8,91,9855.07,5,3,2,Lost
204.0,2025-10-25,6,80,9854.83,5,1,2,Lost
958.0,2025-10-31,0,88,9852.88,6,2,2,Lost
3543.0,2025-08-05,87,85,9851.54,2,1,2,Lost
2941.0,2025-09-04,57,80,9850.46,2,1,2,Lost
1881.0,2025-09-26,35,95,9850.29,3,3,2,Lost
378.0,2025-10-15,16,85,9850.11,4,1,2,Lost
4090.0,2025-10-10,21,81,9848.71,4,1,2,Lost
3196.0,2025-10-25,6,92,9847.84,5,3,2,Lost
113.0,2025-10-26,5,79,9846.74,5,1,2,Lost
1584.0,2025-09-21,40,91,9845.68,2,2,2,Lost
93.0,2025-10-27,4,88,9841.44,6,2,2,Lost
3872.0,2025-10-27,4,89,9837.74,6,2,2,Lost
4255.0,2025-10-27,4,94,9836.51,5,3,2,Lost
3743.0,2025-10-22,9,93,9834.81,5,3,2,Lost
3251.0,2025-10-20,11,95,9834.27,5,3,2,Lost
4755.0,2025-09-18,43,80,9834.24,2,1,2,Lost
3509.0,2025-10-08,23,89,9832.92,3,2,2,Lost
4830.0,2025-10-17,14,99,9831.83,4,4,2,Lost
3589.0,2025-10-06,25,89,9830.15,3,2,2,Lost
349.0,2025-10-23,8,93,9825.7,5,3,2,Lost
2915.0,2025-09-28,33,80,9824.62,3,1,2,Lost
4592.0,2025-10-30,1,88,9824.24,6,2,2,Lost
2861.0,2025-10-16,15,93,9822.79,4,3,2,Lost
3785.0,2025-10-11,20,81,9822.65,4,1,2,Lost
537.0,2025-10-17,14,82,9822.45,4,1,2,Lost
3893.0,2025-10-03,28,91,9822.45,3,3,2,Lost
4051.0,2025-10-21,10,102,9816.56,5,5,2,Lost
2404.0,2025-10-28,3,88,9816.39,6,2,2,Lost
2722.0,2025-10-30,1,102,9816.18,6,5,2,Lost
4561.0,2025-10-16,15,85,9810.34,4,1,2,Lost
718.0,2025-09-30,31,84,9809.6,3,1,2,Lost
1159.0,2025-10-05,26,88,9809.53,3,2,2,Lost
2213.0,2025-10-08,23,95,9808.8,3,3,2,Lost
3167.0,2025-10-28,3,88,9808.53,6,2,2,Lost
1552.0,2025-10-23,8,76,9806.69,5,1,2,Lost
4312.0,2025-10-14,17,92,9801.07,4,3,2,Lost
3268.0,2025-07-15,108,90,9800.63,2,2,2,Lost
845.0,2025-10-22,9,106,9800.34,5,5,2,Lost
797.0,2025-10-20,11,88,9799.85,5,2,2,Lost
4670.0,2025-10-08,23,85,9798.03,3,1,2,Lost
1669.0,2025-10-31,0,88,9797.18,6,2,2,Lost
2332.0,2025-10-12,19,101,9796.69,4,4,2,Lost
3109.0,2025-10-20,11,89,9796.26,5,2,2,Lost
1124.0,2025-09-20,41,86,9793.79,2,2,2,Lost
264.0,2025-10-23,8,88,9793.12,5,2,2,Lost
4186.0,2025-09-09,52,83,9792.84,2,1,2,Lost
770.0,2025-10-29,2,95,9791.49,6,3,2,Lost
4682.0,2025-07-10,113,85,9791.26,2,1,2,Lost
2818.0,2025-10-11,20,78,9790.28,4,1,2,Lost
2087.0,2025-10-31,0,81,9788.69,6,1,2,Lost
2004.0,2025-09-14,47,85,9783.58,2,1,2,Lost
4059.0,2025-06-27,126,84,9783.01,2,1,2,Lost
2723.0,2025-10-16,15,90,9782.22,4,2,2,Lost
2969.0,2025-08-25,67,65,9781.68,2,1,2,Lost
3076.0,2025-10-29,2,87,9781.58,6,2,2,Lost
3533.0,2025-10-09,22,97,9780.92,4,4,2,Lost
4846.0,2025-08-30,62,85,9779.83,2,1,2,Lost
3329.0,2025-09-28,33,96,9775.93,3,4,2,Lost
100.0,2025-10-23,8,83,9774.32,5,1,2,Lost
1470.0,2025-10-30,1,88,9774.0,6,2,2,Lost
581.0,2025-10-30,1,88,9773.45,6,2,2,Lost
3212.0,2025-10-30,1,84,9771.47,6,1,2,Lost
2062.0,2025-10-30,1,105,9770.8,6,5,2,Lost
3274.0,2025-09-24,37,75,9770.76,3,1,2,Lost
1203.0,2025-10-10,21,86,9769.93,4,2,2,Lost
891.0,2025-10-06,25,83,9769.22,3,1,2,Lost
4131.0,2025-10-20,11,90,9768.76,5,2,2,Lost
671.0,2025-09-23,38,84,9767.61,3,1,2,Lost
976.0,2025-09-18,43,85,9767.33,2,1,2,Lost
4253.0,2025-10-31,0,84,9765.51,6,1,2,Lost
2112.0,2025-09-08,53,89,9765.0,2,2,2,Lost
4135.0,2025-10-30,1,88,9763.84,6,2,2,Lost
4541.0,2025-09-23,38,90,9763.63,2,2,2,Lost
287.0,2025-10-28,3,96,9761.8,6,3,2,Lost
2415.0,2025-10-18,13,88,9761.49,4,2,2,Lost
603.0,2025-09-19,42,91,9761.38,2,2,2,Lost
3029.0,2025-09-28,33,102,9761.03,3,5,2,Lost
2916.0,2025-10-17,14,87,9760.2,4,2,2,Lost
3098.0,2025-10-31,0,93,9759.15,6,3,2,Lost
4772.0,2025-10-12,19,92,9758.9,4,3,2,Lost
198.0,2025-10-14,17,96,9758.32,4,3,2,Lost
2773.0,2025-10-07,24,90,9758.23,3,2,2,Lost
1216.0,2025-10-04,27,84,9757.07,3,1,2,Lost
3059.0,2025-09-09,52,80,9756.72,2,1,2,Lost
3360.0,2025-10-01,30,88,9756.0,3,2,2,Lost
1582.0,2025-09-27,34,81,9755.42,3,1,2,Lost
948.0,2025-08-31,61,84,9752.21,2,1,2,Lost
2184.0,2025-10-21,10,93,9751.72,5,3,2,Lost
4007.0,2025-10-28,3,87,9751.08,6,2,2,Lost
4115.0,2025-10-07,24,90,9750.38,3,2,2,Lost
1861.0,2025-07-04,119,89,9747.3,2,2,2,Lost
232.0,2025-10-15,16,88,9746.07,4,2,2,Lost
2760.0,2025-10-22,9,88,9745.97,5,2,2,Lost
1736.0,2025-10-26,5,101,9744.22,5,4,2,Lost
4470.0,2025-10-19,12,79,9744.14,4,1,2,Lost
1052.0,2025-09-28,33,92,9742.15,3,3,2,Lost
2789.0,2025-10-14,17,81,9741.77,4,1,2,Lost
1541.0,2025-10-23,8,80,9740.89,5,1,2,Lost
686.0,2025-09-04,57,90,9740.52,2,2,2,Lost
3846.0,2025-10-22,9,92,9740.23,5,3,2,Lost
4746.0,2025-09-15,46,89,9739.43,2,2,2,Lost
1354.0,2025-10-31,0,87,9738.95,6,2,2,Lost
4958.0,2025-10-31,0,89,9738.47,6,2,2,Lost
281.0,2025-10-29,2,93,9738.23,6,3,2,Lost
3574.0,2025-10-12,19,107,9735.88,4,5,2,Lost
4045.0,2025-10-12,19,86,9735.15,4,2,2,Lost
2528.0,2025-10-27,4,87,9734.43,6,2,2,Lost
1152.0,2025-10-30,1,92,9732.1,6,3,2,Lost
2249.0,2025-10-08,23,97,9731.59,3,4,2,Lost
1443.0,2025-09-25,36,89,9730.1,3,2,2,Lost
853.0,2025-10-30,1,96,9729.83,6,3,2,Lost
1075.0,2025-10-18,13,83,9727.43,4,1,2,Lost
1803.0,2025-10-28,3,91,9726.76,6,2,2,Lost
4926.0,2025-10-31,0,83,9724.53,6,1,2,Lost
4739.0,2025-10-04,27,94,9723.85,3,3,2,Lost
3338.0,2025-10-28,3,78,9723.38,6,1,2,Lost
4665.0,2025-10-31,0,98,9722.99,6,4,2,Lost
4866.0,2025-10-04,27,84,9722.56,3,1,2,Lost
2298.0,2025-10-13,18,88,9713.94,4,2,2,Lost
849.0,2025-10-17,14,100,9712.47,4,4,2,Lost
4091.0,2025-10-27,4,83,9712.08,6,1,2,Lost
3270.0,2025-09-25,36,87,9711.18,3,2,2,Lost
1908.0,2025-10-26,5,87,9709.88,5,2,2,Lost
1366.0,2025-10-02,29,98,9708.95,3,4,2,Lost
2816.0,2025-10-18,13,95,9706.95,4,3,2,Lost
2665.0,2025-10-25,6,102,9706.62,5,5,2,Lost
148.0,2025-10-23,8,92,9706.12,5,3,2,Lost
3610.0,2025-10-28,3,85,9701.21,6,1,2,Lost
2589.0,2025-08-25,67,80,9696.43,2,1,2,Lost
3260.0,2025-09-29,32,104,9695.95,3,5,2,Lost
4225.0,2025-10-26,5,91,9693.85,5,3,2,Lost
91.0,2025-10-08,23,97,9692.85,3,4,2,Lost
717.0,2025-10-28,3,106,9691.38,6,5,2,Lost
4767.0,2025-10-30,1,92,9690.89,6,3,2,Lost
2855.0,2025-08-14,78,90,9688.46,2,2,2,Lost
1512.0,2025-10-08,23,98,9688.4,3,4,2,Lost
4555.0,2025-10-27,4,84,9686.83,5,1,2,Lost
2835.0,2025-10-31,0,88,9685.52,6,2,2,Lost
4993.0,2025-10-07,24,94,9684.39,3,3,2,Lost
2726.0,2025-08-21,71,88,9684.35,2,2,2,Lost
1754.0,2025-10-30,1,100,9684.09,6,4,2,Lost
1523.0,2025-09-25,36,85,9683.1,3,1,2,Lost
4617.0,2025-10-09,22,85,9679.59,3,1,2,Lost
1168.0,2025-10-16,15,97,9679.25,4,4,2,Lost
539.0,2025-10-26,5,96,9678.95,5,3,2,Lost
1526.0,2025-10-23,8,91,9677.59,5,2,2,Lost
2101.0,2025-10-17,14,85,9676.12,4,1,2,Lost
1946.0,2025-09-20,41,85,9675.53,2,1,2,Lost
3149.0,2025-09-08,53,85,9674.88,2,1,2,Lost
304.0,2025-10-01,30,86,9674.15,3,2,2,Lost
149.0,2025-09-27,34,89,9670.23,3,2,2,Lost
2565.0,2025-10-20,11,85,9670.15,5,1,2,Lost
4852.0,2025-10-26,5,82,9668.54,5,1,2,Lost
4741.0,2025-09-27,34,95,9668.05,3,3,2,Lost
4322.0,2025-10-12,19,94,9665.99,4,3,2,Lost
569.0,2025-10-31,0,99,9663.52,6,4,2,Lost
111.0,2025-10-13,18,87,9662.05,4,2,2,Lost
602.0,2025-10-22,9,90,9661.31,5,2,2,Lost
2305.0,2025-10-19,12,96,9659.66,4,4,2,Lost
1281.0,2025-10-09,22,92,9659.46,4,3,2,Lost
4216.0,2025-08-23,69,86,9659.35,2,2,2,Lost
1084.0,2025-10-21,10,91,9656.26,5,2,2,Lost
4061.0,2025-10-06,25,77,9655.02,3,1,2,Lost
1456.0,2025-07-27,96,86,9652.96,2,2,2,Lost
2943.0,2025-10-26,5,83,9650.59,5,1,2,Lost
3311.0,2025-09-13,48,80,9650.45,2,1,2,Lost
2689.0,2025-10-26,5,81,9649.95,5,1,2,Lost
1016.0,2025-10-25,6,86,9646.0,5,2,2,Lost
773.0,2025-09-24,37,97,9645.25,3,4,2,Lost
126.0,2025-08-14,78,91,9644.97,2,2,2,Lost
898.0,2025-10-07,24,89,9643.66,3,2,2,Lost
3993.0,2025-10-23,8,87,9643.53,5,2,2,Lost
755.0,2025-10-13,18,91,9643.17,4,2,2,Lost
4531.0,2025-08-22,70,79,9643.12,2,1,2,Lost
2583.0,2025-10-01,30,98,9642.68,3,4,2,Lost
2142.0,2025-10-13,18,97,9642.2,4,4,2,Lost
1378.0,2025-09-13,48,90,9641.91,2,2,2,Lost
4491.0,2025-10-04,27,102,9641.74,3,5,2,Lost
3643.0,2025-09-29,32,96,9641.48,3,4,2,Lost
4292.0,2025-10-19,12,99,9641.16,4,4,2,Lost
3824.0,2025-09-30,31,79,9641.02,3,1,2,Lost
2785.0,2025-09-05,56,83,9639.44,2,1,2,Lost
3763.0,2025-10-20,11,88,9638.74,5,2,2,Lost
3933.0,2025-10-23,8,90,9635.28,5,2,2,Lost
3466.0,2025-10-24,7,99,9634.64,5,4,2,Lost
1337.0,2025-10-31,0,88,9633.87,6,2,2,Lost
4718.0,2025-10-25,6,84,9630.17,5,1,2,Lost
163.0,2025-09-17,44,90,9629.21,2,2,2,Lost
2936.0,2025-10-30,1,91,9628.11,6,3,2,Lost
4919.0,2025-09-27,34,106,9627.91,3,5,2,Lost
4096.0,2025-10-21,10,102,9627.46,5,5,2,Lost
1454.0,2025-10-30,1,79,9625.09,6,1,2,Lost
4275.0,2025-10-29,2,92,9622.62,6,3,2,Lost
1331.0,2025-08-28,64,86,9622.58,2,2,2,Lost
2117.0,2025-10-07,24,99,9620.2,3,4,2,Lost
1649.0,2025-10-11,20,84,9617.23,4,1,2,Lost
2699.0,2025-10-24,7,97,9616.83,5,4,2,Lost
591.0,2025-10-29,2,86,9614.03,6,2,2,Lost
4679.0,2025-10-02,29,91,9613.39,3,3,2,Lost
3528.0,2025-10-31,0,77,9612.86,6,1,2,Lost
1445.0,2025-10-29,2,89,9611.45,6,2,2,Lost
708.0,2025-10-30,1,85,9611.0,6,1,2,Lost
905.0,2025-10-29,2,84,9610.55,6,1,2,Lost
746.0,2025-10-17,14,86,9609.87,4,2,2,Lost
560.0,2025-10-29,2,85,9609.41,6,1,2,Lost
4291.0,2025-10-31,0,80,9609.18,6,1,2,Lost
4503.0,2025-10-31,0,91,9609.08,6,3,2,Lost
4469.0,2025-10-21,10,85,9603.91,5,1,2,Lost
3380.0,2025-09-09,52,87,9602.58,2,2,2,Lost
2655.0,2025-10-27,4,102,9600.39,6,5,2,Lost
4232.0,2025-10-28,3,75,9599.96,6,1,2,Lost
4672.0,2025-10-13,18,94,9599.04,4,3,2,Lost
4001.0,2025-10-21,10,78,9598.71,5,1,2,Lost
1897.0,2025-10-12,19,92,9596.27,4,3,2,Lost
3417.0,2025-10-11,20,88,9593.55,4,2,2,Lost
4169.0,2025-10-18,13,84,9590.63,4,1,2,Lost
4159.0,2025-10-08,23,98,9589.89,3,4,2,Lost
794.0,2025-09-29,32,86,9589.02,3,2,2,Lost
1123.0,2025-10-23,8,88,9588.87,5,2,2,Lost
1907.0,2025-10-11,20,100,9587.09,4,4,2,Lost
3308.0,2025-10-12,19,94,9587.08,4,3,2,Lost
4777.0,2025-10-11,20,91,9586.57,4,3,2,Lost
3062.0,2025-10-02,29,90,9584.74,3,2,2,Lost
505.0,2025-10-27,4,96,9582.66,6,3,2,Lost
2145.0,2025-10-09,22,91,9582.63,4,2,2,Lost
3133.0,2025-07-25,98,86,9581.77,2,2,2,Lost
1684.0,2025-10-27,4,94,9581.13,6,3,2,Lost
943.0,2025-10-14,17,84,9580.95,4,1,2,Lost
2369.0,2025-10-21,10,97,9577.38,5,4,2,Lost
3236.0,2025-10-02,29,93,9577.25,3,3,2,Lost
877.0,2025-10-25,6,85,9570.4,5,1,2,Lost
780.0,2025-10-24,7,72,9570.03,5,1,2,Lost
3570.0,2025-10-29,2,100,9566.13,6,4,2,Lost
726.0,2025-10-03,28,95,9565.67,3,3,2,Lost
2788.0,2025-10-28,3,96,9563.57,6,4,2,Lost
1820.0,2025-09-30,31,102,9562.49,3,5,2,Lost
605.0,2025-10-22,9,82,9561.69,5,1,2,Lost
3532.0,2025-10-01,30,103,9557.74,3,5,2,Lost
1831.0,2025-10-02,29,105,9550.97,3,5,2,Lost
3907.0,2025-10-25,6,88,9550.45,5,2,2,Lost
3230.0,2025-10-25,6,93,9549.31,5,3,2,Lost
1015.0,2025-10-20,11,93,9548.06,5,3,2,Lost
4642.0,2025-10-14,17,78,9546.81,4,1,2,Lost
4155.0,2025-09-28,33,90,9546.6,3,2,2,Lost
376.0,2025-10-17,14,77,9539.6,4,1,2,Lost
945.0,2025-10-27,4,86,9537.92,6,2,2,Lost
2006.0,2025-10-04,27,97,9535.44,3,4,2,Lost
2364.0,2025-10-26,5,94,9535.17,5,3,2,Lost
2733.0,2025-10-31,0,98,9533.79,6,4,2,Lost
1137.0,2025-10-30,1,91,9533.38,6,2,2,Lost
2075.0,2025-09-08,53,86,9533.21,2,2,2,Lost
518.0,2025-09-24,37,92,9532.81,3,3,2,Lost
1455.0,2025-10-31,0,98,9530.85,6,4,2,Lost
557.0,2025-10-04,27,79,9530.3,3,1,2,Lost
2371.0,2025-10-07,24,98,9527.9,3,4,2,Lost
1013.0,2025-10-16,15,86,9527.57,4,2,2,Lost
3556.0,2025-10-31,0,95,9524.81,6,3,2,Lost
1155.0,2025-09-29,32,82,9524.71,3,1,2,Lost
1222.0,2025-10-19,12,101,9519.62,4,4,2,Lost
3177.0,2025-10-14,17,98,9519.37,4,4,2,Lost
3915.0,2025-10-24,7,74,9519.31,5,1,2,Lost
2274.0,2025-10-12,19,103,9519.28,4,5,2,Lost
1717.0,2025-10-30,1,97,9515.21,6,4,2,Lost
1972.0,2025-10-15,16,85,9514.96,4,1,2,Lost
2997.0,2025-10-30,1,83,9513.27,6,1,2,Lost
1065.0,2025-10-24,7,88,9512.2,5,2,2,Lost
2681.0,2025-09-05,56,83,9512.03,2,1,2,Lost
4696.0,2025-10-28,3,97,9510.56,6,4,2,Lost
1240.0,2025-10-27,4,91,9510.49,6,2,2,Lost
1617.0,2025-10-15,16,90,9510.27,4,2,2,Lost
3998.0,2025-09-28,33,85,9509.54,3,1,2,Lost
2466.0,2025-10-25,6,97,9509.35,5,4,2,Lost
3886.0,2025-10-09,22,89,9507.24,3,2,2,Lost
1823.0,2025-10-07,24,80,9505.07,3,1,2,Lost
2767.0,2025-10-13,18,84,9503.6,4,1,2,Lost
3060.0,2025-10-04,27,103,9501.6,3,5,2,Lost
2388.0,2025-09-29,32,90,9501.53,3,2,2,Lost
2401.0,2025-10-10,21,95,9501.2,4,3,2,Lost
3067.0,2025-10-26,5,77,9496.05,5,1,2,Lost
2377.0,2025-10-30,1,76,9495.01,6,1,2,Lost
3031.0,2025-10-28,3,89,9492.99,6,2,2,Lost
473.0,2025-10-10,21,90,9492.76,4,2,2,Lost
1446.0,2025-09-10,51,87,9491.87,2,2,2,Lost
3800.0,2025-10-19,12,72,9491.22,4,1,2,Lost
1605.0,2025-10-25,6,86,9488.71,5,2,2,Lost
4716.0,2025-10-23,8,109,9488.58,5,5,2,Lost
1662.0,2025-09-29,32,71,9487.79,3,1,2,Lost
3638.0,2025-10-25,6,89,9486.1,5,2,2,Lost
4161.0,2025-10-15,16,72,9485.77,4,1,2,Lost
4708.0,2025-10-19,12,97,9485.14,4,4,2,Lost
1040.0,2025-10-25,6,100,9483.83,5,4,2,Lost
3276.0,2025-10-05,26,97,9483.14,3,4,2,Lost
110.0,2025-10-01,30,101,9481.48,3,4,2,Lost
1392.0,2025-10-29,2,76,9481.3,6,1,2,Lost
1709.0,2025-10-24,7,84,9478.93,5,1,2,Lost
2605.0,2025-10-23,8,84,9478.25,5,1,2,Lost
2539.0,2025-09-29,32,99,9476.98,3,4,2,Lost
1237.0,2025-10-23,8,91,9470.71,5,2,2,Lost
864.0,2025-09-13,48,83,9470.61,2,1,2,Lost
1953.0,2025-10-22,9,83,9470.26,5,1,2,Lost
1725.0,2025-10-04,27,85,9469.8,3,1,2,Lost
2873.0,2025-10-28,3,102,9469.35,6,5,2,Lost
172.0,2025-09-30,31,95,9469.03,3,3,2,Lost
1872.0,2025-10-09,22,93,9468.87,4,3,2,Lost
583.0,2025-10-22,9,82,9468.43,5,1,2,Lost
277.0,2025-10-11,20,93,9466.69,4,3,2,Lost
2769.0,2025-10-07,24,93,9463.29,3,3,2,Lost
774.0,2025-10-31,0,78,9462.67,6,1,2,Lost
1917.0,2025-10-09,22,94,9461.87,4,3,2,Lost
4884.0,2025-08-26,66,89,9461.6,2,2,2,Lost
4686.0,2025-10-25,6,83,9461.02,5,1,2,Lost
3097.0,2025-10-21,10,83,9457.39,5,1,2,Lost
1870.0,2025-10-29,2,90,9455.77,6,2,2,Lost
3142.0,2025-10-04,27,90,9453.34,3,2,2,Lost
2091.0,2025-10-26,5,97,9452.72,5,4,2,Lost
1770.0,2025-09-07,54,87,9446.32,2,2,2,Lost
2207.0,2025-10-15,16,90,9444.44,4,2,2,Lost
4581.0,2025-10-17,14,90,9444.2,4,2,2,Lost
4799.0,2025-10-20,11,88,9443.03,4,2,2,Lost
1849.0,2025-10-02,29,89,9441.89,3,2,2,Lost
321.0,2025-10-21,10,93,9438.41,5,3,2,Lost
4543.0,2025-10-26,5,96,9438.36,5,4,2,Lost
4549.0,2025-09-28,33,93,9438.36,3,3,2,Lost
4661.0,2025-10-31,0,113,9437.9,6,5,2,Lost
4499.0,2025-10-23,8,89,9436.2,5,2,2,Lost
1067.0,2025-09-27,34,94,9436.1,3,3,2,Lost
3802.0,2025-10-16,15,84,9435.64,4,1,2,Lost
3576.0,2025-10-20,11,94,9434.64,5,3,2,Lost
3923.0,2025-10-08,23,79,9434.0,3,1,2,Lost
1241.0,2025-10-27,4,78,9433.31,6,1,2,Lost
1204.0,2025-10-22,9,99,9433.04,5,4,2,Lost
3775.0,2025-09-20,41,80,9431.62,2,1,2,Lost
3659.0,2025-07-30,93,89,9430.41,2,2,2,Lost
4005.0,2025-10-31,0,88,9430.06,6,2,2,Lost
1272.0,2025-10-29,2,99,9429.18,6,4,2,Lost
534.0,2025-08-12,80,86,9427.95,2,2,2,Lost
320.0,2025-09-05,56,88,9426.8,2,2,2,Lost
3367.0,2025-10-29,2,81,9426.48,6,1,2,Lost
868.0,2025-09-27,34,84,9424.15,3,1,2,Lost
62.0,2025-10-28,3,97,9419.86,6,4,2,Lost
1356.0,2025-09-26,35,97,9415.43,3,4,2,Lost
1383.0,2025-10-09,22,90,9413.36,4,2,2,Lost
4408.0,2025-10-25,6,87,9408.61,5,2,2,Lost
3055.0,2025-08-26,66,85,9405.62,2,1,2,Lost
3166.0,2025-10-11,20,95,9405.13,4,3,2,Lost
2822.0,2025-09-11,50,88,9404.62,2,2,2,Lost
1306.0,2025-10-15,16,96,9400.49,4,3,2,Lost
3106.0,2025-10-25,6,102,9398.48,5,5,2,Lost
3213.0,2025-10-28,3,89,9398.25,6,2,2,Lost
2654.0,2025-09-27,34,86,9398.07,3,2,2,Lost
479.0,2025-10-11,20,100,9397.16,4,4,2,Lost
1186.0,2025-10-30,1,78,9395.44,6,1,2,Lost
619.0,2025-10-28,3,92,9392.26,6,3,2,Lost
4207.0,2025-09-19,42,81,9391.99,2,1,2,Lost
2378.0,2025-10-04,27,77,9391.77,3,1,2,Lost
4109.0,2025-10-30,1,98,9388.06,6,4,2,Lost
2322.0,2025-08-27,65,80,9386.69,2,1,2,Lost
2281.0,2025-10-28,3,91,9384.95,6,3,2,Lost
2321.0,2025-09-30,31,88,9381.85,3,2,2,Lost
2430.0,2025-10-06,25,94,9380.41,3,3,2,Lost
2761.0,2025-10-22,9,88,9377.05,5,2,2,Lost
1528.0,2025-10-22,9,92,9372.34,5,3,2,Lost
4363.0,2025-09-29,32,76,9371.61,3,1,2,Lost
740.0,2025-10-28,3,79,9367.7,6,1,2,Lost
1636.0,2025-09-28,33,88,9367.26,3,2,2,Lost
2996.0,2025-10-05,26,82,9366.11,3,1,2,Lost
3552.0,2025-10-25,6,84,9365.47,5,1,2,Lost
4693.0,2025-09-24,37,77,9365.06,3,1,2,Lost
309.0,2025-10-23,8,90,9363.41,5,2,2,Lost
1220.0,2025-09-17,44,80,9363.17,2,1,2,Lost
3218.0,2025-10-31,0,92,9363.06,6,3,2,Lost
1567.0,2025-10-22,9,102,9362.89,5,5,1,Lost
700.0,2025-10-30,1,93,9360.32,6,3,1,Lost
1999.0,2025-10-16,15,80,9360.14,4,1,1,Lost
1370.0,2025-09-18,43,87,9359.55,2,2,1,Lost
4381.0,2025-10-31,0,89,9358.34,6,2,1,Lost
422.0,2025-10-21,10,77,9357.36,5,1,1,Lost
956.0,2025-10-22,9,96,9356.07,5,3,1,Lost
3302.0,2025-10-30,1,76,9354.92,6,1,1,Lost
1018.0,2025-10-04,27,79,9353.74,3,1,1,Lost
141.0,2025-10-29,2,96,9353.7,6,3,1,Lost
2872.0,2025-10-13,18,96,9351.33,4,4,1,Lost
1563.0,2025-10-14,17,84,9351.29,4,1,1,Lost
2490.0,2025-09-24,37,81,9351.27,3,1,1,Lost
2566.0,2025-10-11,20,87,9351.08,4,2,1,Lost
3862.0,2025-10-21,10,104,9349.58,5,5,1,Lost
1811.0,2025-09-27,34,86,9346.81,3,2,1,Lost
217.0,2025-10-08,23,93,9344.11,3,3,1,Lost
3039.0,2025-10-20,11,95,9342.8,5,3,1,Lost
4062.0,2025-10-11,20,88,9342.33,4,2,1,Lost
4162.0,2025-10-30,1,89,9339.29,6,2,1,Lost
3561.0,2025-10-27,4,88,9339.25,6,2,1,Lost
2391.0,2025-10-27,4,82,9336.99,6,1,1,Lost
2148.0,2025-10-24,7,99,9335.15,5,4,1,Lost
1060.0,2025-09-24,37,92,9331.52,3,3,1,Lost
266.0,2025-09-22,39,89,9329.17,2,2,1,Lost
1620.0,2025-10-23,8,100,9329.14,5,4,1,Lost
3622.0,2025-10-21,10,94,9325.17,5,3,1,Lost
2864.0,2025-09-30,31,98,9325.09,3,4,1,Lost
2053.0,2025-10-22,9,76,9324.94,5,1,1,Lost
3827.0,2025-10-14,17,84,9324.41,4,1,1,Lost
3702.0,2025-10-30,1,95,9321.45,6,3,1,Lost
3888.0,2025-10-19,12,90,9319.9,4,2,1,Lost
280.0,2025-09-29,32,102,9319.14,3,5,1,Lost
2904.0,2025-10-31,0,88,9318.49,6,2,1,Lost
3939.0,2025-10-29,2,82,9317.59,6,1,1,Lost
703.0,2025-09-27,34,94,9317.1,3,3,1,Lost
3375.0,2025-10-28,3,84,9316.81,6,1,1,Lost
3892.0,2025-10-28,3,98,9313.74,6,4,1,Lost
3948.0,2025-10-26,5,85,9313.01,5,1,1,Lost
2389.0,2025-10-23,8,90,9309.59,5,2,1,Lost
3751.0,2025-10-23,8,93,9307.6,5,3,1,Lost
179.0,2025-10-25,6,80,9305.51,5,1,1,Lost
221.0,2025-10-24,7,88,9304.07,5,2,1,Lost
900.0,2025-09-14,47,81,9303.42,2,1,1,Lost
4837.0,2025-10-24,7,94,9300.74,5,3,1,Lost
3418.0,2025-10-16,15,87,9299.06,4,2,1,Lost
3422.0,2025-10-21,10,101,9298.74,5,4,1,Lost
4556.0,2025-10-13,18,72,9297.66,4,1,1,Lost
1768.0,2025-10-25,6,97,9295.22,5,4,1,Lost
2865.0,2025-10-26,5,105,9293.57,5,5,1,Lost
382.0,2025-10-16,15,91,9290.57,4,2,1,Lost
1229.0,2025-10-11,20,93,9289.59,4,3,1,Lost
3190.0,2025-10-05,26,89,9289.19,3,2,1,Lost
2875.0,2025-10-31,0,84,9286.57,6,1,1,Lost
3571.0,2025-08-30,62,84,9286.29,2,1,1,Lost
4634.0,2025-10-27,4,93,9285.76,5,3,1,Lost
297.0,2025-08-27,65,81,9283.37,2,1,1,Lost
1737.0,2025-10-05,26,91,9282.87,3,2,1,Lost
2215.0,2025-09-23,38,85,9280.14,3,1,1,Lost
2686.0,2025-10-21,10,83,9280.13,5,1,1,Lost
4542.0,2025-10-19,12,72,9279.63,4,1,1,Lost
2395.0,2025-10-07,24,93,9278.21,3,3,1,Lost
2725.0,2025-10-16,15,93,9277.81,4,3,1,Lost
4722.0,2025-08-10,82,82,9276.25,2,1,1,Lost
2972.0,2025-09-28,33,95,9274.28,3,3,1,Lost
2040.0,2025-10-02,29,94,9272.74,3,3,1,Lost
2484.0,2025-09-18,43,77,9271.91,2,1,1,Lost
4880.0,2025-10-29,2,97,9270.41,6,4,1,Lost
4386.0,2025-10-23,8,78,9269.83,5,1,1,Lost
3917.0,2025-10-29,2,89,9268.0,6,2,1,Lost
995.0,2025-10-26,5,72,9265.01,5,1,1,Lost
861.0,2025-10-21,10,92,9261.59,5,3,1,Lost
69.0,2025-09-22,39,72,9261.1,2,1,1,Lost
1004.0,2025-10-10,21,87,9260.74,4,2,1,Lost
4676.0,2025-09-18,43,88,9258.32,2,2,1,Lost
3457.0,2025-10-13,18,82,9256.8,4,1,1,Lost
2179.0,2025-10-27,4,100,9256.37,6,4,1,Lost
4160.0,2025-09-24,37,91,9255.57,3,3,1,Lost
3115.0,2025-10-22,9,84,9253.64,5,1,1,Lost
1207.0,2025-10-06,25,97,9250.93,3,4,1,Lost
4833.0,2025-10-16,15,81,9246.26,4,1,1,Lost
3511.0,2025-09-28,33,86,9240.45,3,2,1,Lost
3540.0,2025-10-10,21,82,9236.03,4,1,1,Lost
3719.0,2025-10-29,2,86,9234.57,6,2,1,Lost
4501.0,2025-09-12,49,85,9231.0,2,1,1,Lost
21.0,2025-10-09,22,74,9230.98,4,1,1,Lost
4339.0,2025-10-04,27,88,9229.42,3,2,1,Lost
2559.0,2025-10-25,6,93,9227.08,5,3,1,Lost
1286.0,2025-09-26,35,85,9226.93,3,1,1,Lost
2810.0,2025-10-27,4,81,9226.31,6,1,1,Lost
573.0,2025-09-21,40,90,9226.11,2,2,1,Lost
3525.0,2025-10-09,22,86,9226.08,4,2,1,Lost
1859.0,2025-10-25,6,87,9224.49,5,2,1,Lost
576.0,2025-10-10,21,81,9224.04,4,1,1,Lost
2836.0,2025-10-26,5,82,9223.6,5,1,1,Lost
429.0,2025-10-31,0,96,9223.32,6,3,1,Lost
2471.0,2025-10-28,3,93,9220.15,6,3,1,Lost
3349.0,2025-10-28,3,74,9219.46,6,1,1,Lost
79.0,2025-10-23,8,82,9217.79,5,1,1,Lost
2492.0,2025-08-28,64,89,9217.06,2,2,1,Lost
2496.0,2025-10-30,1,94,9213.79,6,3,1,Lost
3503.0,2025-10-11,20,91,9213.38,4,3,1,Lost
1008.0,2025-10-08,23,72,9210.43,3,1,1,Lost
982.0,2025-10-23,8,83,9208.73,5,1,1,Lost
1979.0,2025-10-31,0,80,9205.95,6,1,1,Lost
3927.0,2025-10-16,15,91,9205.22,4,3,1,Lost
4452.0,2025-10-26,5,90,9201.57,5,2,1,Lost
392.0,2025-09-05,56,78,9201.3,2,1,1,Lost
4948.0,2025-10-26,5,92,9199.27,5,3,1,Lost
2607.0,2025-10-23,8,93,9199.13,5,3,1,Lost
2753.0,2025-10-02,29,78,9198.94,3,1,1,Lost
523.0,2025-09-19,42,91,9197.67,2,2,1,Lost
2696.0,2025-10-21,10,88,9196.7,5,2,1,Lost
3309.0,2025-10-14,17,90,9195.72,4,2,1,Lost
4990.0,2025-09-14,47,73,9195.69,2,1,1,Lost
1043.0,2025-10-22,9,94,9195.25,5,3,1,Lost
4242.0,2025-07-19,104,84,9195.24,2,1,1,Lost
2732.0,2025-10-27,4,85,9192.32,6,1,1,Lost
3542.0,2025-10-10,21,88,9190.67,4,2,1,Lost
4445.0,2025-10-24,7,79,9188.66,5,1,1,Lost
2494.0,2025-10-19,12,99,9184.22,4,4,1,Lost
3629.0,2025-10-29,2,98,9182.58,6,4,1,Lost
2467.0,2025-10-16,15,85,9178.91,4,1,1,Lost
925.0,2025-10-19,12,99,9177.96,4,4,1,Lost
1436.0,2025-08-23,69,90,9177.85,2,2,1,Lost
3686.0,2025-10-07,24,90,9176.11,3,2,1,Lost
1547.0,2025-10-23,8,84,9175.0,5,1,1,Lost
4752.0,2025-10-15,16,87,9174.88,4,2,1,Lost
4532.0,2025-10-28,3,93,9174.58,6,3,1,Lost
1630.0,2025-10-15,16,77,9174.36,4,1,1,Lost
7.0,2025-10-18,13,91,9174.12,4,2,1,Lost
2530.0,2025-10-05,26,91,9172.25,3,3,1,Lost
1092.0,2025-10-12,19,88,9171.69,4,2,1,Lost
2130.0,2025-10-15,16,78,9171.36,4,1,1,Lost
3745.0,2025-09-27,34,76,9169.84,3,1,1,Lost
1288.0,2025-09-02,59,88,9169.5,2,2,1,Lost
3590.0,2025-10-31,0,82,9168.82,6,1,1,Lost
4053.0,2025-10-09,22,96,9167.15,3,4,1,Lost
4940.0,2025-08-26,66,86,9165.65,2,2,1,Lost
778.0,2025-09-29,32,74,9162.4,3,1,1,Lost
2398.0,2025-10-13,18,98,9159.14,4,4,1,Lost
855.0,2025-10-24,7,94,9158.43,5,3,1,Lost
2080.0,2025-10-06,25,85,9157.98,3,1,1,Lost
4591.0,2025-10-19,12,100,9155.9,4,4,1,Lost
3967.0,2025-10-06,25,88,9155.13,3,2,1,Lost
2519.0,2025-10-16,15,85,9153.43,4,1,1,Lost
103.0,2025-08-27,65,87,9153.11,2,2,1,Lost
3677.0,2025-08-31,61,85,9150.28,2,1,1,Lost
918.0,2025-10-22,9,94,9149.68,5,3,1,Lost
1973.0,2025-09-04,57,91,9148.4,2,2,1,Lost
3259.0,2025-10-18,13,79,9148.12,4,1,1,Lost
3621.0,2025-10-28,3,90,9147.49,6,2,1,Lost
3608.0,2025-10-02,29,95,9147.25,3,3,1,Lost
1670.0,2025-10-16,15,95,9146.77,4,3,1,Lost
1722.0,2025-10-13,18,81,9146.17,4,1,1,Lost
1055.0,2025-10-26,5,90,9145.78,5,2,1,Lost
274.0,2025-09-14,47,87,9136.98,2,2,1,Lost
1735.0,2025-08-23,69,82,9134.24,2,1,1,Lost
3619.0,2025-10-01,30,92,9133.55,3,3,1,Lost
171.0,2025-10-30,1,87,9132.01,6,2,1,Lost
3635.0,2025-10-31,0,83,9128.46,6,1,1,Lost
2658.0,2025-10-14,17,99,9128.05,4,4,1,Lost
4931.0,2025-09-16,45,88,9125.79,2,2,1,Lost
4150.0,2025-09-12,49,77,9124.29,2,1,1,Lost
4706.0,2025-10-29,2,88,9123.43,6,2,1,Lost
641.0,2025-09-28,33,78,9121.7,3,1,1,Lost
1790.0,2025-08-29,63,87,9120.98,2,2,1,Lost
1640.0,2025-10-30,1,89,9120.49,6,2,1,Lost
793.0,2025-10-23,8,89,9118.63,5,2,1,Lost
4749.0,2025-09-14,47,68,9115.89,2,1,1,Lost
3779.0,2025-10-17,14,85,9114.01,4,1,1,Lost
1029.0,2025-10-22,9,102,9112.53,5,5,1,Lost
2356.0,2025-10-31,0,90,9110.77,6,2,1,Lost
2264.0,2025-10-08,23,100,9108.55,3,4,1,Lost
3866.0,2025-10-22,9,97,9108.01,5,4,1,Lost
4790.0,2025-10-08,23,93,9107.28,3,3,1,Lost
1937.0,2025-10-18,13,85,9105.95,4,1,1,Lost
2676.0,2025-10-23,8,76,9105.29,5,1,1,Lost
1024.0,2025-06-24,129,86,9104.18,2,2,1,Lost
4158.0,2025-10-30,1,88,9103.75,6,2,1,Lost
691.0,2025-08-18,74,90,9103.24,2,2,1,Lost
4489.0,2025-10-16,15,92,9100.39,4,3,1,Lost
3352.0,2025-10-25,6,74,9099.19,5,1,1,Lost
3559.0,2025-09-24,37,98,9097.82,3,4,1,Lost
3449.0,2025-10-28,3,94,9097.67,6,3,1,Lost
3906.0,2025-09-26,35,85,9095.68,3,1,1,Lost
608.0,2025-10-26,5,88,9092.79,5,2,1,Lost
3953.0,2025-10-26,5,85,9092.36,5,1,1,Lost
4002.0,2025-10-30,1,90,9091.56,6,2,1,Lost
3121.0,2025-09-06,55,83,9089.9,2,1,1,Lost
2837.0,2025-10-13,18,82,9088.09,4,1,1,Lost
3934.0,2025-10-12,19,91,9086.77,4,3,1,Lost
4972.0,2025-10-16,15,83,9086.34,4,1,1,Lost
1802.0,2025-10-30,1,94,9084.74,6,3,1,Lost
4888.0,2025-08-25,67,89,9081.93,2,2,1,Lost
427.0,2025-10-10,21,95,9081.47,4,3,1,Lost
1600.0,2025-10-26,5,88,9080.95,5,2,1,Lost
180.0,2025-10-07,24,99,9075.52,3,4,1,Lost
1381.0,2025-10-30,1,90,9074.58,6,2,1,Lost
2571.0,2025-08-25,67,83,9067.52,2,1,1,Lost
3382.0,2025-10-27,4,90,9066.63,6,2,1,Lost
2232.0,2025-10-02,29,88,9062.81,3,2,1,Lost
1185.0,2025-10-17,14,84,9062.16,4,1,1,Lost
1632.0,2025-10-31,0,75,9062.13,6,1,1,Lost
4517.0,2025-10-28,3,83,9058.91,6,1,1,Lost
4171.0,2025-10-12,19,83,9057.04,4,1,1,Lost
2337.0,2025-07-19,104,88,9054.91,2,2,1,Lost
821.0,2025-10-21,10,95,9054.14,5,3,1,Lost
2034.0,2025-10-21,10,87,9053.41,5,2,1,Lost
1930.0,2025-10-08,23,91,9051.13,3,2,1,Lost
4825.0,2025-10-23,8,77,9050.6,5,1,1,Lost
3444.0,2025-10-17,14,84,9049.14,4,1,1,Lost
4603.0,2025-10-25,6,94,9048.2,5,3,1,Lost
3580.0,2025-10-27,4,95,9047.78,6,3,1,Lost
512.0,2025-09-17,44,83,9046.6,2,1,1,Lost
4998.0,2025-10-31,0,78,9045.97,6,1,1,Lost
294.0,2025-10-26,5,82,9044.71,5,1,1,Lost
3030.0,2025-10-31,0,79,9044.13,6,1,1,Lost
517.0,2025-10-31,0,93,9043.94,6,3,1,Lost
4779.0,2025-10-26,5,83,9043.03,5,1,1,Lost
4478.0,2025-10-04,27,85,9039.83,3,1,1,Lost
2206.0,2025-09-26,35,87,9039.01,3,2,1,Lost
4058.0,2025-10-14,17,77,9037.68,4,1,1,Lost
1200.0,2025-10-24,7,80,9035.74,5,1,1,Lost
2752.0,2025-10-20,11,79,9035.72,5,1,1,Lost
1704.0,2025-10-13,18,85,9033.3,4,1,1,Lost
3315.0,2025-10-31,0,86,9031.43,6,2,1,Lost
1874.0,2025-10-07,24,82,9030.83,3,1,1,Lost
1413.0,2025-09-21,40,91,9030.73,2,2,1,Lost
2626.0,2025-09-28,33,80,9029.59,3,1,1,Lost
3747.0,2025-10-20,11,97,9028.48,5,4,1,Lost
525.0,2025-08-30,62,83,9022.89,2,1,1,Lost
4690.0,2025-10-29,2,86,9022.25,6,2,1,Lost
3937.0,2025-10-30,1,87,9019.88,6,2,1,Lost
1559.0,2025-09-25,36,91,9019.64,3,2,1,Lost
1693.0,2025-10-26,5,100,9019.17,5,4,1,Lost
3573.0,2025-09-24,37,90,9018.09,3,2,1,Lost
4403.0,2025-10-26,5,85,9015.88,5,1,1,Lost
4609.0,2025-10-31,0,85,9015.63,6,1,1,Lost
829.0,2025-08-09,83,82,9015.37,2,1,1,Lost
2707.0,2025-10-28,3,90,9015.03,6,2,1,Lost
3649.0,2025-10-21,10,87,9014.52,5,2,1,Lost
4548.0,2025-10-31,0,100,9013.86,6,4,1,Lost
48.0,2025-10-25,6,77,9012.46,5,1,1,Lost
4662.0,2025-09-24,37,85,9011.75,3,1,1,Lost
993.0,2025-10-07,24,87,9009.5,3,2,1,Lost
500.0,2025-09-30,31,100,9009.36,3,4,1,Lost
3521.0,2025-10-03,28,96,9007.96,3,4,1,Lost
1322.0,2025-10-16,15,89,9006.47,4,2,1,Lost
3431.0,2025-10-12,19,72,9000.66,4,1,1,Lost
4401.0,2025-10-23,8,88,9000.08,5,2,1,Lost
78.0,2025-09-09,52,74,8999.07,2,1,1,Lost
2845.0,2025-09-16,45,80,8992.93,2,1,1,Lost
3538.0,2025-10-30,1,87,8990.93,6,2,1,Lost
1199.0,2025-09-17,44,88,8990.83,2,2,1,Lost
1235.0,2025-10-30,1,83,8989.22,6,1,1,Lost
1805.0,2025-10-27,4,77,8986.95,6,1,1,Lost
225.0,2025-10-25,6,88,8984.78,5,2,1,Lost
3534.0,2025-10-11,20,89,8981.96,4,2,1,Lost
2402.0,2025-10-15,16,97,8980.59,4,4,1,Lost
2567.0,2025-09-23,38,91,8979.8,3,3,1,Lost
1532.0,2025-10-30,1,91,8979.32,6,2,1,Lost
318.0,2025-09-27,34,91,8978.51,3,2,1,Lost
2909.0,2025-10-13,18,97,8977.67,4,4,1,Lost
600.0,2025-10-21,10,99,8975.89,5,4,1,Lost
1242.0,2025-10-01,30,76,8975.22,3,1,1,Lost
1971.0,2025-10-01,30,74,8973.56,3,1,1,Lost
4611.0,2025-10-08,23,85,8973.07,3,1,1,Lost
1672.0,2025-09-16,45,89,8971.21,2,2,1,Lost
371.0,2025-09-30,31,87,8969.56,3,2,1,Lost
1827.0,2025-07-07,116,78,8968.69,2,1,1,Lost
452.0,2025-10-22,9,103,8963.21,5,5,1,Lost
269.0,2025-09-28,33,89,8958.8,3,2,1,Lost
3427.0,2025-09-22,39,85,8958.01,2,1,1,Lost
1181.0,2025-10-15,16,89,8955.61,4,2,1,Lost
1139.0,2025-10-12,19,87,8955.11,4,2,1,Lost
886.0,2025-10-03,28,87,8954.85,3,2,1,Lost
623.0,2025-10-25,6,91,8954.49,5,2,1,Lost
2376.0,2025-06-28,125,73,8954.36,2,1,1,Lost
2090.0,2025-10-26,5,107,8951.85,5,5,1,Lost
2908.0,2025-10-05,26,88,8949.77,3,2,1,Lost
643.0,2025-10-31,0,81,8948.75,6,1,1,Lost
1221.0,2025-10-31,0,94,8947.9,6,3,1,Lost
1262.0,2025-10-19,12,93,8937.6,4,3,1,Lost
4730.0,2025-10-14,17,92,8937.4,4,3,1,Lost
1965.0,2025-09-19,42,88,8936.62,2,2,1,Lost
3232.0,2025-10-31,0,76,8935.18,6,1,1,Lost
1774.0,2025-10-25,6,82,8932.37,5,1,1,Lost
43.0,2025-08-09,83,83,8930.11,2,1,1,Lost
1732.0,2025-10-28,3,92,8927.99,6,3,1,Lost
998.0,2025-09-09,52,91,8927.19,2,2,1,Lost
4809.0,2025-10-24,7,84,8926.75,5,1,1,Lost
3833.0,2025-10-25,6,94,8926.21,5,3,1,Lost
2278.0,2025-10-03,28,92,8925.33,3,3,1,Lost
2181.0,2025-10-26,5,86,8921.41,5,2,1,Lost
4664.0,2025-10-26,5,72,8919.6,5,1,1,Lost
1464.0,2025-09-18,43,78,8919.52,2,1,1,Lost
3609.0,2025-08-08,84,80,8918.49,2,1,1,Lost
4975.0,2025-10-25,6,82,8915.81,5,1,1,Lost
595.0,2025-10-19,12,91,8913.67,4,2,1,Lost
2453.0,2025-10-28,3,89,8913.42,6,2,1,Lost
4327.0,2025-10-20,11,91,8911.57,4,3,1,Lost
400.0,2025-10-25,6,93,8909.86,5,3,1,Lost
1927.0,2025-10-31,0,86,8909.7,6,2,1,Lost
562.0,2025-10-10,21,90,8908.65,4,2,1,Lost
4765.0,2025-10-14,17,96,8899.07,4,4,1,Lost
638.0,2025-10-27,4,92,8898.61,6,3,1,Lost
3191.0,2025-10-30,1,88,8898.53,6,2,1,Lost
4319.0,2025-09-13,48,81,8898.32,2,1,1,Lost
1135.0,2025-10-31,0,93,8893.79,6,3,1,Lost
674.0,2025-10-25,6,97,8893.22,5,4,1,Lost
1597.0,2025-10-11,20,93,8892.44,4,3,1,Lost
1427.0,2025-10-19,12,89,8890.79,4,2,1,Lost
936.0,2025-10-31,0,96,8887.57,6,3,1,Lost
697.0,2025-10-04,27,86,8883.74,3,2,1,Lost
3771.0,2025-10-27,4,93,8882.26,6,3,1,Lost
56.0,2025-10-16,15,100,8882.22,4,4,1,Lost
3646.0,2025-10-31,0,86,8882.1,6,2,1,Lost
4575.0,2025-09-06,55,86,8881.59,2,2,1,Lost
2922.0,2025-09-15,46,81,8880.89,2,1,1,Lost
1905.0,2025-08-24,68,81,8878.15,2,1,1,Lost
4370.0,2025-10-27,4,87,8877.41,5,2,1,Lost
3891.0,2025-08-09,83,76,8874.67,2,1,1,Lost
1920.0,2025-10-17,14,93,8874.48,4,3,1,Lost
4015.0,2025-10-30,1,81,8871.73,6,1,1,Lost
1438.0,2025-10-16,15,90,8870.66,4,2,1,Lost
747.0,2025-10-04,27,79,8869.53,3,1,1,Lost
4032.0,2025-10-07,24,90,8867.7,3,2,1,Lost
570.0,2025-10-29,2,80,8867.39,6,1,1,Lost
2931.0,2025-10-31,0,92,8861.73,6,3,1,Lost
2564.0,2025-09-04,57,81,8861.62,2,1,1,Lost
2256.0,2025-08-14,78,86,8861.15,2,2,1,Lost
2663.0,2025-10-23,8,87,8861.08,5,2,1,Lost
2216.0,2025-10-19,12,90,8860.67,4,2,1,Lost
1871.0,2025-10-01,30,87,8857.03,3,2,1,Lost
1014.0,2025-10-25,6,78,8856.73,5,1,1,Lost
325.0,2025-09-10,51,83,8856.52,2,1,1,Lost
2299.0,2025-10-28,3,90,8851.01,6,2,1,Lost
3358.0,2025-09-28,33,93,8850.67,3,3,1,Lost
4571.0,2025-10-31,0,88,8849.83,6,2,1,Lost
1665.0,2025-10-23,8,81,8849.74,5,1,1,Lost
1098.0,2025-09-10,51,87,8849.57,2,2,1,Lost
4528.0,2025-10-07,24,88,8849.49,3,2,1,Lost
120.0,2025-10-04,27,85,8848.79,3,1,1,Lost
3328.0,2025-10-27,4,91,8846.27,6,3,1,Lost
4387.0,2025-10-30,1,88,8841.14,6,2,1,Lost
4502.0,2025-10-18,13,88,8840.65,4,2,1,Lost
330.0,2025-10-10,21,92,8838.77,4,3,1,Lost
3902.0,2025-10-22,9,84,8838.49,5,1,1,Lost
2435.0,2025-10-30,1,93,8837.79,6,3,1,Lost
497.0,2025-10-26,5,93,8834.77,5,3,1,Lost
4434.0,2025-09-13,48,82,8834.77,2,1,1,Lost
3409.0,2025-09-28,33,92,8833.36,3,3,1,Lost
150.0,2025-10-17,14,111,8832.54,4,5,1,Lost
3269.0,2025-08-27,65,81,8831.76,2,1,1,Lost
710.0,2025-10-12,19,74,8831.68,4,1,1,Lost
3046.0,2025-10-10,21,84,8831.68,4,1,1,Lost
3404.0,2025-10-30,1,92,8831.22,6,3,1,Lost
216.0,2025-10-31,0,91,8827.91,6,2,1,Lost
2111.0,2025-10-12,19,90,8826.2,4,2,1,Lost
332.0,2025-09-09,52,90,8823.78,2,2,1,Lost
4185.0,2025-10-22,9,90,8823.68,5,2,1,Lost
2942.0,2025-10-07,24,91,8822.54,3,3,1,Lost
4797.0,2025-07-19,104,82,8822.53,2,1,1,Lost
3350.0,2025-10-26,5,85,8821.65,5,1,1,Lost
3320.0,2025-09-26,35,78,8819.87,3,1,1,Lost
335.0,2025-10-22,9,105,8817.19,5,5,1,Lost
4996.0,2025-10-10,21,83,8816.79,4,1,1,Lost
1088.0,2025-10-30,1,82,8816.44,6,1,1,Lost
614.0,2025-09-19,42,83,8813.23,2,1,1,Lost
4099.0,2025-10-31,0,88,8812.8,6,2,1,Lost
2863.0,2025-10-22,9,85,8811.09,5,1,1,Lost
3811.0,2025-10-11,20,79,8809.79,4,1,1,Lost
4459.0,2025-09-09,52,88,8803.89,2,2,1,Lost
2960.0,2025-09-30,31,96,8801.54,3,4,1,Lost
4906.0,2025-10-03,28,86,8801.51,3,2,1,Lost
1146.0,2025-10-06,25,86,8798.13,3,2,1,Lost
3674.0,2025-10-24,7,79,8797.9,5,1,1,Lost
3389.0,2025-10-29,2,107,8797.18,6,5,1,Lost
1072.0,2025-10-15,16,88,8794.71,4,2,1,Lost
846.0,2025-10-11,20,72,8793.42,4,1,1,Lost
676.0,2025-10-12,19,98,8789.95,4,4,1,Lost
256.0,2025-10-07,24,85,8787.98,3,1,1,Lost
3054.0,2025-10-31,0,88,8787.51,6,2,1,Lost
2175.0,2025-10-14,17,91,8785.51,4,2,1,Lost
388.0,2025-10-30,1,79,8784.79,6,1,1,Lost
4190.0,2025-10-02,29,74,8784.35,3,1,1,Lost
1302.0,2025-10-02,29,77,8783.83,3,1,1,Lost
2748.0,2025-09-16,45,89,8783.24,2,2,1,Lost
285.0,2025-10-28,3,97,8781.51,6,4,1,Lost
2047.0,2025-09-17,44,89,8779.57,2,2,1,Lost
693.0,2025-10-04,27,79,8779.46,3,1,1,Lost
1165.0,2025-10-26,5,85,8778.0,5,1,1,Lost
4254.0,2025-10-17,14,79,8775.17,4,1,1,Lost
478.0,2025-10-26,5,80,8772.74,5,1,1,Lost
1614.0,2025-10-22,9,86,8772.74,5,2,1,Lost
3201.0,2025-09-03,58,85,8772.4,2,1,1,Lost
3497.0,2025-10-29,2,100,8771.56,6,4,1,Lost
4901.0,2025-08-24,68,81,8770.68,2,1,1,Lost
597.0,2025-10-21,10,91,8769.83,5,2,1,Lost
4843.0,2025-09-26,35,80,8769.32,3,1,1,Lost
2697.0,2025-10-27,4,83,8764.75,6,1,1,Lost
1215.0,2025-09-27,34,83,8763.82,3,1,1,Lost
1863.0,2025-10-28,3,81,8762.04,6,1,1,Lost
924.0,2025-10-26,5,91,8760.94,5,2,1,Lost
1596.0,2025-10-24,7,80,8755.36,5,1,1,Lost
848.0,2025-10-02,29,89,8753.7,3,2,1,Lost
145.0,2025-10-23,8,79,8753.38,5,1,1,Lost
1515.0,2025-09-25,36,91,8752.75,3,2,1,Lost
2606.0,2025-08-06,86,79,8751.81,2,1,1,Lost
125.0,2025-10-08,23,83,8750.92,3,1,1,Lost
1249.0,2025-10-12,19,97,8743.17,4,4,1,Lost
2651.0,2025-10-26,5,86,8741.26,5,2,1,Lost
577.0,2025-09-21,40,70,8738.3,2,1,1,Lost
471.0,2025-10-27,4,94,8735.78,6,3,1,Lost
4719.0,2025-08-28,64,86,8734.25,2,2,1,Lost
4218.0,2025-07-30,93,79,8733.17,2,1,1,Lost
2133.0,2025-10-17,14,77,8725.31,4,1,1,Lost
4663.0,2025-09-16,45,87,8719.41,2,2,1,Lost
1180.0,2025-10-26,5,76,8718.39,5,1,1,Lost
4359.0,2025-10-23,8,88,8717.95,5,2,1,Lost
1391.0,2025-10-26,5,86,8716.94,5,2,1,Lost
1399.0,2025-10-04,27,91,8713.57,3,2,1,Lost
345.0,2025-10-13,18,85,8708.82,4,1,1,Lost
554.0,2025-10-29,2,84,8708.76,6,1,1,Lost
1978.0,2025-10-01,30,87,8708.01,3,2,1,Lost
1254.0,2025-09-29,32,80,8706.33,3,1,1,Lost
4903.0,2025-10-01,30,95,8705.78,3,3,1,Lost
3639.0,2025-09-30,31,88,8701.27,3,2,1,Lost
547.0,2025-10-31,0,87,8699.94,6,2,1,Lost
2724.0,2025-10-25,6,87,8699.72,5,2,1,Lost
1659.0,2025-10-10,21,99,8699.04,4,4,1,Lost
3867.0,2025-10-28,3,85,8693.46,6,1,1,Lost
2562.0,2025-10-19,12,88,8684.41,4,2,1,Lost
2109.0,2025-10-31,0,76,8682.12,6,1,1,Lost
4781.0,2025-09-06,55,88,8681.68,2,2,1,Lost
2932.0,2025-10-28,3,84,8678.14,6,1,1,Lost
314.0,2025-10-19,12,88,8677.47,4,2,1,Lost
917.0,2025-08-25,67,91,8676.13,2,2,1,Lost
989.0,2025-10-06,25,89,8673.45,3,2,1,Lost
3101.0,2025-10-03,28,79,8672.26,3,1,1,Lost
2672.0,2025-10-15,16,79,8671.3,4,1,1,Lost
1967.0,2025-10-26,5,83,8670.79,5,1,1,Lost
4608.0,2025-07-04,119,84,8666.29,2,1,1,Lost
1271.0,2025-10-20,11,80,8665.76,5,1,1,Lost
1350.0,2025-10-19,12,80,8664.34,4,1,1,Lost
3858.0,2025-10-30,1,82,8663.97,6,1,1,Lost
1658.0,2025-07-05,118,82,8663.31,2,1,1,Lost
2138.0,2025-09-27,34,85,8659.51,3,1,1,Lost
4274.0,2025-10-03,28,82,8656.81,3,1,1,Lost
139.0,2025-10-23,8,89,8656.21,5,2,1,Lost
161.0,2025-10-13,18,88,8655.45,4,2,1,Lost
4646.0,2025-10-07,24,89,8653.68,3,2,1,Lost
2010.0,2025-10-03,28,84,8653.56,3,1,1,Lost
3946.0,2025-10-31,0,89,8651.91,6,2,1,Lost
860.0,2025-10-17,14,98,8651.88,4,4,1,Lost
4018.0,2025-10-26,5,94,8650.68,5,3,1,Lost
49.0,2025-08-28,64,90,8650.36,2,2,1,Lost
3504.0,2025-10-31,0,67,8649.66,6,1,1,Lost
1733.0,2025-10-31,0,90,8648.79,6,2,1,Lost
3111.0,2025-08-23,69,87,8648.42,2,2,1,Lost
1530.0,2025-09-24,37,90,8642.98,3,2,1,Lost
1903.0,2025-09-28,33,72,8642.86,3,1,1,Lost
4056.0,2025-10-31,0,79,8640.64,6,1,1,Lost
1618.0,2025-08-10,82,75,8639.9,2,1,1,Lost
762.0,2025-10-27,4,93,8638.52,6,3,1,Lost
4882.0,2025-10-30,1,85,8636.91,6,1,1,Lost
2746.0,2025-10-18,13,89,8635.25,4,2,1,Lost
1769.0,2025-09-27,34,101,8633.74,3,4,1,Lost
736.0,2025-09-28,33,94,8631.21,3,3,1,Lost
4923.0,2025-09-14,47,76,8630.73,2,1,1,Lost
1922.0,2025-09-05,56,85,8630.18,2,1,1,Lost
32.0,2025-07-14,109,77,8625.45,2,1,1,Lost
176.0,2025-10-07,24,91,8625.45,3,2,1,Lost
3516.0,2025-10-04,27,92,8621.16,3,3,1,Lost
2498.0,2025-09-27,34,102,8619.68,3,5,1,Lost
2561.0,2025-09-07,54,72,8618.83,2,1,1,Lost
2532.0,2025-09-20,41,90,8616.65,2,2,1,Lost
1663.0,2025-10-13,18,82,8615.36,4,1,1,Lost
3158.0,2025-10-21,10,92,8615.32,5,3,1,Lost
3964.0,2025-10-14,17,85,8613.82,4,1,1,Lost
3518.0,2025-07-20,103,84,8613.01,2,1,1,Lost
3455.0,2025-10-08,23,103,8612.92,3,5,1,Lost
3975.0,2025-10-26,5,88,8606.17,5,2,1,Lost
1344.0,2025-10-29,2,86,8605.62,6,2,1,Lost
2558.0,2025-10-28,3,83,8604.02,6,1,1,Lost
1622.0,2025-09-07,54,74,8602.14,2,1,1,Lost
4020.0,2025-10-01,30,79,8600.45,3,1,1,Lost
3750.0,2025-09-30,31,89,8599.8,3,2,1,Lost
2192.0,2025-10-12,19,81,8599.58,4,1,1,Lost
3345.0,2025-10-18,13,83,8598.98,4,1,1,Lost
4089.0,2025-10-12,19,90,8595.91,4,2,1,Lost
65.0,2025-10-21,10,82,8594.32,5,1,1,Lost
2301.0,2025-10-12,19,76,8594.1,4,1,1,Lost
1919.0,2025-09-29,32,86,8591.63,3,2,1,Lost
1017.0,2025-10-28,3,86,8590.14,6,2,1,Lost
2270.0,2025-10-09,22,93,8581.64,4,3,1,Lost
1278.0,2025-09-12,49,83,8581.3,2,1,1,Lost
2203.0,2025-10-30,1,85,8581.03,6,1,1,Lost
3912.0,2025-10-30,1,90,8580.12,6,2,1,Lost
4835.0,2025-10-30,1,81,8579.2,6,1,1,Lost
3450.0,2025-10-29,2,91,8578.67,6,3,1,Lost
4083.0,2025-08-12,80,88,8577.95,2,2,1,Lost
2412.0,2025-10-27,4,89,8577.47,6,2,1,Lost
1854.0,2025-10-31,0,79,8574.56,6,1,1,Lost
44.0,2025-09-12,49,77,8574.18,2,1,1,Lost
1783.0,2025-10-29,2,78,8573.79,6,1,1,Lost
1362.0,2025-10-30,1,79,8573.25,6,1,1,Lost
305.0,2025-09-26,35,88,8571.71,3,2,1,Lost
2063.0,2025-10-31,0,85,8568.88,6,1,1,Lost
4486.0,2025-08-28,64,77,8568.13,2,1,1,Lost
4354.0,2025-09-02,59,87,8567.07,2,2,1,Lost
1607.0,2025-10-01,30,82,8565.63,3,1,1,Lost
3970.0,2025-10-28,3,105,8565.24,6,5,1,Lost
3312.0,2025-10-17,14,91,8561.22,4,3,1,Lost
3185.0,2025-10-21,10,93,8561.21,5,3,1,Lost
490.0,2025-10-29,2,88,8558.16,6,2,1,Lost
3663.0,2025-10-27,4,88,8558.08,6,2,1,Lost
2656.0,2025-10-17,14,86,8553.1,4,2,1,Lost
3204.0,2025-09-28,33,100,8552.74,3,4,1,Lost
2020.0,2025-10-29,2,81,8551.06,6,1,1,Lost
1603.0,2025-10-17,14,90,8549.76,4,2,1,Lost
2502.0,2025-10-31,0,90,8545.86,6,2,1,Lost
3094.0,2025-10-31,0,86,8545.21,6,2,1,Lost
4328.0,2025-09-21,40,90,8544.32,2,2,1,Lost
844.0,2025-10-31,0,75,8537.64,6,1,1,Lost
4420.0,2025-09-20,41,82,8536.95,2,1,1,Lost
64.0,2025-10-14,17,88,8536.34,4,2,1,Lost
4285.0,2025-09-27,34,88,8533.93,3,2,1,Lost
3173.0,2025-10-15,16,91,8533.39,4,3,1,Lost
3814.0,2025-10-25,6,86,8531.73,5,2,1,Lost
1416.0,2025-09-30,31,91,8531.22,3,2,1,Lost
299.0,2025-10-04,27,80,8530.48,3,1,1,Lost
4140.0,2025-10-12,19,92,8525.36,4,3,1,Lost
2375.0,2025-07-27,96,82,8519.38,2,1,1,Lost
1899.0,2025-09-30,31,86,8518.07,3,2,1,Lost
3887.0,2025-10-17,14,82,8515.93,4,1,1,Lost
2032.0,2025-10-26,5,89,8511.31,5,2,1,Lost
3096.0,2025-08-29,63,87,8507.21,2,2,1,Lost
2619.0,2025-10-20,11,98,8507.05,5,4,1,Lost
202.0,2025-10-14,17,89,8504.73,4,2,1,Lost
3356.0,2025-10-10,21,97,8503.84,4,4,1,Lost
4198.0,2025-10-03,28,81,8501.55,3,1,1,Lost
818.0,2025-10-09,22,74,8500.53,4,1,1,Lost
2889.0,2025-10-30,1,94,8499.3,6,3,1,Lost
119.0,2025-09-28,33,82,8498.96,3,1,1,Lost
2405.0,2025-10-08,23,87,8496.56,3,2,1,Lost
785.0,2025-10-30,1,82,8494.55,6,1,1,Lost
3769.0,2025-08-13,79,80,8494.2,2,1,1,Lost
4484.0,2025-10-27,4,95,8492.08,5,3,1,Lost
4588.0,2025-10-05,26,90,8491.33,3,2,1,Lost
857.0,2025-10-02,29,95,8486.67,3,3,1,Lost
2178.0,2025-10-30,1,85,8485.88,6,1,1,Lost
2013.0,2025-10-27,4,88,8485.44,6,2,1,Lost
4738.0,2025-10-31,0,94,8483.46,6,3,1,Lost
920.0,2025-09-26,35,86,8479.76,3,2,1,Lost
1231.0,2025-10-17,14,103,8478.58,4,5,1,Lost
1856.0,2025-09-04,57,89,8473.92,2,2,1,Lost
3454.0,2025-10-29,2,77,8469.14,6,1,1,Lost
102.0,2025-10-23,8,102,8465.83,5,5,1,Lost
4474.0,2025-10-23,8,76,8464.51,5,1,1,Lost
2703.0,2025-10-24,7,85,8463.64,5,1,1,Lost
919.0,2025-10-08,23,89,8463.51,3,2,1,Lost
4710.0,2025-09-04,57,83,8463.41,2,1,1,Lost
3838.0,2025-10-09,22,88,8461.74,3,2,1,Lost
788.0,2025-10-29,2,88,8459.25,6,2,1,Lost
2623.0,2025-08-02,90,81,8457.88,2,1,1,Lost
3063.0,2025-09-22,39,79,8455.55,2,1,1,Lost
477.0,2025-10-30,1,98,8455.23,6,4,1,Lost
871.0,2025-08-27,65,78,8450.89,2,1,1,Lost
3700.0,2025-09-29,32,84,8448.01,3,1,1,Lost
1145.0,2025-10-24,7,74,8447.13,5,1,1,Lost
4298.0,2025-10-31,0,83,8444.27,6,1,1,Lost
3143.0,2025-10-23,8,86,8431.4,5,2,1,Lost
2829.0,2025-10-04,27,87,8430.11,3,2,1,Lost
3606.0,2025-10-15,16,78,8429.5,4,1,1,Lost
3861.0,2025-10-21,10,90,8429.15,5,2,1,Lost
2879.0,2025-10-02,29,82,8427.67,3,1,1,Lost
4063.0,2025-10-23,8,82,8426.51,5,1,1,Lost
2312.0,2025-10-28,3,81,8426.28,6,1,1,Lost
3899.0,2025-08-18,74,80,8420.37,2,1,1,Lost
2230.0,2025-10-11,20,84,8418.66,4,1,1,Lost
3000.0,2025-10-21,10,87,8417.96,5,2,1,Lost
2197.0,2025-08-24,68,81,8416.33,2,1,1,Lost
1543.0,2025-10-04,27,94,8415.2,3,3,1,Lost
1678.0,2025-10-20,11,75,8412.47,5,1,1,Lost
548.0,2025-10-21,10,93,8410.61,5,3,1,Lost
1069.0,2025-10-09,22,97,8409.75,4,4,1,Lost
4894.0,2025-10-07,24,94,8408.56,3,3,1,Lost
1814.0,2025-10-12,19,89,8405.65,4,2,1,Lost
3281.0,2025-10-16,15,88,8405.05,4,2,1,Lost
2441.0,2025-08-22,70,85,8401.99,2,1,1,Lost
393.0,2025-10-05,26,95,8396.26,3,3,1,Lost
1150.0,2025-09-11,50,81,8388.41,2,1,1,Lost
4583.0,2025-10-24,7,74,8382.26,5,1,1,Lost
2419.0,2025-10-19,12,91,8377.87,4,3,1,Lost
834.0,2025-10-08,23,92,8374.21,3,3,1,Lost
457.0,2025-09-24,37,89,8371.76,3,2,1,Lost
4406.0,2025-10-14,17,83,8364.97,4,1,1,Lost
1321.0,2025-10-06,25,84,8362.61,3,1,1,Lost
3841.0,2025-09-14,47,84,8360.67,2,1,1,Lost
4332.0,2025-10-30,1,89,8358.16,6,2,1,Lost
1.0,2025-10-04,27,89,8357.16,3,2,1,Lost
1444.0,2025-10-07,24,72,8354.72,3,1,1,Lost
196.0,2025-10-24,7,76,8348.38,5,1,1,Lost
3368.0,2025-08-17,75,88,8345.95,2,2,1,Lost
3671.0,2025-09-25,36,68,8342.95,3,1,1,Lost
4602.0,2025-07-26,97,79,8338.26,2,1,1,Lost
2896.0,2025-10-06,25,90,8333.72,3,2,1,Lost
687.0,2025-08-31,61,75,8332.62,2,1,1,Lost
3332.0,2025-10-23,8,98,8330.27,5,4,1,Lost
2185.0,2025-10-30,1,91,8322.83,6,3,1,Lost
3951.0,2025-10-08,23,76,8322.28,3,1,1,Lost
23.0,2025-10-31,0,89,8321.78,6,2,1,Lost
1418.0,2025-10-23,8,98,8300.72,5,4,1,Lost
1833.0,2025-06-05,148,80,8300.0,2,1,1,Lost
2449.0,2025-10-16,15,81,8297.04,4,1,1,Lost
1875.0,2025-10-10,21,83,8293.62,4,1,1,Lost
3192.0,2025-10-27,4,96,8293.28,6,4,1,Lost
3256.0,2025-10-31,0,81,8287.53,6,1,1,Lost
1945.0,2025-10-31,0,91,8283.41,6,2,1,Lost
4301.0,2025-10-31,0,84,8282.69,6,1,1,Lost
863.0,2025-09-18,43,79,8282.33,2,1,1,Lost
3131.0,2025-10-03,28,73,8281.73,3,1,1,Lost
3766.0,2025-10-15,16,97,8279.31,4,4,1,Lost
1916.0,2025-10-20,11,88,8275.8,5,2,1,Lost
2998.0,2025-10-21,10,78,8275.29,5,1,1,Lost
2721.0,2025-10-20,11,95,8271.17,5,3,1,Lost
4671.0,2025-10-18,13,82,8271.15,4,1,1,Lost
4678.0,2025-08-29,63,90,8270.43,2,2,1,Lost
3878.0,2025-10-16,15,82,8268.58,4,1,1,Lost
3815.0,2025-10-14,17,82,8268.03,4,1,1,Lost
1439.0,2025-10-25,6,96,8266.05,5,4,1,Lost
3074.0,2025-10-14,17,87,8258.8,4,2,1,Lost
1279.0,2025-10-08,23,82,8255.98,3,1,1,Lost
824.0,2025-10-30,1,87,8255.96,6,2,1,Lost
3050.0,2025-10-09,22,85,8254.46,4,1,1,Lost
3991.0,2025-09-14,47,90,8251.99,2,2,1,Lost
1629.0,2025-10-26,5,72,8246.19,5,1,1,Lost
4306.0,2025-10-24,7,84,8246.12,5,1,1,Lost
765.0,2025-10-01,30,82,8245.73,3,1,1,Lost
1117.0,2025-10-16,15,76,8245.17,4,1,1,Lost
3406.0,2025-10-08,23,72,8245.16,3,1,1,Lost
4523.0,2025-10-06,25,94,8243.11,3,3,1,Lost
1610.0,2025-10-02,29,86,8242.57,3,2,1,Lost
3178.0,2025-10-11,20,85,8241.24,4,1,1,Lost
722.0,2025-10-02,29,86,8230.19,3,2,1,Lost
616.0,2025-09-29,32,85,8229.53,3,1,1,Lost
2577.0,2025-10-28,3,87,8226.89,6,2,1,Lost
4764.0,2025-10-30,1,92,8226.58,6,3,1,Lost
186.0,2025-10-22,9,80,8222.35,5,1,1,Lost
1032.0,2025-08-16,76,89,8219.55,2,2,1,Lost
3075.0,2025-10-11,20,92,8213.39,4,3,1,Lost
3898.0,2025-08-27,65,80,8203.21,2,1,1,Lost
1175.0,2025-10-04,27,83,8202.0,3,1,1,Lost
3242.0,2025-10-15,16,83,8198.12,4,1,1,Lost
1549.0,2025-08-30,62,76,8195.68,2,1,1,Lost
3910.0,2025-10-15,16,76,8193.62,4,1,1,Lost
3966.0,2025-10-05,26,86,8189.94,3,2,1,Lost
4194.0,2025-09-12,49,77,8184.71,2,1,1,Lost
4855.0,2025-09-12,49,85,8180.87,2,1,1,Lost
4391.0,2025-10-22,9,91,8178.91,5,3,1,Lost
4636.0,2025-10-06,25,81,8174.27,3,1,1,Lost
3203.0,2025-10-17,14,93,8173.75,4,3,1,Lost
412.0,2025-10-26,5,90,8171.86,5,2,1,Lost
1598.0,2025-10-16,15,75,8171.7,4,1,1,Lost
255.0,2025-10-21,10,81,8169.19,5,1,1,Lost
3843.0,2025-10-28,3,79,8168.44,6,1,1,Lost
2017.0,2025-10-28,3,99,8164.83,6,4,1,Lost
4485.0,2025-09-24,37,87,8160.9,3,2,1,Lost
2928.0,2025-10-31,0,91,8154.57,6,3,1,Lost
1505.0,2025-10-31,0,85,8154.21,6,1,1,Lost
4551.0,2025-10-19,12,81,8153.57,4,1,1,Lost
2511.0,2025-09-28,33,94,8149.01,3,3,1,Lost
2957.0,2025-08-29,63,78,8147.52,2,1,1,Lost
4658.0,2025-09-04,57,86,8145.77,2,2,1,Lost
4881.0,2025-10-02,29,80,8144.02,3,1,1,Lost
3036.0,2025-07-28,95,80,8139.65,2,1,1,Lost
1202.0,2025-10-25,6,80,8136.14,5,1,1,Lost
4641.0,2025-10-06,25,88,8132.57,3,2,1,Lost
1269.0,2025-09-24,37,83,8131.93,3,1,1,Lost
1667.0,2025-10-24,7,89,8131.12,5,2,1,Lost
1407.0,2025-10-23,8,96,8130.43,5,3,1,Lost
1073.0,2025-10-03,28,84,8128.47,3,1,1,Lost
4515.0,2025-10-18,13,83,8122.84,4,1,1,Lost
4652.0,2025-09-10,51,80,8122.62,2,1,1,Lost
3931.0,2025-10-15,16,84,8122.43,4,1,1,Lost
498.0,2025-10-21,10,83,8121.66,5,1,1,Lost
1884.0,2025-10-14,17,92,8115.92,4,3,1,Lost
901.0,2025-10-30,1,99,8106.28,6,4,1,Lost
2588.0,2025-10-27,4,90,8104.72,6,2,1,Lost
3852.0,2025-09-04,57,85,8104.22,2,1,1,Lost
678.0,2025-10-06,25,85,8102.48,3,1,1,Lost
1959.0,2025-10-17,14,94,8101.12,4,3,1,Lost
2890.0,2025-10-29,2,96,8096.2,6,4,1,Lost
3679.0,2025-08-01,91,76,8094.73,2,1,1,Lost
434.0,2025-10-30,1,97,8089.5,6,4,1,Lost
443.0,2025-10-26,5,89,8086.74,5,2,1,Lost
2171.0,2025-10-13,18,84,8083.15,4,1,1,Lost
3032.0,2025-09-25,36,78,8078.67,3,1,1,Lost
4733.0,2025-08-19,73,77,8078.19,2,1,1,Lost
3023.0,2025-10-23,8,95,8073.05,5,3,1,Lost
1555.0,2025-10-27,4,88,8072.6,6,2,1,Lost
4251.0,2025-09-04,57,72,8071.56,2,1,1,Lost
997.0,2025-10-17,14,91,8062.88,4,2,1,Lost
3231.0,2025-10-22,9,76,8062.49,5,1,1,Lost
3558.0,2025-10-08,23,97,8058.15,3,4,1,Lost
4143.0,2025-10-08,23,75,8057.47,3,1,1,Lost
4870.0,2025-10-20,11,79,8051.11,4,1,1,Lost
406.0,2025-10-22,9,86,8050.76,5,2,1,Lost
3941.0,2025-08-22,70,79,8048.46,2,1,1,Lost
4907.0,2025-10-09,22,80,8047.88,3,1,1,Lost
1798.0,2025-10-30,1,78,8046.93,6,1,1,Lost
3072.0,2025-10-20,11,79,8042.16,5,1,1,Lost
2001.0,2025-10-04,27,81,8040.85,3,1,1,Lost
1745.0,2025-10-20,11,69,8033.09,5,1,1,Lost
3683.0,2025-10-02,29,76,8030.19,3,1,1,Lost
3519.0,2025-10-04,27,95,8025.45,3,3,1,Lost
36.0,2025-08-30,62,83,8017.71,2,1,1,Lost
2491.0,2025-10-04,27,83,8015.46,3,1,1,Lost
2406.0,2025-10-12,19,75,8014.17,4,1,1,Lost
4338.0,2025-10-26,5,78,8013.89,5,1,1,Lost
4788.0,2025-10-06,25,91,8009.36,3,3,1,Lost
2236.0,2025-09-26,35,93,8007.3,3,3,1,Lost
2295.0,2025-10-24,7,86,8005.86,5,2,1,Lost
979.0,2025-10-28,3,80,8004.97,6,1,1,Lost
2854.0,2025-10-18,13,85,7998.07,4,1,1,Lost
2580.0,2025-10-21,10,88,7994.25,5,2,1,Lost
1417.0,2025-10-31,0,83,7984.87,6,1,1,Lost
3653.0,2025-10-11,20,81,7983.76,4,1,1,Lost
2795.0,2025-10-27,4,96,7980.41,6,4,1,Lost
3103.0,2025-10-15,16,95,7979.47,4,3,1,Lost
4802.0,2025-10-14,17,83,7978.28,4,1,1,Lost
3069.0,2025-09-28,33,100,7970.74,3,4,1,Lost
3379.0,2025-10-10,21,92,7963.56,4,3,1,Lost
193.0,2025-10-14,17,84,7962.83,4,1,1,Lost
2338.0,2025-08-12,80,83,7962.71,2,1,1,Lost
2750.0,2025-10-16,15,92,7956.21,4,3,1,Lost
155.0,2025-09-22,39,79,7952.61,2,1,1,Lost
446.0,2025-10-30,1,88,7946.73,6,2,1,Lost
4008.0,2025-10-20,11,92,7946.7,5,3,1,Lost
3484.0,2025-08-30,62,84,7943.6,2,1,1,Lost
4080.0,2025-08-15,77,67,7943.47,2,1,1,Lost
4097.0,2025-07-22,101,85,7943.38,2,1,1,Lost
3399.0,2025-10-11,20,93,7941.25,4,3,1,Lost
1934.0,2025-10-16,15,90,7936.31,4,2,1,Lost
4374.0,2025-10-28,3,82,7936.13,6,1,1,Lost
4192.0,2025-10-29,2,89,7921.18,6,2,1,Lost
3770.0,2025-10-11,20,82,7920.37,4,1,1,Lost
4104.0,2025-10-14,17,89,7917.52,4,2,1,Lost
2693.0,2025-10-28,3,81,7910.14,6,1,1,Lost
1087.0,2025-09-14,47,65,7909.2,2,1,1,Lost
2509.0,2025-09-26,35,94,7905.07,3,3,1,Lost
2961.0,2025-10-08,23,88,7901.2,3,2,1,Lost
996.0,2025-10-24,7,81,7897.95,5,1,1,Lost
3174.0,2025-10-02,29,83,7896.71,3,1,1,Lost
390.0,2025-10-26,5,97,7896.4,5,4,1,Lost
3924.0,2025-10-30,1,77,7895.96,6,1,1,Lost
999.0,2025-09-09,52,84,7894.96,2,1,1,Lost
1681.0,2025-10-10,21,80,7890.6,4,1,1,Lost
3490.0,2025-10-18,13,94,7887.0,4,3,1,Lost
3562.0,2025-10-23,8,81,7884.15,5,1,1,Lost
1651.0,2025-10-23,8,80,7877.87,5,1,1,Lost
4394.0,2025-10-17,14,79,7861.9,4,1,1,Lost
2431.0,2025-08-03,89,88,7860.85,2,2,1,Lost
883.0,2025-10-02,29,83,7858.85,3,1,1,Lost
2370.0,2025-10-29,2,92,7856.3,6,3,1,Lost
3615.0,2025-10-10,21,77,7855.51,4,1,1,Lost
2763.0,2025-09-06,55,80,7854.91,2,1,1,Lost
431.0,2025-10-14,17,76,7848.85,4,1,1,Lost
1367.0,2025-10-19,12,73,7848.22,4,1,1,Lost
2289.0,2025-10-18,13,82,7846.01,4,1,1,Lost
519.0,2025-09-30,31,83,7839.98,3,1,1,Lost
1482.0,2025-10-24,7,84,7825.84,5,1,1,Lost
2384.0,2025-08-31,61,77,7825.55,2,1,1,Lost
4311.0,2025-10-12,19,95,7825.4,4,3,1,Lost
3950.0,2025-10-31,0,80,7825.39,6,1,1,Lost
4982.0,2025-10-14,17,84,7819.7,4,1,1,Lost
4344.0,2025-10-14,17,87,7811.64,4,2,1,Lost
4566.0,2025-10-27,4,86,7799.6,5,2,1,Lost
1451.0,2025-10-31,0,71,7794.03,6,1,1,Lost
1153.0,2025-10-27,4,89,7793.6,6,2,1,Lost
4822.0,2025-09-24,37,83,7789.45,3,1,1,Lost
522.0,2025-09-11,50,90,7785.6,2,2,1,Lost
2514.0,2025-10-25,6,78,7777.72,5,1,1,Lost
4744.0,2025-10-22,9,79,7776.83,5,1,1,Lost
3596.0,2025-10-19,12,76,7772.13,4,1,1,Lost
1707.0,2025-10-27,4,93,7768.75,6,3,1,Lost
4920.0,2025-10-18,13,85,7766.66,4,1,1,Lost
1036.0,2025-10-27,4,81,7759.94,6,1,1,Lost
3475.0,2025-10-20,11,78,7754.65,5,1,1,Lost
1191.0,2025-10-21,10,85,7753.73,5,1,1,Lost
2958.0,2025-10-23,8,73,7753.12,5,1,1,Lost
847.0,2025-10-28,3,78,7738.39,6,1,1,Lost
1836.0,2025-10-16,15,89,7738.16,4,2,1,Lost
4404.0,2025-09-24,37,87,7732.45,3,2,1,Lost
135.0,2025-10-11,20,90,7727.42,4,2,1,Lost
424.0,2025-10-31,0,79,7715.5,6,1,1,Lost
3438.0,2025-10-28,3,93,7713.16,6,3,1,Lost
1592.0,2025-10-08,23,104,7706.45,3,5,1,Lost
2531.0,2025-10-17,14,93,7701.14,4,3,1,Lost
2118.0,2025-10-05,26,84,7696.97,3,1,1,Lost
1021.0,2025-10-30,1,79,7694.35,6,1,1,Lost
4156.0,2025-10-15,16,87,7687.78,4,2,1,Lost
3834.0,2025-10-04,27,79,7681.09,3,1,1,Lost
3651.0,2025-10-28,3,86,7678.06,6,2,1,Lost
4578.0,2025-10-11,20,94,7676.37,4,3,1,Lost
4154.0,2025-10-21,10,85,7665.91,5,1,1,Lost
2478.0,2025-10-22,9,82,7662.1,5,1,1,Lost
4653.0,2025-10-23,8,80,7658.03,5,1,1,Lost
4558.0,2025-10-28,3,90,7654.74,6,2,1,Lost
453.0,2025-10-11,20,70,7651.32,4,1,1,Lost
1347.0,2025-10-25,6,83,7650.99,5,1,1,Lost
4295.0,2025-10-26,5,83,7648.3,5,1,1,Lost
432.0,2025-10-16,15,75,7647.1,4,1,1,Lost
501.0,2025-10-01,30,71,7640.61,3,1,1,Lost
162.0,2025-09-28,33,80,7639.28,3,1,1,Lost
622.0,2025-10-12,19,81,7630.98,4,1,1,Lost
4699.0,2025-09-29,32,80,7630.46,3,1,1,Lost
4514.0,2025-10-25,6,85,7613.04,5,1,1,Lost
966.0,2025-10-22,9,74,7609.47,5,1,1,Lost
2169.0,2025-10-28,3,77,7608.21,6,1,1,Lost
2926.0,2025-10-25,6,85,7607.92,5,1,1,Lost
4966.0,2025-09-24,37,85,7586.6,3,1,1,Lost
4388.0,2025-09-17,44,89,7584.34,2,2,1,Lost
2293.0,2025-10-07,24,79,7583.43,3,1,1,Lost
4857.0,2025-10-30,1,72,7576.14,6,1,1,Lost
1167.0,2025-08-17,75,77,7562.74,2,1,1,Lost
1723.0,2025-10-31,0,87,7555.26,6,2,1,Lost
4068.0,2025-10-06,25,93,7552.45,3,3,1,Lost
3821.0,2025-10-29,2,86,7548.28,6,2,1,Lost
3437.0,2025-10-21,10,88,7547.72,5,2,1,Lost
4203.0,2025-10-31,0,91,7544.49,6,3,1,Lost
928.0,2025-10-20,11,82,7540.61,5,1,1,Lost
2859.0,2025-10-04,27,78,7529.57,3,1,1,Lost
2396.0,2025-10-18,13,80,7529.37,4,1,1,Lost
1258.0,2025-09-04,57,89,7527.28,2,2,1,Lost
2600.0,2025-10-28,3,83,7526.36,6,1,1,Lost
258.0,2025-10-09,22,89,7524.76,4,2,1,Lost
704.0,2025-09-28,33,79,7514.24,3,1,1,Lost
61.0,2025-10-26,5,77,7511.48,5,1,1,Lost
4812.0,2025-10-27,4,99,7505.47,5,4,1,Lost
175.0,2025-10-28,3,75,7502.53,6,1,1,Lost
408.0,2025-10-23,8,88,7501.85,5,2,1,Lost
4429.0,2025-10-21,10,75,7500.34,5,1,1,Lost
3088.0,2025-10-23,8,80,7493.42,5,1,1,Lost
3486.0,2025-10-31,0,79,7489.99,6,1,1,Lost
823.0,2025-10-05,26,75,7484.97,3,1,1,Lost
1359.0,2025-10-20,11,75,7483.0,5,1,1,Lost
2917.0,2025-10-25,6,74,7473.39,5,1,1,Lost
3982.0,2025-10-28,3,89,7457.33,6,2,1,Lost
1212.0,2025-09-13,48,90,7452.21,2,2,1,Lost
2136.0,2025-10-04,27,97,7446.51,3,4,1,Lost
4029.0,2025-10-21,10,87,7443.76,5,2,1,Lost
3033.0,2025-10-21,10,79,7440.59,5,1,1,Lost
2886.0,2025-10-31,0,80,7438.82,6,1,1,Lost
964.0,2025-07-13,110,82,7436.98,2,1,1,Lost
4544.0,2025-10-21,10,88,7431.13,5,2,1,Lost
1379.0,2025-10-22,9,80,7424.63,5,1,1,Lost
1171.0,2025-10-05,26,77,7418.56,3,1,1,Lost
775.0,2025-10-08,23,76,7417.68,3,1,1,Lost
2423.0,2025-08-19,73,82,7417.0,2,1,1,Lost
2657.0,2025-10-17,14,87,7400.22,4,2,1,Lost
1976.0,2025-10-08,23,72,7399.28,3,1,1,Lost
1371.0,2025-07-20,103,81,7396.39,2,1,1,Lost
2912.0,2025-10-17,14,85,7369.41,4,1,1,Lost
4750.0,2025-09-07,54,82,7364.54,2,1,1,Lost
3523.0,2025-10-21,10,71,7363.94,5,1,1,Lost
3781.0,2025-08-31,61,77,7361.12,2,1,1,Lost
1360.0,2025-10-29,2,96,7360.91,6,3,1,Lost
673.0,2025-10-23,8,85,7360.05,5,1,1,Lost
1010.0,2025-09-20,41,85,7358.49,2,1,1,Lost
1484.0,2025-10-11,20,74,7358.08,4,1,1,Lost
4701.0,2025-10-27,4,87,7342.69,5,2,1,Lost
1788.0,2025-10-28,3,77,7341.26,6,1,1,Lost
88.0,2025-10-16,15,91,7339.68,4,2,1,Lost
4424.0,2025-10-29,2,86,7334.73,6,2,1,Lost
3868.0,2025-10-12,19,84,7333.62,4,1,1,Lost
449.0,2025-09-27,34,75,7326.63,3,1,1,Lost
810.0,2025-10-31,0,92,7311.38,6,3,1,Lost
1931.0,2025-10-29,2,76,7309.14,6,1,1,Lost
3869.0,2025-07-30,93,83,7303.22,2,1,1,Lost
1144.0,2025-10-28,3,84,7298.93,6,1,1,Lost
77.0,2025-10-28,3,93,7296.13,6,3,1,Lost
1397.0,2025-09-26,35,82,7292.7,3,1,1,Lost
4535.0,2025-09-24,37,90,7286.58,3,2,1,Lost
2119.0,2025-10-29,2,89,7273.97,6,2,1,Lost
912.0,2025-10-07,24,75,7271.27,3,1,1,Lost
610.0,2025-10-26,5,78,7270.0,5,1,1,Lost
313.0,2025-07-28,95,81,7260.24,2,1,1,Lost
4286.0,2025-09-25,36,89,7260.11,3,2,1,Lost
4309.0,2025-10-29,2,95,7260.04,6,3,1,Lost
4048.0,2025-10-26,5,82,7242.27,5,1,1,Lost
1338.0,2025-10-25,6,90,7228.75,5,2,1,Lost
4606.0,2025-10-25,6,103,7217.72,5,5,1,Lost
4206.0,2025-10-20,11,87,7214.43,5,2,1,Lost
909.0,2025-10-29,2,77,7188.37,6,1,1,Lost
1785.0,2025-10-27,4,72,7164.55,6,1,1,Lost
739.0,2025-10-21,10,93,7160.56,5,3,1,Lost
3157.0,2025-10-26,5,84,7150.39,5,1,1,Lost
4766.0,2025-10-27,4,86,7136.61,5,2,1,Lost
2563.0,2025-09-11,50,80,7116.3,2,1,1,Lost
2310.0,2025-07-05,118,69,7112.86,2,1,1,Lost
1794.0,2025-10-29,2,86,7086.84,6,2,1,Lost
893.0,2025-10-23,8,90,7063.71,5,2,1,Lost
2463.0,2025-10-08,23,83,7062.04,3,1,1,Lost
2201.0,2025-10-31,0,76,7040.15,6,1,1,Lost
2257.0,2025-10-28,3,82,7026.19,6,1,1,Lost
4024.0,2025-10-12,19,76,7016.62,4,1,1,Lost
3126.0,2025-10-31,0,81,6971.68,6,1,1,Lost
2327.0,2025-10-16,15,73,6950.45,4,1,1,Lost
2195.0,2025-09-27,34,75,6947.06,3,1,1,Lost
1896.0,2025-09-19,42,73,6945.12,2,1,1,Lost
1939.0,2025-10-28,3,80,6924.91,6,1,1,Lost
3188.0,2025-10-08,23,79,6916.69,3,1,1,Lost
1983.0,2025-10-15,16,76,6914.1,4,1,1,Lost
3024.0,2025-10-22,9,78,6901.86,5,1,1,Lost
2196.0,2025-10-26,5,74,6897.73,5,1,1,Lost
303.0,2025-10-09,22,74,6879.99,4,1,1,Lost
2486.0,2025-10-26,5,80,6879.62,5,1,1,Lost
4482.0,2025-10-13,18,84,6873.01,4,1,1,Lost
3600.0,2025-10-18,13,84,6853.39,4,1,1,Lost
52.0,2025-10-30,1,86,6846.58,6,2,1,Lost
4873.0,2025-10-31,0,66,6839.83,6,1,1,Lost
1851.0,2025-09-29,32,85,6835.9,3,1,1,Lost
2368.0,2025-10-16,15,77,6808.01,4,1,1,Lost
1089.0,2025-10-22,9,71,6806.04,5,1,1,Lost
1561.0,2025-10-08,23,78,6801.38,3,1,1,Lost
2352.0,2025-10-27,4,78,6793.46,6,1,1,Lost
128.0,2025-10-14,17,83,6771.31,4,1,1,Lost
685.0,2025-10-12,19,93,6758.82,4,3,1,Lost
4705.0,2025-09-25,36,79,6746.26,3,1,1,Lost
1161.0,2025-10-30,1,85,6736.68,6,1,1,Lost
874.0,2025-09-15,46,76,6680.16,2,1,1,Lost
1312.0,2025-10-04,27,87,6674.04,3,2,1,Lost
3022.0,2025-10-28,3,84,6666.08,6,1,1,Lost
2768.0,2025-10-09,22,85,6630.42,4,1,1,Lost
4324.0,2025-10-31,0,84,6606.46,6,1,1,Lost
2964.0,2025-10-08,23,81,6578.77,3,1,1,Lost
3808.0,2025-10-06,25,87,6567.42,3,2,1,Lost
3122.0,2025-10-15,16,75,6540.15,4,1,1,Lost
973.0,2025-10-20,11,78,6514.65,5,1,1,Lost
212.0,2025-10-20,11,81,6453.94,5,1,1,Lost
4965.0,2025-09-26,35,77,6419.29,3,1,1,Lost
2993.0,2025-10-06,25,83,6405.78,3,1,1,Lost
3507.0,2025-10-17,14,91,6396.07,4,3,1,Lost
2330.0,2025-10-28,3,83,6371.45,6,1,1,Lost
317.0,2025-09-27,34,71,6344.63,3,1,1,Lost
2647.0,2025-09-07,54,62,6278.64,2,1,1,Lost
1211.0,2025-10-26,5,68,6097.41,5,1,1,Lost
4369.0,2025-10-19,12,86,6051.15,4,2,1,Lost
1864.0,2025-10-12,19,74,5999.71,4,1,1,Lost
96.0,2025-09-30,31,82,5939.86,3,1,1,Lost
3798.0,2025-09-08,53,80,5936.33,2,1,1,Lost
3286.0,2025-10-21,10,86,5936.24,5,2,1,Lost
3472.0,2025-10-31,0,74,5902.6,6,1,1,Lost
1846.0,2025-10-01,30,106,17773.23,3,5,5,Loyal
3969.0,2025-08-05,87,109,17572.74,2,5,5,Loyal
3727.0,2025-10-05,26,108,17473.1,3,5,5,Loyal
1169.0,2025-08-02,90,104,16918.8,2,5,5,Loyal
283.0,2025-09-20,41,99,16879.78,2,4,5,Loyal
3680.0,2025-10-03,28,122,16806.78,3,5,5,Loyal
559.0,2025-10-05,26,114,16736.51,3,5,5,Loyal
3756.0,2025-09-30,31,115,16388.45,3,5,5,Loyal
2360.0,2025-08-21,71,101,16331.14,2,4,5,Loyal
4337.0,2025-09-14,47,99,16323.43,2,4,5,Loyal
1966.0,2025-10-07,24,105,16205.73,3,5,5,Loyal
4227.0,2025-09-08,53,112,16182.67,2,5,5,Loyal
249.0,2025-09-27,34,105,16105.09,3,5,5,Loyal
1852.0,2025-08-24,68,97,16047.01,2,4,5,Loyal
267.0,2025-10-02,29,97,16013.61,3,4,5,Loyal
701.0,2025-09-19,42,103,15920.34,2,5,5,Loyal
3285.0,2025-10-04,27,115,15854.24,3,5,5,Loyal
1824.0,2025-07-18,105,102,15845.7,2,5,5,Loyal
3678.0,2025-10-04,27,98,15752.47,3,4,5,Loyal
509.0,2025-09-03,58,105,15699.42,2,5,5,Loyal
3470.0,2025-08-31,61,102,15697.79,2,5,5,Loyal
2308.0,2025-08-21,71,100,15657.25,2,4,5,Loyal
2612.0,2025-09-25,36,115,15572.92,3,5,5,Loyal
2217.0,2025-09-12,49,119,15487.81,2,5,5,Loyal
2124.0,2025-10-07,24,101,15471.59,3,4,5,Loyal
3544.0,2025-10-05,26,120,15464.03,3,5,5,Loyal
4689.0,2025-10-04,27,101,15412.68,3,4,5,Loyal
4604.0,2025-10-05,26,106,15403.41,3,5,5,Loyal
3856.0,2025-09-28,33,99,15379.17,3,4,5,Loyal
2425.0,2025-05-31,153,106,15368.12,2,5,5,Loyal
2273.0,2025-09-21,40,119,15311.14,2,5,5,Loyal
3172.0,2025-09-26,35,107,15293.94,3,5,5,Loyal
4079.0,2025-09-27,34,103,15268.06,3,5,5,Loyal
4442.0,2025-09-28,33,106,15235.07,3,5,5,Loyal
4221.0,2025-10-01,30,107,15186.93,3,5,5,Loyal
3208.0,2025-08-31,61,112,15124.35,2,5,5,Loyal
2834.0,2025-10-02,29,106,15098.13,3,5,5,Loyal
4250.0,2025-08-16,76,113,15097.09,2,5,5,Loyal
655.0,2025-09-23,38,109,15068.55,3,5,5,Loyal
4094.0,2025-10-07,24,103,15053.85,3,5,5,Loyal
1575.0,2025-09-28,33,108,15027.38,3,5,5,Loyal
4481.0,2025-09-30,31,114,15018.73,3,5,5,Loyal
2245.0,2025-09-14,47,103,15012.74,2,5,5,Loyal
4769.0,2025-09-08,53,115,14987.09,2,5,5,Loyal
369.0,2025-09-28,33,115,14962.93,3,5,5,Loyal
3705.0,2025-09-26,35,98,14927.66,3,4,5,Loyal
4014.0,2025-10-06,25,111,14891.46,3,5,5,Loyal
884.0,2025-10-08,23,99,14884.05,3,4,5,Loyal
2574.0,2025-10-08,23,103,14873.27,3,5,5,Loyal
404.0,2025-10-07,24,100,14835.28,3,4,5,Loyal
1074.0,2025-09-08,53,97,14818.98,2,4,5,Loyal
4890.0,2025-09-27,34,105,14818.41,3,5,5,Loyal
3676.0,2025-09-30,31,105,14817.62,3,5,5,Loyal
1638.0,2025-10-01,30,109,14789.18,3,5,5,Loyal
2578.0,2025-09-26,35,118,14766.85,3,5,5,Loyal
2420.0,2025-09-27,34,106,14727.24,3,5,5,Loyal
2183.0,2025-09-03,58,96,14700.17,2,4,5,Loyal
3448.0,2025-09-24,37,101,14661.04,3,4,5,Loyal
273.0,2025-09-28,33,107,14655.14,3,5,5,Loyal
4233.0,2025-09-29,32,108,14620.87,3,5,5,Loyal
1777.0,2025-09-30,31,109,14620.37,3,5,5,Loyal
3875.0,2025-08-09,83,105,14607.82,2,5,5,Loyal
372.0,2025-09-01,60,108,14606.25,2,5,5,Loyal
4632.0,2025-09-07,54,103,14588.12,2,5,5,Loyal
341.0,2025-09-28,33,118,14578.55,3,5,5,Loyal
301.0,2025-10-08,23,122,14571.12,3,5,5,Loyal
2277.0,2025-10-06,25,109,14516.66,3,5,5,Loyal
2740.0,2025-09-19,42,104,14492.77,2,5,5,Loyal
4691.0,2025-08-22,70,110,14489.98,2,5,5,Loyal
4875.0,2025-10-01,30,113,14476.32,3,5,5,Loyal
4371.0,2025-09-01,60,107,14464.13,2,5,5,Loyal
4495.0,2025-09-13,48,112,14428.38,2,5,5,Loyal
3564.0,2025-08-21,71,105,14417.25,2,5,5,Loyal
1372.0,2025-10-06,25,108,14414.18,3,5,5,Loyal
2261.0,2025-10-02,29,107,14404.51,3,5,5,Loyal
4308.0,2025-09-26,35,103,14372.0,3,5,5,Loyal
2437.0,2025-09-27,34,98,14357.53,3,4,5,Loyal
3385.0,2025-09-25,36,121,14348.92,3,5,5,Loyal
448.0,2025-10-04,27,109,14323.1,3,5,5,Loyal
265.0,2025-10-08,23,99,14322.81,3,4,5,Loyal
1619.0,2025-09-28,33,96,14321.88,3,4,5,Loyal
3337.0,2025-09-29,32,119,14311.03,3,5,5,Loyal
1538.0,2025-10-05,26,106,14291.16,3,5,5,Loyal
1115.0,2025-09-15,46,112,14290.39,2,5,5,Loyal
1748.0,2025-09-19,42,99,14288.74,2,4,5,Loyal
229.0,2025-09-29,32,103,14283.62,3,5,5,Loyal
4450.0,2025-09-18,43,100,14264.2,2,4,5,Loyal
142.0,2025-09-17,44,103,14249.77,2,5,5,Loyal
2350.0,2025-08-28,64,111,14245.54,2,5,5,Loyal
828.0,2025-09-29,32,97,14228.11,3,4,5,Loyal
1752.0,2025-09-22,39,105,14209.88,2,5,5,Loyal
357.0,2025-10-02,29,98,14175.62,3,4,5,Loyal
795.0,2025-09-12,49,100,14171.35,2,4,5,Loyal
3402.0,2025-10-04,27,101,14142.94,3,4,5,Loyal
3407.0,2025-09-03,58,96,14051.67,2,4,5,Loyal
3288.0,2025-10-07,24,100,14026.9,3,4,5,Loyal
1393.0,2025-10-04,27,104,14018.57,3,5,5,Loyal
4239.0,2025-09-25,36,120,14012.73,3,5,5,Loyal
2774.0,2025-09-24,37,96,13999.25,3,4,5,Loyal
3636.0,2025-10-06,25,116,13971.65,3,5,5,Loyal
506.0,2025-09-27,34,99,13968.13,3,4,5,Loyal
2438.0,2025-08-17,75,110,13922.39,2,5,5,Loyal
4366.0,2025-09-28,33,107,13921.31,3,5,5,Loyal
2344.0,2025-07-11,112,109,13916.57,2,5,5,Loyal
4945.0,2025-10-03,28,108,13908.69,3,5,5,Loyal
4336.0,2025-09-26,35,102,13904.95,3,5,5,Loyal
3853.0,2025-09-06,55,112,13899.86,2,5,5,Loyal
1968.0,2025-10-08,23,110,13894.97,3,5,5,Loyal
2679.0,2025-09-02,59,105,13879.67,2,5,5,Loyal
3077.0,2025-09-25,36,101,13876.0,3,4,5,Loyal
4568.0,2025-08-31,61,105,13859.71,2,5,5,Loyal
4567.0,2025-09-26,35,96,13846.42,3,4,5,Loyal
2524.0,2025-10-07,24,110,13842.48,3,5,5,Loyal
3476.0,2025-10-04,27,100,13829.52,3,4,5,Loyal
2218.0,2025-10-07,24,110,13825.95,3,5,5,Loyal
2925.0,2025-09-27,34,103,13818.36,3,5,5,Loyal
386.0,2025-10-06,25,101,13786.07,3,4,5,Loyal
1700.0,2025-09-28,33,104,13763.23,3,5,5,Loyal
3393.0,2025-08-15,77,111,13742.69,2,5,5,Loyal
2899.0,2025-10-07,24,100,13725.9,3,4,5,Loyal
4783.0,2025-09-24,37,106,13721.83,3,5,5,Loyal
890.0,2025-09-24,37,103,13718.95,3,5,5,Loyal
3981.0,2025-10-02,29,102,13694.06,3,5,5,Loyal
3045.0,2025-09-27,34,105,13693.96,3,5,5,Loyal
2351.0,2025-10-01,30,104,13691.24,3,5,5,Loyal
3100.0,2025-08-29,63,115,13687.45,2,5,5,Loyal
4103.0,2025-10-09,22,104,13669.08,3,5,5,Loyal
359.0,2025-09-27,34,102,13666.39,3,5,5,Loyal
2451.0,2025-09-16,45,98,13663.06,2,4,5,Loyal
2084.0,2025-09-30,31,107,13651.51,3,5,5,Loyal
2609.0,2025-10-01,30,104,13644.21,3,5,5,Loyal
319.0,2025-09-16,45,108,13622.55,2,5,5,Loyal
511.0,2025-09-15,46,99,13611.87,2,4,5,Loyal
3016.0,2025-09-23,38,112,13610.33,3,5,5,Loyal
3010.0,2025-10-06,25,116,13610.24,3,5,5,Loyal
1835.0,2025-10-04,27,117,13606.33,3,5,5,Loyal
2268.0,2025-09-01,60,99,13586.51,2,4,5,Loyal
707.0,2025-10-03,28,97,13576.85,3,4,5,Loyal
1862.0,2025-09-27,34,111,13572.85,3,5,5,Loyal
856.0,2025-10-04,27,97,13537.39,3,4,5,Loyal
4321.0,2025-10-08,23,101,13533.54,3,4,5,Loyal
2349.0,2025-08-24,68,99,13533.49,2,4,5,Loyal
470.0,2025-08-02,90,102,13532.28,2,5,5,Loyal
2613.0,2025-10-05,26,107,13528.18,3,5,5,Loyal
3381.0,2025-09-28,33,113,13517.44,3,5,5,Loyal
4847.0,2025-08-05,87,96,13517.4,2,4,5,Loyal
4952.0,2025-10-08,23,116,13491.15,3,5,5,Loyal
1941.0,2025-09-29,32,104,13488.01,3,5,5,Loyal
4685.0,2025-10-07,24,102,13483.81,3,5,5,Loyal
3817.0,2025-09-15,46,104,13476.22,2,5,5,Loyal
784.0,2025-09-14,47,101,13474.75,2,4,5,Loyal
2951.0,2025-09-15,46,116,13470.83,2,5,5,Loyal
1349.0,2025-09-16,45,114,13464.64,2,5,5,Loyal
1775.0,2025-09-28,33,100,13459.82,3,4,5,Loyal
2796.0,2025-09-15,46,106,13442.25,2,5,5,Loyal
2809.0,2025-09-15,46,102,13406.66,2,5,5,Loyal
3830.0,2025-10-04,27,99,13401.54,3,4,5,Loyal
4577.0,2025-08-07,85,109,13378.01,2,5,5,Loyal
3799.0,2025-09-15,46,104,13369.83,2,5,5,Loyal
1548.0,2025-10-05,26,97,13358.47,3,4,5,Loyal
1815.0,2025-10-07,24,98,13350.76,3,4,5,Loyal
2129.0,2025-09-19,42,100,13349.55,2,4,5,Loyal
1699.0,2025-09-29,32,114,13348.69,3,5,5,Loyal
1130.0,2025-08-21,71,97,13339.8,2,4,5,Loyal
2445.0,2025-08-30,62,98,13334.43,2,4,5,Loyal
3458.0,2025-09-09,52,106,13334.0,2,5,5,Loyal
3473.0,2025-08-26,66,103,13330.32,2,5,5,Loyal
1633.0,2025-10-06,25,101,13324.08,3,4,5,Loyal
1026.0,2025-08-31,61,99,13323.67,2,4,5,Loyal
4624.0,2025-09-30,31,107,13317.05,3,5,5,Loyal
1248.0,2025-08-20,72,111,13307.36,2,5,5,Loyal
2727.0,2025-06-30,123,101,13280.75,2,4,5,Loyal
410.0,2025-09-30,31,103,13266.51,3,5,5,Loyal
3585.0,2025-10-08,23,104,13256.19,3,5,5,Loyal
2272.0,2025-09-21,40,99,13250.92,2,4,5,Loyal
2390.0,2025-09-29,32,102,13247.62,3,5,5,Loyal
444.0,2025-09-14,47,97,13234.7,2,4,5,Loyal
3387.0,2025-09-27,34,110,13232.57,3,5,5,Loyal
1099.0,2025-08-16,76,110,13229.33,2,5,5,Loyal
3071.0,2025-09-24,37,103,13223.9,3,5,5,Loyal
2244.0,2025-09-08,53,99,13222.46,2,4,5,Loyal
134.0,2025-08-09,83,100,13217.93,2,4,5,Loyal
1305.0,2025-09-11,50,99,13216.92,2,4,5,Loyal
1315.0,2025-09-07,54,98,13216.09,2,4,5,Loyal
970.0,2025-09-03,58,112,13213.48,2,5,5,Loyal
3051.0,2025-10-05,26,106,13189.27,3,5,5,Loyal
4175.0,2025-09-02,59,98,13187.12,2,4,5,Loyal
4067.0,2025-07-22,101,104,13186.87,2,5,5,Loyal
1832.0,2025-10-06,25,108,13173.89,3,5,5,Loyal
364.0,2025-09-28,33,98,13171.16,3,4,5,Loyal
3733.0,2025-09-08,53,108,13158.48,2,5,5,Loyal
3602.0,2025-09-20,41,96,13156.66,2,4,5,Loyal
4313.0,2025-08-23,69,98,13154.46,2,4,5,Loyal
4440.0,2025-10-08,23,98,13152.28,3,4,5,Loyal
682.0,2025-10-06,25,98,13104.66,3,4,5,Loyal
727.0,2025-08-30,62,98,13092.09,2,4,5,Loyal
67.0,2025-09-28,33,98,13073.35,3,4,5,Loyal
4433.0,2025-10-07,24,115,13064.74,3,5,5,Loyal
2279.0,2025-09-30,31,101,13036.09,3,4,5,Loyal
2052.0,2025-10-07,24,107,13013.99,3,5,5,Loyal
3015.0,2025-10-07,24,96,13012.1,3,4,5,Loyal
2134.0,2025-09-19,42,97,13010.77,2,4,5,Loyal
4758.0,2025-10-01,30,103,13005.66,3,5,5,Loyal
4506.0,2025-09-30,31,98,13001.45,3,4,5,Loyal
2014.0,2025-09-27,34,98,13000.38,3,4,5,Loyal
1631.0,2025-09-29,32,107,12998.44,3,5,5,Loyal
3145.0,2025-09-09,52,105,12990.52,2,5,5,Loyal
2113.0,2025-10-04,27,106,12988.47,3,5,5,Loyal
2037.0,2025-08-28,64,100,12983.59,2,4,5,Loyal
1183.0,2025-09-19,42,106,12957.71,2,5,5,Loyal
606.0,2025-09-02,59,97,12953.31,2,4,5,Loyal
4956.0,2025-10-02,29,116,12947.04,3,5,5,Loyal
4774.0,2025-09-26,35,101,12945.99,3,5,5,Loyal
2065.0,2025-10-05,26,99,12940.73,3,4,5,Loyal
3053.0,2025-09-18,43,100,12926.72,2,4,5,Loyal
247.0,2025-09-25,36,108,12917.57,3,5,5,Loyal
779.0,2025-09-15,46,109,12912.92,2,5,5,Loyal
3225.0,2025-10-04,27,101,12908.64,3,4,5,Loyal
2534.0,2025-09-24,37,110,12896.67,3,5,5,Loyal
442.0,2025-09-09,52,114,12892.73,2,5,5,Loyal
4444.0,2025-10-09,22,103,12890.85,3,5,5,Loyal
4584.0,2025-10-05,26,102,12887.71,3,5,5,Loyal
3786.0,2025-10-01,30,119,12868.07,3,5,5,Loyal
2952.0,2025-09-13,48,98,12864.37,2,4,5,Loyal
2121.0,2025-09-20,41,107,12852.82,2,5,5,Loyal
2072.0,2025-10-04,27,101,12852.45,3,4,5,Loyal
1586.0,2025-10-02,29,107,12844.8,3,5,5,Loyal
971.0,2025-10-06,25,99,12828.35,3,4,5,Loyal
1933.0,2025-09-24,37,103,12826.96,3,5,5,Loyal
425.0,2025-10-05,26,99,12818.92,3,4,5,Loyal
3492.0,2025-09-17,44,100,12808.56,2,4,5,Loyal
2594.0,2025-10-04,27,106,12788.67,3,5,5,Loyal
711.0,2025-10-01,30,106,12786.61,3,5,5,Loyal
3603.0,2025-09-19,42,96,12781.07,2,4,5,Loyal
1293.0,2025-09-10,51,102,12774.98,2,5,5,Loyal
2123.0,2025-08-27,65,111,12774.76,2,5,5,Loyal
1172.0,2025-09-26,35,100,12772.64,3,4,5,Loyal
4057.0,2025-09-17,44,102,12763.67,2,5,5,Loyal
3234.0,2025-09-20,41,99,12761.84,2,4,5,Loyal
2275.0,2025-09-21,40,99,12758.86,2,4,5,Loyal
262.0,2025-09-03,58,109,12738.79,2,5,5,Loyal
4425.0,2025-07-20,103,100,12736.45,2,4,5,Loyal
962.0,2025-09-20,41,101,12691.68,2,4,5,Loyal
2315.0,2025-09-10,51,104,12687.91,2,5,5,Loyal
3587.0,2025-10-05,26,101,12685.93,3,4,5,Loyal
1654.0,2025-09-17,44,97,12684.11,2,4,5,Loyal
1961.0,2025-10-05,26,102,12679.36,3,5,5,Loyal
4293.0,2025-08-13,79,103,12666.32,2,5,5,Loyal
4041.0,2025-08-10,82,113,12664.43,2,5,5,Loyal
2251.0,2025-08-17,75,108,12657.42,2,5,5,Loyal
4626.0,2025-10-06,25,100,12640.82,3,4,5,Loyal
3487.0,2025-10-08,23,114,12639.08,3,5,5,Loyal
1525.0,2025-09-23,38,96,12638.44,3,4,5,Loyal
4055.0,2025-10-08,23,102,12636.5,3,5,5,Loyal
2135.0,2025-10-06,25,106,12626.79,3,5,5,Loyal
3980.0,2025-10-04,27,110,12625.34,3,5,5,Loyal
921.0,2025-09-24,37,97,12618.93,3,4,5,Loyal
4021.0,2025-10-04,27,99,12617.26,3,4,5,Loyal
2027.0,2025-10-04,27,103,12607.56,3,5,5,Loyal
1184.0,2025-07-30,93,103,12593.18,2,5,5,Loyal
4340.0,2025-09-15,46,100,12589.92,2,4,5,Loyal
3930.0,2025-08-01,91,98,12582.2,2,4,5,Loyal
4589.0,2025-10-08,23,96,12569.34,3,4,5,Loyal
4201.0,2025-09-27,34,100,12561.17,3,4,5,Loyal
4897.0,2025-09-09,52,103,12560.22,2,5,5,Loyal
1635.0,2025-09-10,51,98,12548.23,2,4,5,Loyal
1746.0,2025-10-04,27,102,12548.12,3,5,5,Loyal
2662.0,2025-08-17,75,101,12545.38,2,4,5,Loyal
252.0,2025-10-05,26,111,12534.33,3,5,5,Loyal
3987.0,2025-09-15,46,103,12532.77,2,5,5,Loyal
3655.0,2025-09-27,34,98,12530.55,3,4,5,Loyal
4511.0,2025-09-29,32,100,12524.51,3,4,5,Loyal
1569.0,2025-08-31,61,105,12512.56,2,5,5,Loyal
129.0,2025-09-05,56,98,12496.61,2,4,5,Loyal
3432.0,2025-09-29,32,105,12489.2,3,5,4,Loyal
1935.0,2025-10-04,27,103,12487.3,3,5,4,Loyal
2579.0,2025-09-10,51,100,12470.47,2,4,4,Loyal
1257.0,2025-09-10,51,99,12468.56,2,4,4,Loyal
118.0,2025-09-25,36,98,12467.34,3,4,4,Loyal
4148.0,2025-09-01,60,103,12453.02,2,5,4,Loyal
894.0,2025-09-30,31,99,12439.96,3,4,4,Loyal
4267.0,2025-09-24,37,98,12436.6,3,4,4,Loyal
2096.0,2025-08-17,75,99,12433.4,2,4,4,Loyal
3925.0,2025-09-18,43,100,12430.63,2,4,4,Loyal
1779.0,2025-09-23,38,101,12428.17,3,4,4,Loyal
850.0,2025-09-30,31,101,12428.05,3,4,4,Loyal
4460.0,2025-10-09,22,106,12424.98,3,5,4,Loyal
629.0,2025-09-27,34,99,12424.82,3,4,4,Loyal
2610.0,2025-10-08,23,98,12413.47,3,4,4,Loyal
3453.0,2025-08-03,89,97,12411.34,2,4,4,Loyal
3175.0,2025-10-02,29,97,12409.6,3,4,4,Loyal
3451.0,2025-09-09,52,107,12407.77,2,5,4,Loyal
4713.0,2025-09-30,31,105,12406.51,3,5,4,Loyal
2642.0,2025-07-27,96,98,12393.03,2,4,4,Loyal
2103.0,2025-10-07,24,110,12390.13,3,5,4,Loyal
1743.0,2025-09-23,38,115,12388.36,3,5,4,Loyal
4537.0,2025-09-30,31,97,12385.72,3,4,4,Loyal
2188.0,2025-10-02,29,101,12382.38,3,4,4,Loyal
2316.0,2025-10-04,27,103,12375.98,3,5,4,Loyal
1320.0,2025-08-25,67,100,12357.78,2,4,4,Loyal
4599.0,2025-10-06,25,101,12357.16,3,4,4,Loyal
1578.0,2025-08-02,90,96,12352.12,2,4,4,Loyal
3707.0,2025-09-27,34,109,12318.76,3,5,4,Loyal
4904.0,2025-10-08,23,106,12316.91,3,5,4,Loyal
4518.0,2025-08-31,61,105,12316.59,2,5,4,Loyal
2775.0,2025-10-03,28,98,12311.84,3,4,4,Loyal
2446.0,2025-10-04,27,98,12310.07,3,4,4,Loyal
862.0,2025-08-14,78,98,12300.91,2,4,4,Loyal
495.0,2025-09-26,35,104,12296.04,3,5,4,Loyal
800.0,2025-09-28,33,114,12288.92,3,5,4,Loyal
3863.0,2025-09-24,37,96,12283.86,3,4,4,Loyal
1364.0,2025-09-24,37,108,12271.75,3,5,4,Loyal
3163.0,2025-09-13,48,100,12271.66,2,4,4,Loyal
4249.0,2025-08-15,77,103,12271.24,2,5,4,Loyal
3026.0,2025-08-11,81,101,12268.19,2,4,4,Loyal
1076.0,2025-07-27,96,98,12264.76,2,4,4,Loyal
679.0,2025-09-20,41,103,12254.83,2,5,4,Loyal
1985.0,2025-09-21,40,104,12251.09,2,5,4,Loyal
2962.0,2025-08-25,67,101,12248.94,2,4,4,Loyal
4928.0,2025-10-08,23,101,12248.45,3,5,4,Loyal
401.0,2025-10-03,28,97,12236.05,3,4,4,Loyal
284.0,2025-09-30,31,102,12220.0,3,5,4,Loyal
988.0,2025-09-20,41,110,12209.24,2,5,4,Loyal
1170.0,2025-10-07,24,97,12206.0,3,4,4,Loyal
3959.0,2025-09-08,53,101,12196.01,2,4,4,Loyal
4011.0,2025-09-16,45,106,12180.65,2,5,4,Loyal
4410.0,2025-09-07,54,103,12177.19,2,5,4,Loyal
4187.0,2025-08-29,63,101,12163.44,2,4,4,Loyal
2128.0,2025-09-26,35,116,12159.39,3,5,4,Loyal
2240.0,2025-09-15,46,97,12156.29,2,4,4,Loyal
4268.0,2025-08-12,80,98,12143.69,2,4,4,Loyal
1727.0,2025-09-27,34,100,12137.47,3,4,4,Loyal
2205.0,2025-09-13,48,105,12136.5,2,5,4,Loyal
1500.0,2025-10-04,27,104,12135.43,3,5,4,Loyal
2573.0,2025-10-07,24,103,12129.27,3,5,4,Loyal
1531.0,2025-10-01,30,102,12115.57,3,5,4,Loyal
2691.0,2025-09-14,47,105,12105.86,2,5,4,Loyal
968.0,2025-08-18,74,97,12092.53,2,4,4,Loyal
4411.0,2025-09-21,40,109,12086.89,2,5,4,Loyal
3215.0,2025-08-04,88,99,12082.96,2,4,4,Loyal
436.0,2025-08-15,77,97,12075.19,2,4,4,Loyal
3778.0,2025-08-23,69,96,12068.57,2,4,4,Loyal
3644.0,2025-09-27,34,103,12064.14,3,5,4,Loyal
2143.0,2025-10-08,23,107,12063.29,3,5,4,Loyal
4009.0,2025-09-10,51,111,12043.92,2,5,4,Loyal
236.0,2025-10-02,29,103,12029.44,3,5,4,Loyal
54.0,2025-08-31,61,97,12028.39,2,4,4,Loyal
827.0,2025-10-06,25,104,12027.94,3,5,4,Loyal
3181.0,2025-07-17,106,99,12016.68,2,4,4,Loyal
3353.0,2025-08-20,72,100,12013.43,2,4,4,Loyal
334.0,2025-09-26,35,115,12009.44,3,5,4,Loyal
2823.0,2025-09-23,38,107,12008.93,3,5,4,Loyal
4167.0,2025-08-24,68,97,12006.41,2,4,4,Loyal
661.0,2025-10-07,24,98,12003.76,3,4,4,Loyal
2808.0,2025-10-02,29,101,12000.05,3,4,4,Loyal
300.0,2025-09-29,32,102,11997.16,3,5,4,Loyal
2797.0,2025-10-01,30,100,11990.38,3,4,4,Loyal
1341.0,2025-09-12,49,103,11979.18,2,5,4,Loyal
2624.0,2025-08-30,62,100,11978.27,2,4,4,Loyal
3617.0,2025-09-07,54,101,11969.62,2,4,4,Loyal
4983.0,2025-08-14,78,106,11968.34,2,5,4,Loyal
3321.0,2025-10-08,23,99,11963.32,3,4,4,Loyal
2762.0,2025-10-02,29,97,11956.57,3,4,4,Loyal
1078.0,2025-08-25,67,98,11947.68,2,4,4,Loyal
2424.0,2025-08-05,87,105,11943.33,2,5,4,Loyal
2980.0,2025-09-11,50,108,11940.84,2,5,4,Loyal
991.0,2025-09-18,43,105,11939.15,2,5,4,Loyal
3696.0,2025-09-30,31,99,11928.93,3,4,4,Loyal
811.0,2025-09-17,44,98,11922.64,2,4,4,Loyal
2266.0,2025-10-08,23,105,11918.26,3,5,4,Loyal
4854.0,2025-09-21,40,102,11914.82,2,5,4,Loyal
3202.0,2025-09-30,31,97,11909.23,3,4,4,Loyal
825.0,2025-10-05,26,99,11898.04,3,4,4,Loyal
4508.0,2025-08-22,70,106,11896.73,2,5,4,Loyal
468.0,2025-10-03,28,97,11895.24,3,4,4,Loyal
854.0,2025-09-18,43,113,11885.87,2,5,4,Loyal
4213.0,2025-09-13,48,101,11876.23,2,4,4,Loyal
3735.0,2025-09-29,32,98,11869.09,3,4,4,Loyal
1062.0,2025-08-25,67,97,11864.39,2,4,4,Loyal
4597.0,2025-08-26,66,98,11860.86,2,4,4,Loyal
3289.0,2025-09-30,31,110,11857.02,3,5,4,Loyal
3139.0,2025-09-21,40,99,11850.65,2,4,4,Loyal
3598.0,2025-10-07,24,98,11844.17,3,4,4,Loyal
9.0,2025-09-30,31,99,11842.68,3,4,4,Loyal
734.0,2025-09-29,32,99,11841.55,3,4,4,Loyal
4305.0,2025-09-26,35,99,11833.34,3,4,4,Loyal
4736.0,2025-09-26,35,102,11831.36,3,5,4,Loyal
2314.0,2025-10-06,25,102,11816.26,3,5,4,Loyal
3616.0,2025-10-01,30,106,11806.69,3,5,4,Loyal
3119.0,2025-09-12,49,102,11805.86,2,5,4,Loyal
4916.0,2025-09-08,53,102,11805.76,2,5,4,Loyal
1142.0,2025-09-29,32,101,11803.04,3,4,4,Loyal
1599.0,2025-09-28,33,103,11798.26,3,5,4,Loyal
2000.0,2025-09-22,39,99,11796.76,2,4,4,Loyal
4981.0,2025-08-30,62,103,11786.56,2,5,4,Loyal
3066.0,2025-10-05,26,105,11783.34,3,5,4,Loyal
4317.0,2025-09-04,57,96,11774.22,2,4,4,Loyal
1154.0,2025-09-26,35,100,11771.58,3,4,4,Loyal
4751.0,2025-09-12,49,101,11771.39,2,5,4,Loyal
3376.0,2025-09-19,42,110,11768.5,2,5,4,Loyal
1691.0,2025-06-16,137,102,11764.01,2,5,4,Loyal
3295.0,2025-09-18,43,96,11759.13,2,4,4,Loyal
4564.0,2025-10-04,27,100,11756.08,3,4,4,Loyal
4372.0,2025-09-21,40,102,11756.07,2,5,4,Loyal
634.0,2025-09-27,34,100,11747.3,3,4,4,Loyal
1621.0,2025-10-05,26,101,11745.96,3,4,4,Loyal
612.0,2025-10-06,25,105,11741.05,3,5,4,Loyal
504.0,2025-09-10,51,100,11734.6,2,4,4,Loyal
4236.0,2025-10-09,22,98,11719.95,3,4,4,Loyal
3816.0,2025-10-08,23,103,11714.84,3,5,4,Loyal
4269.0,2025-09-15,46,111,11714.23,2,5,4,Loyal
191.0,2025-09-01,60,111,11710.97,2,5,4,Loyal
1380.0,2025-09-26,35,111,11703.99,3,5,4,Loyal
1265.0,2025-09-28,33,103,11699.24,3,5,4,Loyal
1095.0,2025-08-21,71,100,11694.31,2,4,4,Loyal
2538.0,2025-09-06,55,101,11683.74,2,4,4,Loyal
4480.0,2025-09-26,35,98,11683.21,3,4,4,Loyal
4304.0,2025-10-04,27,106,11682.38,3,5,4,Loyal
2516.0,2025-10-01,30,103,11681.14,3,5,4,Loyal
617.0,2025-08-30,62,97,11676.85,2,4,4,Loyal
4868.0,2025-10-09,22,100,11644.77,3,4,4,Loyal
3725.0,2025-09-19,42,102,11634.43,2,5,4,Loyal
4290.0,2025-09-29,32,99,11631.68,3,4,4,Loyal
937.0,2025-08-23,69,104,11630.91,2,5,4,Loyal
1566.0,2025-09-07,54,102,11625.19,2,5,4,Loyal
253.0,2025-09-29,32,97,11622.64,3,4,4,Loyal
4861.0,2025-10-07,24,116,11603.99,3,5,4,Loyal
2819.0,2025-10-08,23,101,11602.29,3,4,4,Loyal
1253.0,2025-10-07,24,98,11599.26,3,4,4,Loyal
4930.0,2025-10-04,27,106,11580.31,3,5,4,Loyal
98.0,2025-09-28,33,106,11578.71,3,5,4,Loyal
2956.0,2025-10-07,24,98,11564.7,3,4,4,Loyal
2680.0,2025-09-23,38,98,11561.63,3,4,4,Loyal
440.0,2025-10-08,23,108,11549.3,3,5,4,Loyal
2757.0,2025-10-05,26,97,11538.1,3,4,4,Loyal
235.0,2025-10-06,25,99,11532.76,3,4,4,Loyal
3182.0,2025-10-05,26,96,11530.38,3,4,4,Loyal
2999.0,2025-09-04,57,96,11523.67,2,4,4,Loyal
4938.0,2025-07-13,110,101,11523.52,2,5,4,Loyal
510.0,2025-09-20,41,101,11517.68,2,4,4,Loyal
3361.0,2025-09-21,40,97,11516.26,2,4,4,Loyal
2071.0,2025-09-28,33,102,11506.6,3,5,4,Loyal
3900.0,2025-06-15,138,107,11501.65,2,5,4,Loyal
2022.0,2025-09-15,46,104,11501.27,2,5,4,Loyal
4229.0,2025-09-19,42,97,11500.81,2,4,4,Loyal
4540.0,2025-09-28,33,99,11500.36,3,4,4,Loyal
3595.0,2025-09-15,46,97,11499.62,2,4,4,Loyal
3124.0,2025-10-04,27,102,11480.04,3,5,4,Loyal
3494.0,2025-09-29,32,96,11473.97,3,4,4,Loyal
4937.0,2025-09-14,47,98,11470.99,2,4,4,Loyal
3501.0,2025-09-27,34,98,11464.62,3,4,4,Loyal
4806.0,2025-10-04,27,99,11458.86,3,4,4,Loyal
1756.0,2025-10-01,30,100,11446.89,3,4,4,Loyal
4310.0,2025-10-09,22,109,11443.71,3,5,4,Loyal
493.0,2025-09-18,43,108,11441.37,2,5,4,Loyal
933.0,2025-09-14,47,103,11409.39,2,5,4,Loyal
1063.0,2025-09-21,40,108,11406.9,2,5,4,Loyal
3224.0,2025-09-19,42,103,11401.22,2,5,4,Loyal
3823.0,2025-10-04,27,98,11396.53,3,4,4,Loyal
2517.0,2025-10-02,29,100,11395.52,3,4,4,Loyal
1138.0,2025-10-06,25,97,11392.52,3,4,4,Loyal
4717.0,2025-08-26,66,103,11388.73,2,5,4,Loyal
4644.0,2025-09-14,47,115,11383.54,2,5,4,Loyal
3135.0,2025-10-04,27,119,11382.4,3,5,3,Loyal
397.0,2025-08-26,66,98,11376.21,2,4,3,Loyal
2436.0,2025-10-22,9,99,11372.39,5,4,3,Loyal
1121.0,2025-09-23,38,110,11372.15,3,5,3,Loyal
2985.0,2025-10-21,10,99,11371.15,5,4,3,Loyal
4974.0,2025-10-04,27,109,11367.57,3,5,3,Loyal
837.0,2025-08-22,70,115,11366.18,2,5,3,Loyal
4430.0,2025-09-23,38,96,11364.24,3,4,3,Loyal
3319.0,2025-10-21,10,107,11362.89,5,5,3,Loyal
151.0,2025-09-02,59,115,11361.16,2,5,3,Loyal
4172.0,2025-10-12,19,99,11360.96,4,4,3,Loyal
4962.0,2025-10-27,4,104,11360.54,5,5,3,Loyal
2120.0,2025-09-28,33,110,11360.12,3,5,3,Loyal
2158.0,2025-10-01,30,101,11358.17,3,4,3,Loyal
2284.0,2025-10-09,22,98,11357.65,4,4,3,Loyal
551.0,2025-10-21,10,115,11356.93,5,5,3,Loyal
3277.0,2025-10-27,4,102,11354.99,6,5,3,Loyal
4863.0,2025-10-02,29,104,11352.98,3,5,3,Loyal
3703.0,2025-10-07,24,115,11348.86,3,5,3,Loyal
4526.0,2025-10-19,12,116,11348.09,4,5,3,Loyal
4976.0,2025-10-30,1,98,11346.9,6,4,3,Loyal
1612.0,2025-08-20,72,100,11346.62,2,4,3,Loyal
963.0,2025-10-22,9,99,11345.73,5,4,3,Loyal
1458.0,2025-10-13,18,99,11344.58,4,4,3,Loyal
1342.0,2025-10-14,17,99,11343.52,4,4,3,Loyal
2440.0,2025-10-21,10,99,11341.63,5,4,3,Loyal
3810.0,2025-10-07,24,100,11338.73,3,4,3,Loyal
3245.0,2025-10-26,5,101,11338.15,5,4,3,Loyal
2643.0,2025-10-30,1,96,11334.75,6,4,3,Loyal
323.0,2025-09-15,46,100,11332.03,2,4,3,Loyal
399.0,2025-08-29,63,100,11330.57,2,4,3,Loyal
953.0,2025-10-25,6,105,11327.81,5,5,3,Loyal
3720.0,2025-10-24,7,103,11325.67,5,5,3,Loyal
2618.0,2025-10-14,17,106,11325.48,4,5,3,Loyal
4509.0,2025-10-15,16,100,11322.91,4,4,3,Loyal
298.0,2025-08-10,82,102,11322.22,2,5,3,Loyal
867.0,2025-10-01,30,102,11316.27,3,5,3,Loyal
1373.0,2025-10-31,0,97,11315.13,6,4,3,Loyal
1409.0,2025-09-28,33,106,11312.69,3,5,3,Loyal
1107.0,2025-08-23,69,100,11308.51,2,4,3,Loyal
1140.0,2025-10-16,15,102,11307.79,4,5,3,Loyal
116.0,2025-09-03,58,98,11305.57,2,4,3,Loyal
2620.0,2025-10-15,16,103,11303.83,4,5,3,Loyal
4849.0,2025-10-25,6,96,11302.86,5,4,3,Loyal
3508.0,2025-09-04,57,103,11302.81,2,5,3,Loyal
2189.0,2025-10-30,1,104,11299.98,6,5,3,Loyal
1495.0,2025-10-22,9,99,11297.6,5,4,3,Loyal
1524.0,2025-10-07,24,96,11296.81,3,4,3,Loyal
4144.0,2025-09-24,37,102,11296.03,3,5,3,Loyal
13.0,2025-10-11,20,108,11294.83,4,5,3,Loyal
2713.0,2025-10-28,3,104,11292.56,6,5,3,Loyal
3264.0,2025-10-14,17,108,11292.31,4,5,3,Loyal
1355.0,2025-10-20,11,97,11286.23,5,4,3,Loyal
2358.0,2025-10-09,22,98,11282.85,4,4,3,Loyal
1963.0,2025-10-28,3,102,11281.82,6,5,3,Loyal
4600.0,2025-10-31,0,98,11275.25,6,4,3,Loyal
4754.0,2025-10-29,2,105,11270.23,6,5,3,Loyal
3938.0,2025-10-27,4,98,11270.0,6,4,3,Loyal
2231.0,2025-10-04,27,109,11268.55,3,5,3,Loyal
4683.0,2025-09-30,31,103,11267.79,3,5,3,Loyal
1924.0,2025-09-24,37,102,11264.25,3,5,3,Loyal
2428.0,2025-10-31,0,105,11259.63,6,5,3,Loyal
1758.0,2025-09-18,43,108,11258.71,2,5,3,Loyal
546.0,2025-10-22,9,99,11254.69,5,4,3,Loyal
1562.0,2025-10-30,1,100,11254.35,6,4,3,Loyal
4633.0,2025-10-23,8,103,11251.51,5,5,3,Loyal
1045.0,2025-09-21,40,98,11248.16,2,4,3,Loyal
2976.0,2025-10-22,9,100,11247.19,5,4,3,Loyal
1058.0,2025-10-13,18,102,11245.31,4,5,3,Loyal
4262.0,2025-10-25,6,101,11235.82,5,4,3,Loyal
4533.0,2025-10-22,9,107,11219.32,5,5,3,Loyal
3708.0,2025-10-24,7,97,11219.06,5,4,3,Loyal
636.0,2025-09-08,53,105,11218.15,2,5,3,Loyal
2311.0,2025-10-30,1,99,11217.86,6,4,3,Loyal
2159.0,2025-09-29,32,101,11216.06,3,4,3,Loyal
4230.0,2025-10-28,3,97,11215.74,6,4,3,Loyal
985.0,2025-10-09,22,100,11215.44,4,4,3,Loyal
115.0,2025-09-06,55,104,11214.24,2,5,3,Loyal
719.0,2025-10-30,1,100,11212.5,6,4,3,Loyal
1720.0,2025-08-23,69,107,11211.45,2,5,3,Loyal
1928.0,2025-10-02,29,100,11208.66,3,4,3,Loyal
3895.0,2025-10-22,9,98,11206.29,5,4,3,Loyal
4613.0,2025-10-29,2,110,11205.36,6,5,3,Loyal
1187.0,2025-10-28,3,102,11204.9,6,5,3,Loyal
514.0,2025-10-30,1,105,11196.21,6,5,3,Loyal
2702.0,2025-09-29,32,99,11196.09,3,4,3,Loyal
4883.0,2025-09-18,43,96,11194.85,2,4,3,Loyal
1987.0,2025-10-13,18,102,11194.01,4,5,3,Loyal
2678.0,2025-09-13,48,104,11193.15,2,5,3,Loyal
4279.0,2025-10-30,1,108,11192.69,6,5,3,Loyal
2102.0,2025-10-23,8,102,11191.12,5,5,3,Loyal
4570.0,2025-10-24,7,98,11190.3,5,4,3,Loyal
1511.0,2025-09-28,33,106,11186.73,3,5,3,Loyal
3347.0,2025-10-07,24,108,11185.7,3,5,3,Loyal
3592.0,2025-09-10,51,98,11184.68,2,4,3,Loyal
3123.0,2025-10-02,29,99,11183.14,3,4,3,Loyal
3129.0,2025-10-30,1,97,11182.68,6,4,3,Loyal
2635.0,2025-10-28,3,108,11174.72,6,5,3,Loyal
981.0,2025-10-26,5,99,11174.28,5,4,3,Loyal
3547.0,2025-08-22,70,98,11172.2,2,4,3,Loyal
3586.0,2025-10-17,14,96,11168.37,4,4,3,Loyal
3990.0,2025-10-07,24,98,11164.79,3,4,3,Loyal
1764.0,2025-09-18,43,99,11163.21,2,4,3,Loyal
3214.0,2025-10-07,24,98,11162.58,3,4,3,Loyal
3551.0,2025-10-31,0,97,11160.12,6,4,3,Loyal
2848.0,2025-10-09,22,99,11158.64,4,4,3,Loyal
3773.0,2025-10-27,4,99,11156.92,6,4,3,Loyal
532.0,2025-10-17,14,105,11155.49,4,5,3,Loyal
947.0,2025-10-27,4,109,11152.53,6,5,3,Loyal
4025.0,2025-09-26,35,99,11152.22,3,4,3,Loyal
1283.0,2025-10-24,7,101,11151.52,5,4,3,Loyal
2779.0,2025-10-08,23,111,11146.63,3,5,3,Loyal
3529.0,2025-10-21,10,102,11143.77,5,5,3,Loyal
3146.0,2025-10-21,10,99,11141.79,5,4,3,Loyal
4348.0,2025-10-20,11,107,11139.12,4,5,3,Loyal
3278.0,2025-10-04,27,102,11136.73,3,5,3,Loyal
2276.0,2025-10-24,7,103,11131.53,5,5,3,Loyal
3020.0,2025-10-23,8,97,11130.69,5,4,3,Loyal
1125.0,2025-09-02,59,99,11129.17,2,4,3,Loyal
3952.0,2025-10-31,0,99,11127.09,6,4,3,Loyal
4170.0,2025-10-02,29,97,11126.91,3,4,3,Loyal
3977.0,2025-10-19,12,100,11121.86,4,4,3,Loyal
2882.0,2025-10-25,6,96,11114.59,5,4,3,Loyal
3714.0,2025-10-07,24,99,11112.61,3,4,3,Loyal
2644.0,2025-10-18,13,98,11108.88,4,4,3,Loyal
2126.0,2025-10-11,20,96,11106.51,4,4,3,Loyal
2897.0,2025-10-04,27,99,11103.57,3,4,3,Loyal
30.0,2025-08-20,72,97,11102.65,2,4,3,Loyal
3335.0,2025-09-08,53,96,11102.46,2,4,3,Loyal
1332.0,2025-10-11,20,101,11102.41,4,4,3,Loyal
3384.0,2025-10-30,1,105,11101.75,6,5,3,Loyal
1970.0,2025-08-10,82,98,11101.62,2,4,3,Loyal
1792.0,2025-10-30,1,100,11101.58,6,4,3,Loyal
2995.0,2025-10-27,4,103,11099.46,6,5,3,Loyal
1527.0,2025-10-14,17,99,11099.23,4,4,3,Loyal
2544.0,2025-10-30,1,105,11099.12,6,5,3,Loyal
3597.0,2025-09-06,55,119,11096.91,2,5,3,Loyal
2974.0,2025-10-13,18,97,11095.64,4,4,3,Loyal
2833.0,2025-10-30,1,110,11092.37,6,5,3,Loyal
4113.0,2025-10-22,9,98,11092.33,5,4,3,Loyal
2421.0,2025-10-06,25,101,11087.34,3,4,3,Loyal
476.0,2025-10-28,3,100,11082.39,6,4,3,Loyal
2339.0,2025-10-05,26,105,11081.96,3,5,3,Loyal
4385.0,2025-09-28,33,100,11081.02,3,4,3,Loyal
2764.0,2025-09-26,35,97,11076.44,3,4,3,Loyal
3983.0,2025-10-12,19,101,11075.34,4,4,3,Loyal
275.0,2025-10-29,2,99,11075.26,6,4,3,Loyal
1428.0,2025-10-31,0,96,11072.42,6,4,3,Loyal
2954.0,2025-10-20,11,98,11072.06,5,4,3,Loyal
914.0,2025-09-13,48,99,11067.5,2,4,3,Loyal
1504.0,2025-10-30,1,104,11065.76,6,5,3,Loyal
879.0,2025-10-30,1,100,11061.09,6,4,3,Loyal
189.0,2025-10-09,22,97,11056.77,4,4,3,Loyal
2253.0,2025-10-15,16,97,11055.58,4,4,3,Loyal
4436.0,2025-10-20,11,103,11055.37,4,5,3,Loyal
556.0,2025-09-14,47,104,11052.81,2,5,3,Loyal
3239.0,2025-10-23,8,100,11049.54,5,4,3,Loyal
3386.0,2025-10-17,14,98,11047.44,4,4,3,Loyal
2418.0,2025-09-23,38,103,11043.65,3,5,3,Loyal
2535.0,2025-09-20,41,99,11042.19,2,4,3,Loyal
4125.0,2025-10-20,11,97,11038.98,5,4,3,Loyal
4892.0,2025-09-24,37,100,11033.47,3,4,3,Loyal
2633.0,2025-10-11,20,101,11031.39,4,4,3,Loyal
1158.0,2025-09-29,32,101,11029.37,3,4,3,Loyal
3859.0,2025-10-07,24,104,11023.88,3,5,3,Loyal
1345.0,2025-10-28,3,100,11019.82,6,4,3,Loyal
3713.0,2025-10-23,8,102,11010.99,5,5,3,Loyal
4137.0,2025-10-30,1,97,11009.5,6,4,3,Loyal
4303.0,2025-10-30,1,96,11009.17,6,4,3,Loyal
3125.0,2025-07-23,100,103,11008.43,2,5,3,Loyal
1740.0,2025-10-28,3,96,11005.25,6,4,3,Loyal
1326.0,2025-10-23,8,102,11005.03,5,5,3,Loyal
2193.0,2025-09-18,43,98,11003.7,2,4,3,Loyal
2.0,2025-10-22,9,106,11002.53,5,5,3,Loyal
2460.0,2025-10-13,18,106,11002.53,4,5,3,Loyal
205.0,2025-10-06,25,99,10998.5,3,4,3,Loyal
1947.0,2025-10-04,27,102,10995.77,3,5,3,Loyal
4909.0,2025-09-22,39,97,10994.47,2,4,3,Loyal
839.0,2025-10-02,29,100,10992.38,3,4,3,Loyal
4084.0,2025-10-23,8,100,10992.18,5,4,3,Loyal
1082.0,2025-10-29,2,99,10989.63,6,4,3,Loyal
3847.0,2025-10-27,4,101,10988.9,6,4,3,Loyal
4028.0,2025-10-05,26,106,10983.97,3,5,3,Loyal
980.0,2025-10-13,18,97,10976.35,4,4,3,Loyal
4457.0,2025-10-24,7,101,10975.95,5,4,3,Loyal
1259.0,2025-10-28,3,101,10974.79,6,4,3,Loyal
2219.0,2025-07-31,92,97,10974.27,2,4,3,Loyal
752.0,2025-10-21,10,100,10969.31,5,4,3,Loyal
4999.0,2025-10-08,23,96,10966.71,3,4,3,Loyal
4947.0,2025-10-28,3,103,10965.29,6,5,3,Loyal
4724.0,2025-09-18,43,103,10963.25,2,5,3,Loyal
1097.0,2025-10-31,0,100,10960.3,6,4,3,Loyal
2984.0,2025-10-28,3,105,10959.19,6,5,3,Loyal
2560.0,2025-10-26,5,99,10948.08,5,4,3,Loyal
714.0,2025-10-26,5,101,10946.62,5,4,3,Loyal
1913.0,2025-10-06,25,102,10945.06,3,5,3,Loyal
1047.0,2025-10-19,12,103,10944.65,4,5,3,Loyal
4196.0,2025-10-06,25,103,10943.77,3,5,3,Loyal
695.0,2025-09-11,50,101,10941.87,2,4,3,Loyal
488.0,2025-10-10,21,108,10940.67,4,5,3,Loyal
2162.0,2025-10-16,15,101,10938.13,4,4,3,Loyal
3605.0,2025-10-17,14,98,10937.05,4,4,3,Loyal
3078.0,2025-10-18,13,100,10936.48,4,4,3,Loyal
3955.0,2025-10-14,17,101,10928.91,4,4,3,Loyal
3548.0,2025-10-18,13,103,10923.12,4,5,3,Loyal
4087.0,2025-10-22,9,106,10922.17,5,5,3,Loyal
3739.0,2025-10-06,25,100,10920.73,3,4,3,Loyal
3440.0,2025-10-20,11,101,10920.65,5,4,3,Loyal
4209.0,2025-09-29,32,96,10918.32,3,4,3,Loyal
3759.0,2025-10-28,3,97,10918.08,6,4,3,Loyal
742.0,2025-10-23,8,97,10916.61,5,4,3,Loyal
2700.0,2025-10-07,24,106,10912.9,3,5,3,Loyal
906.0,2025-10-16,15,106,10912.31,4,5,3,Loyal
3280.0,2025-09-18,43,96,10904.84,2,4,3,Loyal
3087.0,2025-10-31,0,100,10902.55,6,4,3,Loyal
1019.0,2025-10-22,9,104,10899.73,5,5,3,Loyal
3217.0,2025-09-07,54,97,10897.97,2,4,3,Loyal
2801.0,2025-10-23,8,101,10895.42,5,4,3,Loyal
1529.0,2025-10-19,12,104,10882.85,4,5,3,Loyal
3894.0,2025-10-22,9,96,10877.7,5,4,3,Loyal
3117.0,2025-10-31,0,99,10871.83,6,4,3,Loyal
2653.0,2025-09-29,32,96,10871.16,3,4,3,Loyal
1771.0,2025-10-30,1,97,10870.46,6,4,3,Loyal
3147.0,2025-10-07,24,105,10862.46,3,5,3,Loyal
865.0,2025-10-30,1,102,10856.24,6,5,3,Loyal
2050.0,2025-09-23,38,106,10855.34,3,5,3,Loyal
2543.0,2025-10-23,8,98,10854.76,5,4,3,Loyal
2549.0,2025-10-11,20,98,10839.87,4,4,3,Loyal
3301.0,2025-10-25,6,103,10838.26,5,5,3,Loyal
383.0,2025-09-28,33,109,10837.19,3,5,3,Loyal
4027.0,2025-08-09,83,100,10835.64,2,4,3,Loyal
1685.0,2025-10-13,18,98,10830.84,4,4,3,Loyal
1806.0,2025-08-28,64,97,10827.18,2,4,3,Loyal
4477.0,2025-10-14,17,112,10827.05,4,5,3,Loyal
1838.0,2025-10-28,3,99,10826.69,6,4,3,Loyal
4628.0,2025-10-11,20,102,10824.94,4,5,3,Loyal
2144.0,2025-09-14,47,96,10824.9,2,4,3,Loyal
2751.0,2025-10-12,19,112,10824.36,4,5,3,Loyal
3932.0,2025-10-02,29,105,10824.32,3,5,3,Loyal
164.0,2025-10-27,4,103,10821.63,6,5,3,Loyal
803.0,2025-10-21,10,100,10820.08,5,4,3,Loyal
2527.0,2025-09-27,34,97,10817.98,3,4,3,Loyal
2077.0,2025-10-25,6,99,10816.89,5,4,3,Loyal
4182.0,2025-09-24,37,109,10816.11,3,5,3,Loyal
2802.0,2025-10-15,16,102,10812.25,4,5,3,Loyal
173.0,2025-10-30,1,99,10811.66,6,4,3,Loyal
934.0,2025-10-17,14,113,10806.91,4,5,3,Loyal
3271.0,2025-10-26,5,96,10804.91,5,4,3,Loyal
2698.0,2025-10-16,15,111,10804.12,4,5,3,Loyal
1085.0,2025-10-25,6,104,10803.5,5,5,3,Loyal
4147.0,2025-10-25,6,96,10803.44,5,4,3,Loyal
4862.0,2025-10-08,23,98,10802.53,3,4,3,Loyal
2550.0,2025-10-31,0,105,10798.8,6,5,3,Loyal
2632.0,2025-09-22,39,100,10798.5,2,4,3,Loyal
1657.0,2025-10-23,8,107,10798.35,5,5,3,Loyal
316.0,2025-10-16,15,102,10795.54,4,5,3,Loyal
4116.0,2025-09-04,57,109,10794.09,2,5,3,Loyal
2025.0,2025-10-19,12,99,10792.21,4,4,3,Loyal
4272.0,2025-10-31,0,103,10789.53,6,5,3,Loyal
2105.0,2025-10-25,6,97,10788.88,5,4,3,Loyal
82.0,2025-10-23,8,99,10787.39,5,4,3,Loyal
2243.0,2025-10-31,0,97,10778.47,6,4,3,Loyal
4622.0,2025-08-31,61,105,10777.49,2,5,3,Loyal
3730.0,2025-10-15,16,107,10773.71,4,5,3,Loyal
4874.0,2025-09-28,33,110,10765.45,3,5,3,Loyal
2631.0,2025-10-31,0,110,10764.27,6,5,3,Loyal
4163.0,2025-10-31,0,99,10764.23,6,4,3,Loyal
1487.0,2025-10-31,0,97,10762.05,6,4,3,Loyal
637.0,2025-10-30,1,102,10756.42,6,5,3,Loyal
2778.0,2025-09-22,39,99,10751.25,2,4,3,Loyal
4841.0,2025-10-29,2,96,10750.6,6,4,3,Loyal
2009.0,2025-09-09,52,100,10744.85,2,4,3,Loyal
4447.0,2025-10-15,16,99,10739.74,4,4,3,Loyal
1762.0,2025-09-11,50,96,10735.01,2,4,3,Loyal
950.0,2025-10-30,1,103,10727.5,6,5,3,Loyal
2131.0,2025-10-24,7,110,10726.37,5,5,3,Loyal
2853.0,2025-09-24,37,115,10724.42,3,5,3,Loyal
1625.0,2025-10-29,2,104,10723.68,6,5,3,Loyal
4389.0,2025-10-24,7,102,10722.38,5,5,3,Loyal
1646.0,2025-10-26,5,97,10719.2,5,4,3,Loyal
4246.0,2025-08-15,77,98,10717.68,2,4,3,Loyal
4595.0,2025-10-20,11,101,10715.92,4,4,3,Loyal
1804.0,2025-10-31,0,102,10715.37,6,5,3,Loyal
659.0,2025-10-29,2,103,10713.93,6,5,3,Loyal
2154.0,2025-10-24,7,100,10711.72,5,4,3,Loyal
4970.0,2025-08-23,69,108,10704.43,2,5,3,Loyal
3008.0,2025-09-14,47,111,10704.17,2,5,3,Loyal
121.0,2025-09-28,33,100,10702.45,3,4,3,Loyal
4076.0,2025-10-04,27,107,10690.66,3,5,3,Loyal
4195.0,2025-10-11,20,99,10689.53,4,4,3,Loyal
529.0,2025-08-19,73,103,10688.26,2,5,3,Loyal
1807.0,2025-10-19,12,101,10684.39,4,4,3,Loyal
2153.0,2025-10-07,24,99,10684.08,3,4,3,Loyal
2756.0,2025-10-18,13,104,10681.47,4,5,3,Loyal
2116.0,2025-10-31,0,100,10672.05,6,4,3,Loyal
2107.0,2025-09-10,51,98,10663.34,2,4,3,Loyal
4405.0,2025-09-15,46,112,10654.86,2,5,3,Loyal
4107.0,2025-09-15,46,99,10652.74,2,4,3,Loyal
3193.0,2025-10-28,3,97,10650.82,6,4,3,Loyal
875.0,2025-10-07,24,97,10648.96,3,4,3,Loyal
270.0,2025-10-16,15,101,10644.85,4,4,3,Loyal
3229.0,2025-10-18,13,104,10642.23,4,5,3,Loyal
4400.0,2025-09-07,54,97,10638.67,2,4,3,Loyal
3254.0,2025-10-07,24,102,10636.57,3,5,3,Loyal
1025.0,2025-10-14,17,112,10626.85,4,5,3,Loyal
2382.0,2025-10-17,14,104,10623.8,4,5,3,Loyal
4108.0,2025-10-10,21,102,10622.15,4,5,3,Loyal
3620.0,2025-10-15,16,100,10616.18,4,4,3,Loyal
1742.0,2025-10-12,19,104,10614.28,4,5,3,Loyal
2443.0,2025-10-12,19,105,10608.0,4,5,3,Loyal
1895.0,2025-10-28,3,102,10605.36,6,5,3,Loyal
4957.0,2025-10-16,15,105,10602.63,4,5,3,Loyal
2427.0,2025-10-22,9,102,10600.95,5,5,3,Loyal
3120.0,2025-09-14,47,96,10598.74,2,4,3,Loyal
2945.0,2025-10-31,0,99,10585.21,6,4,3,Loyal
2417.0,2025-10-28,3,103,10584.82,6,5,3,Loyal
592.0,2025-08-30,62,97,10582.47,2,4,3,Loyal
741.0,2025-10-18,13,99,10579.09,4,4,3,Loyal
2857.0,2025-10-12,19,104,10570.58,4,5,3,Loyal
1892.0,2025-10-31,0,102,10566.87,6,5,3,Loyal
2012.0,2025-10-28,3,96,10566.33,6,4,3,Loyal
663.0,2025-10-30,1,108,10565.28,6,5,3,Loyal
1289.0,2025-08-20,72,103,10564.19,2,5,3,Loyal
1674.0,2025-10-31,0,98,10560.53,6,4,3,Loyal
3627.0,2025-10-29,2,101,10558.64,6,4,3,Loyal
3047.0,2025-10-08,23,103,10557.26,3,5,3,Loyal
4732.0,2025-10-31,0,104,10556.11,6,5,3,Loyal
1885.0,2025-09-29,32,98,10555.26,3,4,3,Loyal
1980.0,2025-10-02,29,110,10555.24,3,5,3,Loyal
1001.0,2025-10-18,13,102,10553.99,4,5,3,Loyal
3691.0,2025-09-23,38,97,10551.31,3,4,3,Loyal
131.0,2025-10-23,8,99,10549.55,5,4,3,Loyal
2497.0,2025-09-19,42,100,10543.32,2,4,3,Loyal
760.0,2025-10-15,16,99,10536.41,4,4,3,Loyal
4582.0,2025-10-31,0,107,10535.93,6,5,3,Loyal
2572.0,2025-10-22,9,96,10529.62,5,4,3,Loyal
3797.0,2025-10-25,6,105,10527.45,5,5,3,Loyal
4773.0,2025-10-24,7,107,10525.71,5,5,3,Loyal
261.0,2025-10-07,24,104,10519.41,3,5,3,Loyal
3831.0,2025-09-12,49,97,10519.0,2,4,3,Loyal
759.0,2025-10-31,0,100,10518.93,6,4,3,Loyal
585.0,2025-10-28,3,105,10518.48,6,5,3,Loyal
358.0,2025-10-31,0,102,10516.67,6,5,3,Loyal
1476.0,2025-10-17,14,101,10516.05,4,4,3,Loyal
2913.0,2025-07-15,108,97,10509.47,2,4,3,Loyal
2891.0,2025-07-21,102,101,10506.09,2,4,3,Loyal
1497.0,2025-09-18,43,106,10505.41,2,5,3,Loyal
2786.0,2025-09-29,32,100,10504.09,3,4,3,Loyal
42.0,2025-09-20,41,105,10503.74,2,5,3,Loyal
4199.0,2025-10-27,4,104,10500.92,5,5,3,Loyal
1689.0,2025-10-29,2,99,10500.27,6,4,3,Loyal
1571.0,2025-10-27,4,96,10500.1,6,4,3,Loyal
1506.0,2025-10-27,4,101,10498.78,6,4,3,Loyal
2313.0,2025-10-28,3,98,10495.88,6,4,3,Loyal
1624.0,2025-09-15,46,97,10490.47,2,4,3,Loyal
1157.0,2025-10-23,8,104,10489.23,5,5,3,Loyal
654.0,2025-10-18,13,97,10479.57,4,4,3,Loyal
1898.0,2025-09-27,34,98,10478.34,3,4,3,Loyal
1488.0,2025-09-18,43,97,10471.14,2,4,3,Loyal
3789.0,2025-10-31,0,96,10464.86,6,4,3,Loyal
167.0,2025-10-04,27,97,10460.32,3,4,3,Loyal
1050.0,2025-10-08,23,103,10456.44,3,5,3,Loyal
4800.0,2025-10-26,5,99,10455.92,5,4,3,Loyal
1048.0,2025-10-10,21,100,10448.73,4,4,3,Loyal
635.0,2025-10-12,19,102,10448.11,4,5,3,Loyal
1998.0,2025-10-02,29,98,10444.51,3,4,3,Loyal
2495.0,2025-10-13,18,106,10442.47,4,5,3,Loyal
4157.0,2025-10-25,6,97,10441.55,5,4,3,Loyal
2894.0,2025-10-12,19,97,10441.32,4,4,3,Loyal
2870.0,2025-10-31,0,101,10437.69,6,4,3,Loyal
2049.0,2025-10-18,13,97,10435.68,4,4,3,Loyal
4700.0,2025-09-22,39,99,10433.64,2,4,3,Loyal
2033.0,2025-10-13,18,96,10431.52,4,4,3,Loyal
4222.0,2025-09-02,59,97,10429.5,2,4,3,Loyal
4498.0,2025-10-23,8,98,10428.23,5,4,3,Loyal
3460.0,2025-10-06,25,97,10427.89,3,4,3,Loyal
2735.0,2025-10-18,13,98,10424.06,4,4,3,Loyal
4441.0,2025-10-16,15,100,10422.97,4,4,3,Loyal
4963.0,2025-10-20,11,96,10422.09,4,4,3,Loyal
2008.0,2025-10-28,3,98,10421.2,6,4,3,Loyal
2354.0,2025-10-03,28,100,10415.55,3,4,3,Loyal
2505.0,2025-09-26,35,102,10414.05,3,5,3,Loyal
4807.0,2025-10-25,6,106,10412.46,5,5,3,Loyal
