customer_id,total_spend,spend_tier
1846.0,17773.23,High
1404.0,17600.11,High
3969.0,17572.74,High
3727.0,17473.1,High
4900.0,17367.41,High
4184.0,17304.0,High
3845.0,17287.19,High
1962.0,17213.0,High
1343.0,17028.26,High
3378.0,16938.89,High
1169.0,16918.8,High
283.0,16879.78,High
3680.0,16806.78,High
559.0,16736.51,High
4915.0,16714.4,High
2636.0,16667.04,High
3424.0,16619.6,High
3756.0,16388.45,High
2771.0,16382.08,High
2804.0,16349.96,High
2360.0,16331.14,High
4337.0,16323.43,High
3865.0,16312.48,High
3695.0,16268.35,High
2895.0,16219.42,High
1966.0,16205.73,High
467.0,16188.26,High
4227.0,16182.67,High
2923.0,16157.08,High
249.0,16105.09,High
702.0,16090.01,High
4316.0,16060.85,High
4078.0,16060.36,High
1852.0,16047.01,High
4510.0,16042.56,High
267.0,16013.61,High
4524.0,15986.84,High
701.0,15920.34,High
4377.0,15916.86,High
2166.0,15863.14,High
3285.0,15854.24,High
1867.0,15852.97,High
4742.0,15848.91,High
1824.0,15845.7,High
4396.0,15843.1,High
3469.0,15778.61,High
3317.0,15765.69,High
455.0,15765.21,High
3678.0,15752.47,High
3873.0,15750.2,High
509.0,15699.42,High
3470.0,15697.79,High
3272.0,15681.68,High
4345.0,15657.52,High
2308.0,15657.25,High
705.0,15641.62,High
3794.0,15638.46,High
2612.0,15572.92,High
132.0,15552.86,High
414.0,15521.86,High
2217.0,15487.81,High
348.0,15483.89,High
2124.0,15471.59,High
3544.0,15464.03,High
4356.0,15462.83,High
4840.0,15461.05,High
66.0,15436.67,High
3084.0,15430.33,High
1324.0,15427.23,High
4689.0,15412.68,High
250.0,15411.92,High
3857.0,15403.87,High
4604.0,15403.41,High
4869.0,15394.96,High
2461.0,15379.69,High
3856.0,15379.17,High
2425.0,15368.12,High
224.0,15346.52,High
3536.0,15334.55,High
2273.0,15311.14,High
2625.0,15294.43,High
3172.0,15293.94,High
1869.0,15288.37,High
394.0,15281.79,High
4079.0,15268.06,High
3403.0,15249.89,High
4248.0,15242.07,High
3591.0,15241.01,High
4442.0,15235.07,High
724.0,15222.07,High
4221.0,15186.93,High
4969.0,15140.37,High
4723.0,15133.5,High
3208.0,15124.35,High
526.0,15121.97,High
4178.0,15107.12,High
2834.0,15098.13,High
4250.0,15097.09,High
1462.0,15068.79,High
655.0,15068.55,High
4094.0,15053.85,High
1888.0,15041.45,High
4587.0,15041.2,High
1575.0,15027.38,High
3151.0,15019.73,High
4481.0,15018.73,High
2245.0,15012.74,High
2977.0,14996.11,High
4769.0,14987.09,High
4955.0,14984.97,High
1173.0,14972.03,High
1974.0,14969.89,High
369.0,14962.93,High
3415.0,14940.58,High
3718.0,14934.8,High
1256.0,14928.41,High
3705.0,14927.66,High
3782.0,14911.92,High
4512.0,14909.48,High
4014.0,14891.46,High
716.0,14888.54,High
884.0,14884.05,High
2574.0,14873.27,High
404.0,14835.28,High
1074.0,14818.98,High
4890.0,14818.41,High
3676.0,14817.62,High
1648.0,14816.05,High
4546.0,14811.38,High
34.0,14792.32,High
1638.0,14789.18,High
1545.0,14767.75,High
2578.0,14766.85,High
4.0,14759.84,High
4563.0,14752.54,High
1688.0,14751.92,High
243.0,14744.18,High
2807.0,14740.65,High
2591.0,14735.63,High
4949.0,14730.64,High
4725.0,14729.37,High
211.0,14728.24,High
2420.0,14727.24,High
456.0,14721.12,High
1104.0,14715.05,High
3972.0,14702.64,High
1642.0,14701.2,High
2183.0,14700.17,High
1327.0,14695.8,High
1535.0,14675.88,High
4263.0,14675.3,High
743.0,14671.82,High
2110.0,14661.73,High
3448.0,14661.04,High
4684.0,14655.35,High
273.0,14655.14,High
2568.0,14655.1,High
1102.0,14635.82,High
2161.0,14630.14,High
4233.0,14620.87,High
656.0,14620.44,High
1777.0,14620.37,High
2758.0,14612.93,High
2717.0,14608.95,High
3875.0,14607.82,High
372.0,14606.25,High
2604.0,14601.83,High
1290.0,14594.05,High
4632.0,14588.12,High
1096.0,14587.29,High
2832.0,14583.62,High
341.0,14578.55,High
2975.0,14574.24,High
301.0,14571.12,High
4245.0,14570.44,High
4402.0,14561.23,High
4560.0,14527.12,High
983.0,14522.61,High
2277.0,14516.66,High
3430.0,14515.66,High
2740.0,14492.77,High
2267.0,14490.65,High
4691.0,14489.98,High
791.0,14489.33,High
4875.0,14476.32,High
870.0,14466.75,High
4371.0,14464.13,High
807.0,14460.48,High
1111.0,14458.58,High
2971.0,14452.74,High
337.0,14451.88,High
1585.0,14449.17,High
540.0,14441.31,High
2328.0,14430.31,High
4495.0,14428.38,High
3435.0,14422.5,High
2147.0,14422.24,High
1996.0,14421.88,High
2149.0,14421.21,High
3564.0,14417.25,High
1372.0,14414.18,High
590.0,14411.05,High
2432.0,14408.65,High
3560.0,14407.78,High
2261.0,14404.51,High
1914.0,14398.51,High
356.0,14396.78,High
1037.0,14396.42,High
1948.0,14396.08,High
1348.0,14395.29,High
1223.0,14385.47,High
1333.0,14382.84,High
4308.0,14372.0,High
2015.0,14371.41,High
1387.0,14369.45,High
1982.0,14363.58,High
2437.0,14357.53,High
1090.0,14355.43,High
1843.0,14350.94,High
3385.0,14348.92,High
1692.0,14343.47,High
4968.0,14340.71,High
1825.0,14330.98,High
3913.0,14327.21,High
1728.0,14323.7,High
448.0,14323.1,High
265.0,14322.81,High
1619.0,14321.88,High
1477.0,14320.72,High
878.0,14317.22,High
516.0,14313.88,High
3337.0,14311.03,High
3362.0,14304.12,High
1730.0,14296.25,High
2927.0,14292.56,High
1538.0,14291.16,High
1115.0,14290.39,High
3535.0,14288.98,High
1748.0,14288.74,High
229.0,14283.62,High
2342.0,14281.75,High
4450.0,14264.2,High
4343.0,14256.43,High
1883.0,14250.92,High
142.0,14249.77,High
2350.0,14245.54,High
2076.0,14237.7,High
3184.0,14234.33,High
4731.0,14233.54,High
828.0,14228.11,High
3331.0,14227.88,High
2324.0,14218.54,High
1752.0,14209.88,High
2783.0,14196.5,High
366.0,14195.34,High
586.0,14189.21,High
3043.0,14188.31,High
4212.0,14184.32,High
2900.0,14183.75,High
2252.0,14183.56,High
1604.0,14179.65,High
2744.0,14178.85,High
357.0,14175.62,High
795.0,14171.35,High
3495.0,14159.26,High
3579.0,14156.52,High
3614.0,14155.94,High
2359.0,14149.5,High
2163.0,14145.41,High
3688.0,14144.6,High
3402.0,14142.94,High
4911.0,14139.61,High
2930.0,14138.48,High
946.0,14136.52,High
1431.0,14132.3,High
3801.0,14129.0,High
2290.0,14124.39,High
4572.0,14123.26,High
1061.0,14119.3,High
3294.0,14116.53,High
2919.0,14109.92,High
2030.0,14106.4,High
4959.0,14101.77,High
4088.0,14097.99,High
3506.0,14095.78,High
2512.0,14084.09,High
4017.0,14082.45,High
2812.0,14077.78,High
4398.0,14068.83,High
1143.0,14066.67,High
4811.0,14064.96,High
3209.0,14063.01,High
4360.0,14056.11,High
3407.0,14051.67,High
1789.0,14044.86,High
492.0,14044.66,High
3288.0,14026.9,High
2170.0,14025.51,High
1393.0,14018.57,High
4239.0,14012.73,High
1039.0,14009.08,High
1957.0,14007.5,High
713.0,14003.15,High
2774.0,13999.25,High
1508.0,13977.25,High
3636.0,13971.65,High
506.0,13968.13,High
3864.0,13967.81,High
4645.0,13963.67,High
4117.0,13955.3,High
245.0,13948.57,High
1706.0,13947.82,High
190.0,13945.26,High
1714.0,13924.74,High
4942.0,13922.99,High
2438.0,13922.39,High
4366.0,13921.31,High
1481.0,13919.47,High
2344.0,13916.57,High
4945.0,13908.69,High
4336.0,13904.95,High
4994.0,13900.71,High
3853.0,13899.86,High
1968.0,13894.97,High
1812.0,13891.84,High
3795.0,13889.46,High
4630.0,13888.36,High
681.0,13885.48,High
601.0,13883.11,High
4675.0,13882.71,High
2679.0,13879.67,High
1679.0,13879.16,High
1842.0,13877.5,High
1426.0,13876.69,High
3077.0,13876.0,High
3169.0,13863.88,High
2439.0,13861.88,High
2968.0,13860.02,High
4568.0,13859.71,High
3252.0,13854.38,High
4562.0,13850.07,High
757.0,13848.51,High
483.0,13848.3,High
2250.0,13846.69,High
4567.0,13846.42,High
2524.0,13842.48,High
1461.0,13839.05,High
838.0,13834.42,High
3476.0,13829.52,High
1878.0,13827.03,High
2218.0,13825.95,High
3554.0,13820.39,High
2925.0,13818.36,High
1902.0,13817.8,High
1316.0,13817.47,High
916.0,13813.21,High
3879.0,13813.2,High
1591.0,13811.46,High
2288.0,13799.28,High
3883.0,13795.28,High
2386.0,13794.9,High
3890.0,13789.85,High
386.0,13786.07,High
3698.0,13785.51,High
4808.0,13779.97,High
405.0,13772.84,High
3717.0,13770.99,High
1936.0,13764.15,High
1700.0,13763.23,High
1093.0,13754.01,High
2318.0,13749.96,High
3979.0,13749.43,High
3393.0,13742.69,High
1583.0,13742.5,High
1177.0,13741.53,High
2254.0,13740.99,High
3668.0,13740.76,High
1701.0,13733.02,High
2899.0,13725.9,High
3760.0,13725.53,High
4783.0,13721.83,High
890.0,13718.95,High
2302.0,13712.6,High
4997.0,13704.69,High
1537.0,13703.7,High
913.0,13701.74,High
3981.0,13694.06,High
3045.0,13693.96,High
4513.0,13691.59,High
2351.0,13691.24,High
3100.0,13687.45,High
3035.0,13685.79,High
1616.0,13685.04,High
333.0,13683.59,High
3640.0,13681.47,High
3524.0,13671.62,High
4472.0,13670.39,High
4103.0,13669.08,High
4215.0,13669.05,High
652.0,13667.75,High
4500.0,13666.46,High
359.0,13666.39,High
2451.0,13663.06,High
130.0,13662.97,High
738.0,13658.79,High
751.0,13657.75,High
2084.0,13651.51,High
809.0,13649.75,High
4315.0,13645.47,High
2609.0,13644.21,High
4534.0,13632.77,High
117.0,13631.68,High
3194.0,13625.53,High
319.0,13622.55,High
3541.0,13616.77,High
227.0,13615.84,High
511.0,13611.87,High
3016.0,13610.33,High
3010.0,13610.24,High
1835.0,13606.33,High
4657.0,13603.78,High
4022.0,13595.4,High
2064.0,13591.1,High
3164.0,13589.62,High
2268.0,13586.51,High
4039.0,13578.35,High
53.0,13578.32,High
4784.0,13577.19,High
707.0,13576.85,High
1862.0,13572.85,High
4557.0,13570.23,High
1865.0,13567.95,High
4086.0,13563.66,High
3.0,13562.01,High
1626.0,13559.93,High
4112.0,13559.18,High
3187.0,13555.05,High
3984.0,13546.24,High
2114.0,13543.01,High
856.0,13537.39,High
3165.0,13536.3,High
4019.0,13535.06,High
3336.0,13533.88,High
260.0,13533.59,High
4321.0,13533.54,High
2349.0,13533.49,High
2068.0,13533.07,High
4798.0,13532.78,High
470.0,13532.28,High
2613.0,13528.18,High
808.0,13525.82,High
4735.0,13517.97,High
3381.0,13517.44,High
4847.0,13517.4,High
4136.0,13515.49,High
4361.0,13514.2,High
3956.0,13500.92,High
768.0,13500.72,High
3790.0,13497.73,High
4586.0,13497.38,High
4467.0,13494.4,High
4952.0,13491.15,High
1941.0,13488.01,High
4685.0,13483.81,High
340.0,13480.61,High
3594.0,13478.35,High
3817.0,13476.22,High
550.0,13475.32,High
784.0,13474.75,High
3566.0,13473.74,High
1964.0,13473.01,High
2951.0,13470.83,High
1349.0,13464.64,High
3825.0,13463.2,High
1775.0,13459.82,High
4082.0,13458.19,High
1457.0,13457.26,High
2174.0,13456.03,High
3364.0,13450.94,High
2190.0,13450.0,High
552.0,13445.85,High
1682.0,13443.78,High
781.0,13442.81,High
2796.0,13442.25,High
4380.0,13429.94,High
1071.0,13428.78,High
4864.0,13426.09,High
3489.0,13417.49,High
3439.0,13417.36,High
4850.0,13415.71,High
764.0,13414.55,High
4824.0,13414.43,High
2809.0,13406.66,High
2730.0,13405.57,High
4669.0,13403.18,High
3830.0,13401.54,High
4893.0,13387.92,High
437.0,13386.59,High
3310.0,13384.8,High
2137.0,13380.25,High
4577.0,13378.01,High
1195.0,13376.29,High
660.0,13372.22,High
2869.0,13371.74,High
3799.0,13369.83,High
3426.0,13363.22,High
3253.0,13362.51,High
2986.0,13358.57,High
1548.0,13358.47,High
1049.0,13358.05,High
3513.0,13357.32,High
4796.0,13352.1,High
2939.0,13351.04,High
1815.0,13350.76,High
2129.0,13349.55,High
2965.0,13349.18,High
1699.0,13348.69,High
1840.0,13347.27,High
766.0,13347.05,High
1273.0,13343.88,High
3083.0,13342.06,High
1130.0,13339.8,High
3263.0,13337.43,High
2849.0,13336.65,High
2445.0,13334.43,High
632.0,13334.38,High
3458.0,13334.0,High
3473.0,13330.32,High
1633.0,13324.08,High
4530.0,13324.0,High
1026.0,13323.67,High
4813.0,13322.1,High
978.0,13321.15,High
4624.0,13317.05,High
942.0,13317.0,High
927.0,13314.36,High
1503.0,13310.66,High
4181.0,13309.98,High
3293.0,13308.25,High
1248.0,13307.36,High
4668.0,13303.29,High
464.0,13301.78,High
4839.0,13291.42,High
3820.0,13289.02,High
20.0,13282.6,High
2727.0,13280.75,High
2934.0,13278.35,High
124.0,13278.14,High
3156.0,13271.69,High
974.0,13271.04,High
410.0,13266.51,High
2036.0,13266.03,High
3515.0,13262.31,High
4525.0,13261.41,High
3467.0,13260.2,High
3568.0,13260.03,High
3170.0,13259.53,High
3585.0,13256.19,High
2340.0,13253.68,High
2156.0,13251.24,High
2272.0,13250.92,High
2659.0,13248.9,High
2390.0,13247.62,High
4867.0,13243.88,High
487.0,13241.33,High
2226.0,13240.75,High
1156.0,13238.23,High
1791.0,13237.08,High
444.0,13234.7,High
58.0,13234.21,High
3387.0,13232.57,High
1309.0,13232.1,High
2346.0,13231.3,High
1099.0,13229.33,High
4643.0,13228.02,High
1276.0,13226.96,High
3860.0,13226.35,High
2911.0,13224.2,High
3071.0,13223.9,High
2244.0,13222.46,High
2385.0,13219.07,High
134.0,13217.93,High
1305.0,13216.92,High
4211.0,13216.23,High
1315.0,13216.09,High
4335.0,13215.83,High
1589.0,13214.54,High
2380.0,13214.18,High
970.0,13213.48,High
2317.0,13211.87,High
3419.0,13208.24,High
3706.0,13204.08,High
3446.0,13201.74,High
2521.0,13199.45,High
4871.0,13199.13,High
85.0,13197.87,High
3189.0,13197.49,High
315.0,13194.43,High
1940.0,13194.36,High
3007.0,13190.4,High
3051.0,13189.27,High
4175.0,13187.12,High
4067.0,13186.87,High
4922.0,13185.76,High
1389.0,13185.11,High
798.0,13180.38,High
4152.0,13180.25,High
3485.0,13176.21,High
665.0,13175.07,High
3780.0,13174.39,High
1832.0,13173.89,High
2982.0,13173.63,High
364.0,13171.16,High
571.0,13171.13,High
1493.0,13169.54,High
4762.0,13165.19,High
3464.0,13163.32,High
733.0,13161.09,High
3733.0,13158.48,High
3602.0,13156.66,High
2292.0,13156.13,High
4986.0,13155.95,High
4313.0,13154.46,High
3073.0,13153.75,High
3870.0,13152.54,High
4440.0,13152.28,High
4860.0,13149.27,High
324.0,13144.88,High
38.0,13144.13,High
4826.0,13141.72,High
1893.0,13140.96,High
2434.0,13140.62,High
4487.0,13132.56,High
3656.0,13131.51,High
308.0,13124.23,High
2069.0,13121.81,High
4418.0,13119.97,High
3412.0,13119.1,High
1485.0,13111.9,High
1007.0,13111.8,High
3784.0,13108.95,High
2152.0,13107.47,High
682.0,13104.66,High
4488.0,13104.38,High
3416.0,13101.84,High
502.0,13096.65,High
3413.0,13095.05,High
727.0,13092.09,High
633.0,13087.6,High
3037.0,13086.02,High
4819.0,13081.35,High
3144.0,13080.72,High
3791.0,13080.63,High
2059.0,13074.87,High
67.0,13073.35,High
2843.0,13073.28,High
545.0,13071.59,High
1951.0,13070.42,High
2056.0,13069.24,High
3228.0,13066.08,High
4433.0,13064.74,High
1056.0,13064.34,High
2987.0,13061.8,High
3306.0,13059.77,High
4991.0,13052.56,High
1564.0,13049.69,High
4877.0,13049.04,High
3265.0,13048.15,High
3978.0,13046.02,High
647.0,13041.4,High
4114.0,13039.18,High
1317.0,13038.5,High
2279.0,13036.09,High
1576.0,13034.14,High
157.0,13031.73,High
1641.0,13027.84,High
2199.0,13027.45,High
899.0,13023.68,High
4367.0,13022.73,High
1550.0,13021.96,High
1496.0,13021.81,High
1291.0,13014.1,High
2052.0,13013.99,High
3015.0,13012.1,High
2134.0,13010.77,High
242.0,13010.57,High
2246.0,13006.46,High
4758.0,13005.66,High
2225.0,13004.57,High
1314.0,13004.37,High
4506.0,13001.45,High
2014.0,13000.38,High
1375.0,13000.18,High
1631.0,12998.44,High
2844.0,12996.57,High
4081.0,12996.54,High
672.0,12994.08,High
932.0,12993.45,High
2949.0,12991.46,High
3145.0,12990.52,High
2113.0,12988.47,High
4350.0,12985.96,High
2088.0,12984.16,High
2037.0,12983.59,High
2228.0,12982.83,High
4280.0,12980.61,High
475.0,12979.75,High
1822.0,12975.64,High
4288.0,12974.55,High
1845.0,12972.57,High
2842.0,12966.9,High
604.0,12964.8,High
2992.0,12964.06,High
3752.0,12959.64,High
3520.0,12958.5,High
1183.0,12957.71,High
1572.0,12957.31,High
2792.0,12956.15,High
2235.0,12954.79,High
2800.0,12954.62,High
606.0,12953.31,High
2164.0,12948.36,High
4956.0,12947.04,High
86.0,12946.42,High
4774.0,12945.99,High
897.0,12945.88,High
240.0,12945.6,High
667.0,12945.35,High
2518.0,12944.93,High
2887.0,12944.81,High
2065.0,12940.73,High
2860.0,12935.61,High
4803.0,12935.47,High
4667.0,12934.38,High
2408.0,12931.0,High
2714.0,12928.7,High
3053.0,12926.72,High
1969.0,12926.67,High
4639.0,12923.43,High
1261.0,12918.75,High
922.0,12918.1,High
247.0,12917.57,High
1311.0,12914.21,High
779.0,12912.92,High
1450.0,12912.39,High
4745.0,12910.67,High
2374.0,12910.26,High
2160.0,12910.0,High
3225.0,12908.64,High
2222.0,12905.74,High
675.0,12904.82,High
1218.0,12904.75,High
4704.0,12903.55,High
782.0,12901.53,High
2638.0,12901.09,High
2534.0,12896.67,High
2967.0,12895.92,High
3942.0,12894.17,High
4382.0,12893.73,High
442.0,12892.73,High
4444.0,12890.85,High
1489.0,12890.53,High
4584.0,12887.71,High
568.0,12884.01,High
1573.0,12883.95,High
3555.0,12881.3,High
1991.0,12880.61,High
3057.0,12879.22,High
1250.0,12878.21,High
14.0,12876.27,High
2813.0,12875.2,High
4252.0,12874.12,High
2473.0,12873.21,High
4950.0,12869.77,High
3786.0,12868.07,High
3019.0,12864.97,High
3650.0,12864.43,High
2952.0,12864.37,High
3744.0,12864.12,High
2300.0,12862.28,High
3844.0,12860.92,High
2400.0,12860.35,High
915.0,12857.7,High
1955.0,12856.28,High
2121.0,12852.82,High
3235.0,12852.78,High
2072.0,12852.45,High
1233.0,12849.8,High
1411.0,12849.44,High
472.0,12846.43,High
1586.0,12844.8,High
1266.0,12843.61,High
3042.0,12843.52,High
805.0,12843.34,High
1786.0,12840.67,High
2303.0,12836.22,High
2099.0,12834.98,High
3211.0,12831.71,High
3363.0,12831.21,High
971.0,12828.35,High
1933.0,12826.96,High
4036.0,12819.58,High
425.0,12818.92,High
2650.0,12816.61,High
2269.0,12815.6,High
4891.0,12815.44,High
1784.0,12814.76,High
1201.0,12814.63,High
445.0,12814.45,High
772.0,12810.49,High
3492.0,12808.56,High
1655.0,12807.19,High
2759.0,12805.67,High
2983.0,12804.88,High
1611.0,12801.32,High
706.0,12800.61,High
4265.0,12797.29,High
4538.0,12796.25,High
2393.0,12789.81,High
2594.0,12788.67,High
711.0,12786.61,High
84.0,12784.46,High
3603.0,12781.07,High
3715.0,12780.64,High
4848.0,12780.02,High
2341.0,12779.64,High
2016.0,12778.49,High
3995.0,12778.46,High
1293.0,12774.98,High
2123.0,12774.76,High
1172.0,12772.64,High
1958.0,12772.44,High
4504.0,12772.43,High
380.0,12771.26,High
3563.0,12767.18,High
2868.0,12765.31,High
4057.0,12763.67,High
4954.0,12763.03,High
4649.0,12762.9,High
3234.0,12761.84,High
2275.0,12758.86,High
1295.0,12757.47,High
458.0,12756.49,High
4376.0,12752.62,High
952.0,12751.23,High
1226.0,12750.6,High
2248.0,12750.53,High
2652.0,12749.75,High
2682.0,12749.43,High
1425.0,12744.46,High
1432.0,12741.17,High
262.0,12738.79,High
1890.0,12737.6,High
4425.0,12736.45,High
1297.0,12733.44,High
4521.0,12730.85,High
822.0,12729.04,High
4130.0,12724.9,High
4098.0,12724.75,High
3483.0,12722.11,High
466.0,12719.09,High
143.0,12713.07,High
4270.0,12712.15,High
1475.0,12711.2,High
3793.0,12709.19,High
4287.0,12707.34,High
4929.0,12700.93,High
2938.0,12700.83,High
4421.0,12694.2,High
2953.0,12693.23,High
1715.0,12693.05,High
3909.0,12692.68,High
962.0,12691.68,High
2315.0,12687.91,High
926.0,12686.54,High
3587.0,12685.93,High
1654.0,12684.11,High
4047.0,12682.25,High
1961.0,12679.36,High
2584.0,12677.17,High
1308.0,12674.17,High
1675.0,12673.19,High
206.0,12671.07,High
615.0,12671.06,High
3275.0,12670.55,High
4224.0,12667.18,High
4293.0,12666.32,High
4041.0,12664.43,High
2815.0,12664.02,High
3673.0,12662.67,High
3682.0,12661.34,High
2820.0,12658.44,High
2251.0,12657.42,High
3809.0,12656.81,High
2011.0,12655.84,High
694.0,12654.88,High
302.0,12652.5,High
1300.0,12650.29,High
4496.0,12647.51,High
3257.0,12645.16,High
4626.0,12640.82,High
4013.0,12640.78,High
3487.0,12639.08,High
1525.0,12638.44,High
2734.0,12637.55,High
4055.0,12636.5,High
4910.0,12635.93,High
426.0,12633.8,High
1225.0,12630.13,High
4760.0,12629.88,High
474.0,12629.19,High
4694.0,12627.47,High
2135.0,12626.79,High
3980.0,12625.34,High
3355.0,12625.07,High
2649.0,12623.41,High
1773.0,12621.28,High
3127.0,12620.5,High
921.0,12618.93,High
1054.0,12618.88,High
1721.0,12618.84,High
4021.0,12617.26,High
2444.0,12615.02,High
748.0,12611.35,High
965.0,12610.82,High
2027.0,12607.56,High
22.0,12607.41,High
2628.0,12607.38,High
2667.0,12604.51,High
2711.0,12602.22,High
396.0,12601.62,High
1761.0,12600.96,High
1246.0,12598.01,High
3442.0,12593.2,High
1184.0,12593.18,High
735.0,12592.87,High
3493.0,12592.69,High
2806.0,12590.83,High
3593.0,12590.49,High
4340.0,12589.92,High
1763.0,12587.47,High
4640.0,12586.81,High
3930.0,12582.2,High
336.0,12581.82,High
1882.0,12580.69,High
310.0,12580.09,High
1134.0,12576.61,High
1817.0,12573.92,High
389.0,12572.76,High
3997.0,12570.8,High
4589.0,12569.34,High
3013.0,12565.37,High
888.0,12565.35,High
4201.0,12561.17,High
4897.0,12560.22,High
454.0,12559.65,High
1275.0,12557.82,High
3396.0,12557.01,High
419.0,12554.16,High
3701.0,12551.0,High
137.0,12548.69,High
1635.0,12548.23,High
1746.0,12548.12,High
4437.0,12547.35,High
2662.0,12545.38,High
1408.0,12544.76,High
3017.0,12540.32,High
588.0,12537.77,High
2410.0,12534.73,High
252.0,12534.33,High
3987.0,12532.77,High
3655.0,12530.55,High
515.0,12530.16,High
4660.0,12529.72,High
344.0,12529.43,High
3662.0,12528.17,High
15.0,12527.57,High
296.0,12525.23,High
4511.0,12524.51,High
2892.0,12524.05,High
2238.0,12521.13,High
1132.0,12520.38,High
1540.0,12518.6,High
200.0,12516.82,High
4979.0,12516.79,High
1569.0,12512.56,High
3341.0,12510.39,High
831.0,12509.53,High
1765.0,12508.38,High
4179.0,12506.79,High
286.0,12506.3,High
1906.0,12505.96,High
903.0,12505.79,High
370.0,12500.5,High
4995.0,12499.15,High
3216.0,12497.31,High
3896.0,12496.67,High
129.0,12496.61,High
1490.0,12496.47,High
3803.0,12495.2,High
4106.0,12495.13,High
3764.0,12493.6,High
233.0,12492.05,High
3091.0,12489.28,High
3432.0,12489.2,High
876.0,12488.1,High
3491.0,12487.6,High
1935.0,12487.3,High
3292.0,12485.07,High
3197.0,12482.6,High
3999.0,12480.3,High
1329.0,12475.99,High
843.0,12474.25,High
3155.0,12474.0,High
433.0,12471.41,High
2579.0,12470.47,High
1683.0,12469.1,High
1465.0,12468.8,High
1257.0,12468.56,High
3871.0,12467.77,High
1284.0,12467.67,High
118.0,12467.34,High
3206.0,12466.12,High
2042.0,12465.59,High
375.0,12464.08,High
55.0,12461.1,High
4231.0,12457.08,High
4988.0,12456.73,High
4536.0,12456.49,High
2781.0,12456.02,High
1993.0,12455.22,High
3086.0,12455.19,High
4432.0,12454.33,High
2394.0,12453.96,High
4148.0,12453.02,High
3905.0,12452.16,High
219.0,12450.82,High
2209.0,12450.03,High
1520.0,12448.57,High
852.0,12448.22,High
2737.0,12446.86,High
1334.0,12446.44,High
4720.0,12442.73,High
3004.0,12442.67,High
894.0,12439.96,High
3623.0,12439.62,High
3926.0,12438.51,High
1292.0,12437.33,High
4267.0,12436.6,High
2096.0,12433.4,High
4070.0,12432.88,High
3514.0,12432.12,High
3925.0,12430.63,High
2664.0,12430.63,High
2173.0,12429.97,High
1440.0,12429.46,High
3200.0,12428.85,High
1780.0,12428.31,High
1779.0,12428.17,High
850.0,12428.05,High
1595.0,12428.05,High
4460.0,12424.98,High
2039.0,12424.96,High
629.0,12424.82,High
4341.0,12423.91,High
4529.0,12420.02,High
2552.0,12419.78,High
3806.0,12419.73,High
650.0,12417.84,High
1643.0,12416.83,High
2242.0,12416.01,High
1447.0,12415.09,High
201.0,12413.66,High
2610.0,12413.47,High
3453.0,12411.34,High
39.0,12410.72,High
3175.0,12409.6,High
3451.0,12407.77,High
4713.0,12406.51,High
489.0,12406.18,High
4593.0,12403.39,High
4917.0,12399.7,High
787.0,12397.04,High
486.0,12395.38,High
3836.0,12394.86,High
3819.0,12394.43,High
2642.0,12393.03,High
2103.0,12390.13,High
1743.0,12388.36,High
1847.0,12387.58,High
2054.0,12387.25,High
3462.0,12385.97,High
4756.0,12385.8,High
4537.0,12385.72,High
4836.0,12385.58,High
2188.0,12382.38,High
1696.0,12381.96,High
1403.0,12380.68,High
4801.0,12380.24,High
1734.0,12378.17,High
421.0,12377.31,High
2347.0,12377.13,High
2316.0,12375.98,High
4228.0,12374.87,High
1712.0,12374.28,High
3854.0,12373.81,High
1406.0,12370.25,High
2979.0,12367.57,High
3342.0,12366.56,High
1502.0,12366.37,High
4858.0,12362.33,High
4497.0,12360.56,High
94.0,12358.42,High
1320.0,12357.78,High
4599.0,12357.16,High
3986.0,12355.91,High
1578.0,12352.12,High
2989.0,12351.34,High
4865.0,12349.97,High
3849.0,12349.72,High
2755.0,12349.41,High
1210.0,12347.1,High
3296.0,12346.92,High
624.0,12345.65,High
3411.0,12345.61,High
3107.0,12342.38,High
156.0,12341.82,High
4629.0,12340.77,High
3392.0,12338.84,High
2038.0,12338.73,High
4368.0,12332.99,High
1997.0,12330.97,High
423.0,12329.29,High
4851.0,12329.1,High
872.0,12328.84,High
4740.0,12327.26,High
799.0,12325.48,High
3400.0,12325.2,High
574.0,12323.81,High
4176.0,12323.7,High
2028.0,12320.41,High
3707.0,12318.76,High
4030.0,12317.9,High
2523.0,12317.41,High
199.0,12317.38,High
4904.0,12316.91,High
4518.0,12316.59,High
2825.0,12316.37,High
185.0,12315.64,High
3961.0,12315.22,High
4188.0,12314.52,High
1766.0,12313.95,High
47.0,12312.03,High
2775.0,12311.84,High
3148.0,12311.26,High
2446.0,12310.07,High
3221.0,12309.61,High
1131.0,12309.08,High
4006.0,12308.64,High
2592.0,12306.06,High
4238.0,12304.01,High
862.0,12300.91,High
1434.0,12298.74,High
3436.0,12298.56,High
3340.0,12297.03,High
495.0,12296.04,High
3792.0,12294.09,High
4492.0,12293.82,High
166.0,12292.93,High
4191.0,12290.15,High
800.0,12288.92,High
1251.0,12287.75,High
621.0,12287.03,High
801.0,12286.04,High
939.0,12285.32,High
3863.0,12283.86,High
152.0,12282.77,High
4461.0,12282.63,High
4111.0,12281.68,High
1214.0,12280.98,High
786.0,12279.78,High
279.0,12279.24,High
25.0,12278.5,High
1369.0,12277.85,High
1602.0,12277.4,High
288.0,12274.09,High
3611.0,12273.73,High
3989.0,12272.73,High
2508.0,12272.52,High
1364.0,12271.75,High
3163.0,12271.66,High
4249.0,12271.24,High
353.0,12270.23,High
4283.0,12269.76,High
2157.0,12268.28,High
3026.0,12268.19,High
684.0,12267.11,High
1076.0,12264.76,High
2057.0,12264.68,High
4479.0,12262.91,High
87.0,12261.54,High
74.0,12259.6,High
1866.0,12259.28,High
679.0,12254.83,High
3546.0,12252.88,High
984.0,12251.8,High
4458.0,12251.29,High
1985.0,12251.09,High
1421.0,12250.86,High
859.0,12250.51,High
4721.0,12250.07,High
2962.0,12248.94,High
2127.0,12248.57,High
4928.0,12248.45,High
3920.0,12243.22,High
3774.0,12241.76,High
2692.0,12240.77,High
365.0,12240.38,High
1363.0,12240.28,High
648.0,12239.42,High
3038.0,12238.11,High
401.0,12236.05,High
1687.0,12233.36,High
2262.0,12230.95,High
4177.0,12220.8,High
1986.0,12220.79,High
284.0,12220.0,High
1459.0,12218.67,High
1664.0,12217.59,High
841.0,12217.19,High
203.0,12216.64,High
4677.0,12215.76,High
666.0,12215.34,High
3056.0,12214.12,High
3461.0,12213.45,High
3318.0,12212.21,High
988.0,12209.24,High
2569.0,12208.78,High
12.0,12208.38,High
3090.0,12207.62,High
3246.0,12206.66,High
169.0,12206.33,High
1170.0,12206.0,High
2673.0,12204.61,High
2487.0,12203.7,High
677.0,12203.53,High
3959.0,12196.01,High
4323.0,12194.3,High
3114.0,12192.98,High
3783.0,12192.2,High
2477.0,12191.98,High
1377.0,12190.17,High
4296.0,12188.95,High
268.0,12184.83,High
4946.0,12184.19,High
688.0,12183.86,High
1449.0,12183.78,High
4539.0,12183.74,High
2061.0,12181.59,High
3162.0,12181.35,High
3465.0,12180.88,High
4011.0,12180.65,High
2194.0,12178.67,High
4410.0,12177.19,High
68.0,12176.96,High
1027.0,12175.3,High
239.0,12174.78,High
3391.0,12174.5,High
503.0,12174.05,High
2838.0,12171.84,High
2903.0,12171.46,High
949.0,12170.18,High
2363.0,12169.05,High
3840.0,12169.02,High
1829.0,12165.85,High
2688.0,12165.82,High
3002.0,12164.8,High
4187.0,12163.44,High
1282.0,12163.28,High
2128.0,12159.39,High
1193.0,12158.6,High
342.0,12158.51,High
3081.0,12158.16,High
2575.0,12157.93,High
1066.0,12157.44,High
218.0,12156.52,High
2240.0,12156.29,High
3498.0,12155.64,High
4247.0,12154.77,High
4886.0,12153.76,High
1753.0,12152.86,High
3738.0,12152.49,High
1536.0,12150.86,High
83.0,12149.71,High
1848.0,12148.31,High
1581.0,12145.08,High
4268.0,12143.69,High
599.0,12142.19,High
4462.0,12141.4,High
1352.0,12140.47,High
1727.0,12137.47,High
2205.0,12136.5,High
1500.0,12135.43,High
1247.0,12133.73,High
2007.0,12132.08,High
4446.0,12131.91,High
2465.0,12131.1,High
1757.0,12129.52,High
2573.0,12129.27,High
92.0,12119.83,High
4895.0,12116.24,High
1531.0,12115.57,High
2677.0,12114.29,High
2905.0,12109.15,High
2603.0,12108.73,High
2691.0,12105.86,High
2708.0,12105.2,High
4594.0,12103.45,High
3420.0,12102.88,High
241.0,12098.05,High
2079.0,12097.77,High
1385.0,12096.61,High
2361.0,12095.42,High
968.0,12092.53,High
1206.0,12091.75,High
994.0,12091.46,High
3346.0,12091.42,High
4282.0,12088.92,High
3749.0,12088.66,High
4411.0,12086.89,High
1975.0,12085.14,High
3445.0,12085.1,High
3215.0,12082.96,High
4827.0,12082.86,High
4392.0,12078.58,High
4412.0,12078.0,High
3118.0,12077.76,High
2805.0,12077.29,High
2182.0,12076.89,High
1809.0,12075.94,High
436.0,12075.19,High
1830.0,12073.54,High
3772.0,12072.88,High
4415.0,12072.17,High
3711.0,12071.6,High
4791.0,12069.84,High
1652.0,12069.04,High
3778.0,12068.57,High
4375.0,12066.74,High
1553.0,12065.43,High
3644.0,12064.14,High
2143.0,12063.29,High
271.0,12061.97,High
1522.0,12056.04,High
2621.0,12055.68,High
3421.0,12054.66,High
567.0,12053.15,High
2018.0,12051.98,High
2856.0,12051.17,High
3478.0,12049.86,High
4647.0,12046.55,High
3028.0,12046.52,High
3283.0,12045.33,High
4009.0,12043.92,High
969.0,12042.97,High
1044.0,12041.1,High
3049.0,12040.57,High
4816.0,12038.87,High
2348.0,12034.97,High
2485.0,12034.59,High
3395.0,12034.31,High
3557.0,12031.46,High
2902.0,12029.9,High
236.0,12029.44,High
381.0,12028.55,High
54.0,12028.39,High
827.0,12027.94,High
1398.0,12027.92,High
4431.0,12027.7,High
820.0,12027.27,High
1639.0,12023.33,High
1690.0,12021.98,High
644.0,12021.8,High
362.0,12020.53,High
4547.0,12019.8,High
1353.0,12017.0,High
3181.0,12016.68,High
3353.0,12013.43,High
1921.0,12011.57,High
334.0,12009.44,High
2823.0,12008.93,High
769.0,12006.49,High
4167.0,12006.41,High
661.0,12003.76,High
2808.0,12000.05,High
1494.0,11999.13,High
300.0,11997.16,High
1301.0,11994.01,High
758.0,11993.86,High
2122.0,11991.95,High
2797.0,11990.38,High
2520.0,11989.56,High
1368.0,11988.38,High
3110.0,11986.17,High
2582.0,11986.16,High
1960.0,11985.07,High
127.0,11983.27,High
2852.0,11982.47,High
3210.0,11982.21,High
835.0,11981.32,High
1341.0,11979.18,High
2624.0,11978.27,High
3716.0,11978.01,High
1163.0,11977.07,High
4483.0,11976.06,High
651.0,11975.17,High
4913.0,11973.43,High
4553.0,11972.75,High
4977.0,11972.07,High
17.0,11971.82,High
1287.0,11971.15,High
4805.0,11970.51,High
2043.0,11970.17,High
3617.0,11969.62,High
4983.0,11968.34,High
3327.0,11967.12,High
2906.0,11965.37,High
3321.0,11963.32,High
4038.0,11962.92,High
60.0,11961.66,High
4329.0,11959.69,High
2081.0,11959.14,High
4168.0,11959.0,High
4703.0,11958.52,High
731.0,11958.42,High
2208.0,11957.45,High
4876.0,11956.73,High
2762.0,11956.57,High
223.0,11956.16,High
4786.0,11953.49,High
507.0,11953.49,High
3572.0,11953.34,High
352.0,11951.86,High
4655.0,11951.29,High
3348.0,11949.79,High
2598.0,11948.05,High
1078.0,11947.68,High
3303.0,11946.87,High
1474.0,11946.46,High
1729.0,11945.86,High
1365.0,11945.77,High
2176.0,11945.4,High
1850.0,11945.02,High
3645.0,11943.73,High
3390.0,11943.33,High
2424.0,11943.33,High
527.0,11942.71,High
880.0,11942.49,High
4065.0,11941.96,High
2980.0,11940.84,High
991.0,11939.15,High
3488.0,11939.14,High
2086.0,11938.11,High
4173.0,11937.62,High
611.0,11937.36,High
231.0,11937.25,High
3583.0,11937.13,High
3330.0,11937.1,High
2470.0,11936.07,High
3839.0,11935.39,High
4373.0,11935.26,High
3140.0,11935.17,High
4180.0,11932.28,High
4193.0,11932.08,High
136.0,11929.84,High
3696.0,11928.93,High
2407.0,11927.15,High
811.0,11922.64,High
618.0,11922.31,High
2898.0,11921.72,High
712.0,11918.6,High
2266.0,11918.26,High
649.0,11918.18,High
2670.0,11914.89,High
4854.0,11914.82,High
2824.0,11912.04,High
2462.0,11911.42,High
3365.0,11910.74,High
4828.0,11910.54,High
2622.0,11910.2,High
3202.0,11909.23,High
1208.0,11909.23,High
4576.0,11903.7,High
3089.0,11902.14,High
955.0,11902.0,High
825.0,11898.04,High
1938.0,11897.78,High
3266.0,11897.36,High
1694.0,11896.86,High
4508.0,11896.73,High
1507.0,11896.46,High
3642.0,11896.19,High
468.0,11895.24,High
3324.0,11893.99,High
2614.0,11891.76,High
1853.0,11891.53,High
2469.0,11891.23,High
2910.0,11890.28,High
2840.0,11888.28,High
3134.0,11887.78,High
463.0,11887.26,High
854.0,11885.87,High
4648.0,11885.02,High
2212.0,11883.99,High
2397.0,11883.62,High
1534.0,11883.16,High
4197.0,11877.84,High
147.0,11877.51,High
4213.0,11876.23,High
2409.0,11876.21,High
4122.0,11874.3,High
3735.0,11869.09,High
2839.0,11868.93,High
2793.0,11868.5,High
213.0,11867.66,High
214.0,11866.2,High
1984.0,11864.52,High
4960.0,11864.43,High
1062.0,11864.39,High
858.0,11864.17,High
4597.0,11860.86,High
4110.0,11857.35,High
3289.0,11857.02,High
1197.0,11854.79,High
4244.0,11852.37,High
3512.0,11851.71,High
3139.0,11850.65,High
2089.0,11850.54,High
4043.0,11847.87,High
1230.0,11847.34,High
1000.0,11847.27,High
481.0,11847.03,High
911.0,11846.98,High
561.0,11846.78,High
51.0,11846.69,High
4887.0,11845.09,High
3598.0,11844.17,High
9.0,11842.68,High
2416.0,11842.28,High
734.0,11841.55,High
1245.0,11840.76,High
1100.0,11840.64,High
2973.0,11837.57,High
3675.0,11836.9,High
1003.0,11836.86,High
3796.0,11835.15,High
409.0,11835.1,High
3874.0,11835.05,High
802.0,11834.84,High
2595.0,11834.32,High
3480.0,11834.29,High
4305.0,11833.34,High
2918.0,11832.83,High
4243.0,11832.65,High
4050.0,11831.9,High
4736.0,11831.36,High
3183.0,11830.85,High
1031.0,11829.57,High
276.0,11827.54,High
1298.0,11827.17,High
533.0,11824.6,High
4302.0,11824.38,High
3921.0,11823.54,High
2880.0,11823.32,High
1810.0,11821.01,High
1077.0,11820.79,High
2798.0,11820.28,High
2319.0,11820.02,High
4879.0,11818.39,High
2314.0,11816.26,High
3699.0,11813.74,High
1926.0,11813.45,High
3704.0,11812.85,High
1002.0,11812.62,High
3044.0,11811.17,High
1468.0,11809.41,High
3052.0,11808.62,High
2306.0,11807.43,High
3616.0,11806.69,High
1357.0,11806.08,High
3119.0,11805.86,High
4916.0,11805.76,High
549.0,11805.44,High
1813.0,11804.51,High
1560.0,11804.46,High
3287.0,11804.44,High
3371.0,11804.07,High
2830.0,11803.99,High
4277.0,11803.82,High
2336.0,11803.48,High
1142.0,11803.04,High
4100.0,11802.04,High
4456.0,11800.94,High
3968.0,11800.9,High
4637.0,11800.82,High
3624.0,11800.68,High
1599.0,11798.26,High
2000.0,11796.76,High
3992.0,11794.09,High
1703.0,11793.05,High
1716.0,11792.91,High
1198.0,11791.55,High
2141.0,11790.14,High
1148.0,11790.03,High
4146.0,11789.25,High
1285.0,11787.91,High
4638.0,11786.75,High
4981.0,11786.56,High
1594.0,11784.26,High
2526.0,11783.94,High
3066.0,11783.34,High
1405.0,11782.76,High
1695.0,11782.7,High
2684.0,11782.29,High
350.0,11780.97,High
1677.0,11778.44,High
295.0,11777.23,High
3988.0,11776.07,High
4352.0,11775.82,High
4317.0,11774.22,High
338.0,11773.74,High
1437.0,11772.61,High
1900.0,11771.71,High
1154.0,11771.58,High
4751.0,11771.39,High
2283.0,11771.3,High
4085.0,11768.78,High
3376.0,11768.5,High
535.0,11765.52,High
1691.0,11764.01,High
1498.0,11763.69,High
105.0,11763.57,High
4448.0,11761.57,High
230.0,11761.04,High
542.0,11759.71,High
4757.0,11759.37,High
377.0,11759.27,High
3295.0,11759.13,High
4564.0,11756.08,High
4372.0,11756.07,High
1453.0,11754.66,High
2177.0,11754.44,High
3726.0,11754.43,High
1012.0,11751.25,High
508.0,11750.29,High
4075.0,11750.0,High
1035.0,11749.28,High
3918.0,11749.11,High
63.0,11748.36,High
634.0,11747.3,High
1064.0,11746.53,High
1621.0,11745.96,High
3723.0,11744.4,High
4318.0,11743.4,High
1660.0,11743.17,High
2186.0,11742.95,High
4692.0,11742.84,High
108.0,11741.74,Medium
4273.0,11741.71,Medium
3936.0,11741.23,Medium
612.0,11741.05,Medium
1358.0,11740.87,Medium
3102.0,11739.2,Medium
4612.0,11737.81,Medium
1452.0,11737.43,Medium
2731.0,11734.74,Medium
504.0,11734.6,Medium
3965.0,11734.52,Medium
4102.0,11733.81,Medium
306.0,11733.77,Medium
1009.0,11733.63,Medium
1402.0,11733.53,Medium
4139.0,11732.6,Medium
4333.0,11732.16,Medium
354.0,11731.4,Medium
1628.0,11731.14,Medium
1194.0,11728.85,Medium
2570.0,11725.26,Medium
4924.0,11722.01,Medium
3664.0,11720.93,Medium
639.0,11720.32,Medium
4236.0,11719.95,Medium
70.0,11718.64,Medium
2557.0,11715.37,Medium
1086.0,11715.15,Medium
3816.0,11714.84,Medium
1478.0,11714.56,Medium
3456.0,11714.34,Medium
4269.0,11714.23,Medium
3195.0,11713.75,Medium
1542.0,11711.49,Medium
191.0,11710.97,Medium
2483.0,11709.9,Medium
4416.0,11709.64,Medium
104.0,11708.36,Medium
4240.0,11708.25,Medium
1711.0,11706.58,Medium
1718.0,11705.42,Medium
626.0,11705.01,Medium
1380.0,11703.99,Medium
4235.0,11702.86,Medium
2309.0,11702.23,Medium
1749.0,11701.44,Medium
3343.0,11700.97,Medium
447.0,11700.25,Medium
2479.0,11699.59,Medium
2630.0,11699.38,Medium
1265.0,11699.24,Medium
3788.0,11699.04,Medium
4818.0,11697.17,Medium
4294.0,11696.07,Medium
4944.0,11695.98,Medium
4331.0,11695.84,Medium
723.0,11694.72,Medium
1095.0,11694.31,Medium
1551.0,11693.9,Medium
1787.0,11692.04,Medium
3758.0,11691.13,Medium
2874.0,11691.06,Medium
3880.0,11690.81,Medium
3383.0,11690.5,Medium
1401.0,11688.44,Medium
728.0,11686.99,Medium
4651.0,11686.76,Medium
3911.0,11684.51,Medium
2538.0,11683.74,Medium
4417.0,11683.35,Medium
4480.0,11683.21,Medium
4304.0,11682.38,Medium
4490.0,11682.14,Medium
892.0,11681.89,Medium
75.0,11681.75,Medium
1912.0,11681.7,Medium
2516.0,11681.14,Medium
1213.0,11679.29,Medium
3712.0,11677.49,Medium
617.0,11676.85,Medium
2413.0,11673.95,Medium
972.0,11672.17,Medium
2581.0,11669.36,Medium
4782.0,11668.7,Medium
2576.0,11668.27,Medium
2499.0,11658.4,Medium
1394.0,11657.39,Medium
1264.0,11655.92,Medium
3471.0,11655.03,Medium
4493.0,11653.43,Medium
3238.0,11651.56,Medium
940.0,11651.18,Medium
107.0,11649.64,Medium
2510.0,11646.57,Medium
1328.0,11645.03,Medium
4868.0,11644.77,Medium
195.0,11642.71,Medium
1981.0,11641.32,Medium
4118.0,11640.7,Medium
2280.0,11639.97,Medium
4775.0,11639.55,Medium
2180.0,11638.22,Medium
596.0,11637.94,Medium
5000.0,11637.86,Medium
1239.0,11635.99,Medium
1057.0,11635.82,Medium
2551.0,11635.14,Medium
1081.0,11634.83,Medium
3725.0,11634.43,Medium
2669.0,11633.28,Medium
3943.0,11631.77,Medium
4290.0,11631.68,Medium
937.0,11630.91,Medium
3631.0,11627.46,Medium
1480.0,11625.35,Medium
2877.0,11625.26,Medium
1566.0,11625.19,Medium
4395.0,11625.17,Medium
402.0,11624.19,Medium
253.0,11622.64,Medium
812.0,11622.47,Medium
4174.0,11622.03,Medium
3247.0,11621.16,Medium
2729.0,11620.35,Medium
1894.0,11619.57,Medium
4299.0,11618.56,Medium
669.0,11617.43,Medium
1751.0,11616.19,Medium
2429.0,11615.7,Medium
3724.0,11613.83,Medium
4124.0,11612.5,Medium
3080.0,11611.2,Medium
3377.0,11610.13,Medium
2265.0,11609.77,Medium
1423.0,11608.43,Medium
2003.0,11606.02,Medium
2106.0,11605.53,Medium
4861.0,11603.99,Medium
4023.0,11602.69,Medium
2819.0,11602.29,Medium
363.0,11601.55,Medium
1253.0,11599.26,Medium
1518.0,11598.67,Medium
3314.0,11598.02,Medium
4037.0,11597.22,Medium
2608.0,11595.68,Medium
2073.0,11592.01,Medium
3973.0,11592.0,Medium
4320.0,11588.51,Medium
3553.0,11588.14,Medium
521.0,11587.24,Medium
3025.0,11586.45,Medium
4413.0,11583.4,Medium
1400.0,11582.86,Medium
1558.0,11582.29,Medium
2055.0,11581.37,Medium
4930.0,11580.31,Medium
3527.0,11580.27,Medium
961.0,11579.9,Medium
2846.0,11579.56,Medium
98.0,11578.71,Medium
1319.0,11576.09,Medium
4217.0,11574.77,Medium
40.0,11573.45,Medium
4834.0,11573.13,Medium
4601.0,11572.01,Medium
3588.0,11570.76,Medium
2239.0,11569.96,Medium
1263.0,11565.51,Medium
2956.0,11564.7,Medium
531.0,11564.55,Medium
1033.0,11564.17,Medium
1386.0,11563.53,Medium
4010.0,11563.22,Medium
4003.0,11561.97,Medium
2680.0,11561.63,Medium
4427.0,11558.26,Medium
3199.0,11557.95,Medium
4778.0,11550.55,Medium
440.0,11549.3,Medium
1808.0,11548.04,Medium
2587.0,11547.37,Medium
944.0,11547.15,Medium
3565.0,11547.06,Medium
3244.0,11545.85,Medium
935.0,11545.03,Medium
580.0,11541.29,Medium
3633.0,11538.7,Medium
2757.0,11538.1,Medium
4618.0,11536.47,Medium
941.0,11536.35,Medium
589.0,11536.18,Medium
4454.0,11535.94,Medium
235.0,11532.76,Medium
3182.0,11530.38,Medium
3885.0,11527.07,Medium
2999.0,11523.67,Medium
4938.0,11523.52,Medium
3940.0,11523.52,Medium
1954.0,11522.98,Medium
2291.0,11522.12,Medium
3666.0,11522.08,Medium
4046.0,11517.92,Medium
257.0,11517.79,Medium
510.0,11517.68,Medium
3361.0,11516.26,Medium
2515.0,11515.12,Medium
3112.0,11514.89,Medium
1533.0,11514.32,Medium
3767.0,11513.81,Medium
3499.0,11508.18,Medium
4297.0,11507.96,Medium
459.0,11507.59,Medium
3261.0,11507.2,Medium
3578.0,11507.19,Medium
4726.0,11507.1,Medium
1570.0,11506.93,Medium
2071.0,11506.6,Medium
27.0,11505.4,Medium
579.0,11503.12,Medium
4831.0,11502.75,Medium
170.0,11501.92,Medium
3900.0,11501.65,Medium
2022.0,11501.27,Medium
4229.0,11500.81,Medium
4540.0,11500.36,Medium
480.0,11500.27,Medium
3595.0,11499.62,Medium
4698.0,11498.94,Medium
4166.0,11490.59,Medium
1574.0,11490.37,Medium
3963.0,11488.58,Medium
2472.0,11488.08,Medium
4399.0,11485.97,Medium
2850.0,11485.45,Medium
3124.0,11480.04,Medium
289.0,11478.85,Medium
3692.0,11477.33,Medium
1020.0,11475.12,Medium
3494.0,11473.97,Medium
2921.0,11472.88,Medium
541.0,11472.63,Medium
351.0,11472.53,Medium
2959.0,11471.9,Medium
462.0,11471.8,Medium
4937.0,11470.99,Medium
1114.0,11470.89,Medium
238.0,11468.22,Medium
123.0,11467.27,Medium
2585.0,11465.89,Medium
3501.0,11464.62,Medium
1410.0,11462.89,Medium
2221.0,11460.56,Medium
3273.0,11460.34,Medium
4806.0,11458.86,Medium
1236.0,11458.41,Medium
1106.0,11457.71,Medium
657.0,11457.62,Medium
3226.0,11454.01,Medium
4627.0,11453.92,Medium
3736.0,11452.61,Medium
2596.0,11451.53,Medium
2035.0,11449.55,Medium
1756.0,11446.89,Medium
2841.0,11445.1,Medium
2615.0,11445.07,Medium
2791.0,11444.36,Medium
3550.0,11444.3,Medium
4939.0,11444.26,Medium
4310.0,11443.71,Medium
1593.0,11443.39,Medium
4390.0,11443.16,Medium
493.0,11441.37,Medium
496.0,11440.27,Medium
1539.0,11440.22,Medium
836.0,11439.56,Medium
2426.0,11439.4,Medium
2345.0,11439.03,Medium
4016.0,11438.98,Medium
3452.0,11436.87,Medium
3179.0,11436.44,Medium
749.0,11434.76,Medium
4605.0,11433.67,Medium
4466.0,11432.53,Medium
1006.0,11431.68,Medium
1260.0,11427.8,Medium
2884.0,11427.64,Medium
11.0,11427.49,Medium
2513.0,11427.22,Medium
4204.0,11426.74,Medium
3099.0,11426.01,Medium
1310.0,11425.54,Medium
1228.0,11425.44,Medium
1702.0,11425.35,Medium
1190.0,11423.6,Medium
2365.0,11422.71,Medium
3832.0,11421.92,Medium
3441.0,11421.43,Medium
4789.0,11421.2,Medium
4142.0,11419.13,Medium
4438.0,11415.66,Medium
2914.0,11414.79,Medium
938.0,11411.59,Medium
3326.0,11410.53,Medium
933.0,11409.39,Medium
2765.0,11409.27,Medium
4468.0,11409.2,Medium
3531.0,11408.58,Medium
1876.0,11408.48,Medium
990.0,11407.16,Medium
1063.0,11406.9,Medium
417.0,11405.88,Medium
767.0,11405.37,Medium
4793.0,11404.84,Medium
1877.0,11404.67,Medium
3224.0,11401.22,Medium
3604.0,11399.49,Medium
3823.0,11396.53,Medium
2639.0,11396.27,Medium
2517.0,11395.52,Medium
4973.0,11395.27,Medium
1112.0,11393.78,Medium
1138.0,11392.52,Medium
2458.0,11391.14,Medium
2355.0,11389.53,Medium
2715.0,11389.35,Medium
4717.0,11388.73,Medium
960.0,11387.2,Medium
46.0,11385.59,Medium
1750.0,11384.07,Medium
908.0,11383.9,Medium
598.0,11383.77,Medium
4644.0,11383.54,Medium
3135.0,11382.4,Medium
278.0,11381.52,Medium
4422.0,11379.62,Medium
1041.0,11379.01,Medium
1126.0,11378.0,Medium
397.0,11376.21,Medium
2831.0,11374.44,Medium
2436.0,11372.39,Medium
1121.0,11372.15,Medium
2985.0,11371.15,Medium
1192.0,11370.59,Medium
133.0,11368.45,Medium
4974.0,11367.57,Medium
837.0,11366.18,Medium
4430.0,11364.24,Medium
1661.0,11363.17,Medium
2675.0,11363.16,Medium
3319.0,11362.89,Medium
2366.0,11361.17,Medium
151.0,11361.16,Medium
4172.0,11360.96,Medium
4962.0,11360.54,Medium
2120.0,11360.12,Medium
4579.0,11359.95,Medium
3003.0,11359.94,Medium
2200.0,11359.8,Medium
4872.0,11359.16,Medium
2158.0,11358.17,Medium
4727.0,11357.76,Medium
2284.0,11357.65,Medium
551.0,11356.93,Medium
3618.0,11355.33,Medium
1119.0,11355.02,Medium
3277.0,11354.99,Medium
4863.0,11352.98,Medium
3703.0,11348.86,Medium
4526.0,11348.09,Medium
1627.0,11347.24,Medium
4976.0,11346.9,Medium
1612.0,11346.62,Medium
963.0,11345.73,Medium
1458.0,11344.58,Medium
1342.0,11343.52,Medium
411.0,11343.15,Medium
3569.0,11342.38,Medium
4743.0,11341.69,Medium
2440.0,11341.63,Medium
3810.0,11338.73,Medium
4105.0,11338.25,Medium
3245.0,11338.15,Medium
3323.0,11337.45,Medium
959.0,11335.18,Medium
2643.0,11334.75,Medium
4149.0,11333.25,Medium
2058.0,11333.2,Medium
564.0,11332.3,Medium
323.0,11332.03,Medium
399.0,11330.57,Medium
953.0,11327.81,Medium
1252.0,11325.77,Medium
3720.0,11325.67,Medium
2618.0,11325.48,Medium
4509.0,11322.91,Medium
3237.0,11322.9,Medium
298.0,11322.22,Medium
867.0,11316.27,Medium
1373.0,11315.13,Medium
1409.0,11312.69,Medium
373.0,11312.09,Medium
1697.0,11309.75,Medium
174.0,11308.52,Medium
1107.0,11308.51,Medium
1140.0,11307.79,Medium
2616.0,11307.65,Medium
116.0,11305.57,Medium
2048.0,11304.9,Medium
415.0,11304.71,Medium
2620.0,11303.83,Medium
4849.0,11302.86,Medium
3508.0,11302.81,Medium
3818.0,11301.64,Medium
2189.0,11299.98,Medium
4943.0,11299.58,Medium
524.0,11299.11,Medium
3305.0,11298.22,Medium
1495.0,11297.6,Medium
1524.0,11296.81,Medium
3041.0,11296.62,Medium
4144.0,11296.03,Medium
13.0,11294.83,Medium
3249.0,11294.59,Medium
3848.0,11294.06,Medium
2713.0,11292.56,Medium
3264.0,11292.31,Medium
331.0,11289.59,Medium
2297.0,11288.58,Medium
2211.0,11287.22,Medium
1355.0,11286.23,Medium
441.0,11285.55,Medium
2640.0,11285.05,Medium
931.0,11284.64,Medium
2358.0,11282.85,Medium
1963.0,11281.82,Medium
1479.0,11278.54,Medium
2353.0,11277.63,Medium
3297.0,11276.29,Medium
1609.0,11275.65,Medium
4600.0,11275.25,Medium
182.0,11274.72,Medium
4210.0,11274.2,Medium
698.0,11273.92,Medium
2687.0,11273.59,Medium
1442.0,11272.62,Medium
4507.0,11272.27,Medium
4754.0,11270.23,Medium
3938.0,11270.0,Medium
2231.0,11268.55,Medium
4683.0,11267.79,Medium
729.0,11264.58,Medium
1924.0,11264.25,Medium
3693.0,11264.24,Medium
910.0,11262.26,Medium
1644.0,11261.71,Medium
662.0,11261.19,Medium
2428.0,11259.63,Medium
4763.0,11259.48,Medium
1758.0,11258.71,Medium
1268.0,11256.25,Medium
1826.0,11255.53,Medium
546.0,11254.69,Medium
1562.0,11254.35,Medium
4569.0,11253.92,Medium
4633.0,11251.51,Medium
3976.0,11251.2,Medium
986.0,11250.85,Medium
2720.0,11249.75,Medium
2475.0,11249.49,Medium
2227.0,11249.21,Medium
1083.0,11249.21,Medium
1045.0,11248.16,Medium
2976.0,11247.19,Medium
1058.0,11245.31,Medium
3447.0,11245.09,Medium
1046.0,11238.68,Medium
1796.0,11238.17,Medium
3104.0,11238.05,Medium
1209.0,11237.79,Medium
640.0,11237.32,Medium
1023.0,11237.17,Medium
4262.0,11235.82,Medium
3477.0,11235.42,Medium
593.0,11233.58,Medium
2233.0,11231.36,Medium
1068.0,11229.83,Medium
2540.0,11228.66,Medium
721.0,11227.97,Medium
1637.0,11227.8,Medium
520.0,11227.6,Medium
2782.0,11227.27,Medium
1828.0,11225.98,Medium
3545.0,11225.65,Medium
144.0,11223.87,Medium
3505.0,11223.79,Medium
2092.0,11223.53,Medium
4533.0,11219.32,Medium
3708.0,11219.06,Medium
1270.0,11218.79,Medium
636.0,11218.15,Medium
2311.0,11217.86,Medium
1122.0,11217.21,Medium
2159.0,11216.06,Medium
1294.0,11215.91,Medium
4230.0,11215.74,Medium
985.0,11215.44,Medium
4428.0,11215.39,Medium
115.0,11214.24,Medium
4358.0,11214.11,Medium
719.0,11212.5,Medium
1720.0,11211.45,Medium
1164.0,11210.38,Medium
1928.0,11208.66,Medium
3895.0,11206.29,Medium
4613.0,11205.36,Medium
1187.0,11204.9,Medium
2294.0,11204.43,Medium
3960.0,11202.22,Medium
16.0,11201.61,Medium
416.0,11200.18,Medium
2817.0,11200.09,Medium
514.0,11196.21,Medium
2702.0,11196.09,Medium
3908.0,11195.24,Medium
4883.0,11194.85,Medium
1987.0,11194.01,Medium
2115.0,11193.74,Medium
2678.0,11193.15,Medium
4279.0,11192.69,Medium
2260.0,11191.94,Medium
2102.0,11191.12,Medium
4570.0,11190.3,Medium
3370.0,11188.73,Medium
553.0,11188.63,Medium
3258.0,11187.61,Medium
1511.0,11186.73,Medium
3347.0,11185.7,Medium
832.0,11185.41,Medium
3762.0,11185.3,Medium
3592.0,11184.68,Medium
181.0,11183.74,Medium
3123.0,11183.14,Medium
3129.0,11182.68,Medium
4289.0,11179.71,Medium
4680.0,11178.8,Medium
3835.0,11178.59,Medium
3928.0,11178.09,Medium
2506.0,11176.95,Medium
2635.0,11174.72,Medium
981.0,11174.28,Medium
3754.0,11174.24,Medium
528.0,11173.31,Medium
3897.0,11173.08,Medium
1390.0,11173.01,Medium
3547.0,11172.2,Medium
3697.0,11170.62,Medium
3586.0,11168.37,Medium
851.0,11168.07,Medium
1988.0,11165.87,Medium
3990.0,11164.79,Medium
3753.0,11164.33,Medium
1764.0,11163.21,Medium
3299.0,11163.03,Medium
3171.0,11162.88,Medium
4093.0,11162.65,Medium
3214.0,11162.58,Medium
3741.0,11161.4,Medium
3551.0,11160.12,Medium
2683.0,11159.62,Medium
2848.0,11158.64,Medium
3773.0,11156.92,Medium
532.0,11155.49,Medium
947.0,11152.53,Medium
4025.0,11152.22,Medium
1283.0,11151.52,Medium
4989.0,11148.89,Medium
2482.0,11146.84,Medium
2779.0,11146.63,Medium
2450.0,11144.18,Medium
4033.0,11143.96,Medium
3529.0,11143.77,Medium
2629.0,11142.87,Medium
3146.0,11141.79,Medium
4348.0,11139.12,Medium
957.0,11138.7,Medium
3070.0,11138.08,Medium
209.0,11137.79,Medium
3278.0,11136.73,Medium
3398.0,11136.28,Medium
1166.0,11135.29,Medium
2104.0,11131.66,Medium
2276.0,11131.53,Medium
3020.0,11130.69,Medium
4060.0,11129.61,Medium
1125.0,11129.17,Medium
2493.0,11129.06,Medium
290.0,11127.75,Medium
2223.0,11127.72,Medium
3952.0,11127.09,Medium
4170.0,11126.91,Medium
4473.0,11126.03,Medium
1232.0,11124.77,Medium
3186.0,11123.99,Medium
3977.0,11121.86,Medium
2966.0,11119.43,Medium
578.0,11119.43,Medium
1244.0,11115.76,Medium
2882.0,11114.59,Medium
692.0,11114.07,Medium
140.0,11113.92,Medium
3714.0,11112.61,Medium
2644.0,11108.88,Medium
1127.0,11107.55,Medium
607.0,11106.64,Medium
2126.0,11106.51,Medium
2897.0,11103.57,Medium
4241.0,11103.2,Medium
30.0,11102.65,Medium
3335.0,11102.46,Medium
1332.0,11102.41,Medium
3384.0,11101.75,Medium
1989.0,11101.7,Medium
1970.0,11101.62,Medium
1792.0,11101.58,Medium
2995.0,11099.46,Medium
1527.0,11099.23,Medium
2544.0,11099.12,Medium
4449.0,11099.11,Medium
4365.0,11098.97,Medium
3597.0,11096.91,Medium
2974.0,11095.64,Medium
4681.0,11095.3,Medium
1149.0,11094.54,Medium
106.0,11093.94,Medium
1666.0,11093.61,Medium
2833.0,11092.37,Medium
4113.0,11092.33,Medium
2935.0,11092.3,Medium
1857.0,11091.24,Medium
1429.0,11090.82,Medium
2421.0,11087.34,Medium
4004.0,11084.99,Medium
4220.0,11084.98,Medium
4545.0,11084.52,Medium
646.0,11084.1,Medium
476.0,11082.39,Medium
2339.0,11081.96,Medium
4385.0,11081.02,Medium
4257.0,11079.71,Medium
1759.0,11078.97,Medium
3647.0,11078.88,Medium
215.0,11078.1,Medium
3176.0,11077.89,Medium
31.0,11076.46,Medium
2764.0,11076.44,Medium
3577.0,11075.61,Medium
3983.0,11075.34,Medium
275.0,11075.26,Medium
1160.0,11074.93,Medium
885.0,11073.76,Medium
4748.0,11073.19,Medium
1428.0,11072.42,Medium
2954.0,11072.06,Medium
2555.0,11069.29,Medium
914.0,11067.5,Medium
3958.0,11067.38,Medium
4151.0,11067.0,Medium
4992.0,11066.25,Medium
1504.0,11065.76,Medium
609.0,11062.55,Medium
879.0,11061.09,Medium
189.0,11056.77,Medium
2253.0,11055.58,Medium
4436.0,11055.37,Medium
2362.0,11054.72,Medium
2799.0,11054.39,Medium
556.0,11052.81,Medium
3130.0,11051.96,Medium
3239.0,11049.54,Medium
4145.0,11048.19,Medium
3386.0,11047.44,Medium
329.0,11045.82,Medium
2418.0,11043.65,Medium
220.0,11043.39,Medium
2535.0,11042.19,Medium
4125.0,11038.98,Medium
3322.0,11038.15,Medium
99.0,11037.88,Medium
1918.0,11037.1,Medium
1472.0,11036.09,Medium
1724.0,11035.91,Medium
4761.0,11035.54,Medium
792.0,11034.77,Medium
4892.0,11033.47,Medium
3410.0,11032.37,Medium
2633.0,11031.39,Medium
1158.0,11029.37,Medium
2029.0,11028.61,Medium
2452.0,11024.77,Medium
3859.0,11023.88,Medium
642.0,11022.34,Medium
3095.0,11022.19,Medium
3014.0,11021.41,Medium
3153.0,11020.61,Medium
1345.0,11019.82,Medium
1760.0,11011.24,Medium
3713.0,11010.99,Medium
4925.0,11010.88,Medium
3128.0,11010.55,Medium
4137.0,11009.5,Medium
4303.0,11009.17,Medium
3125.0,11008.43,Medium
3298.0,11007.83,Medium
3919.0,11006.14,Medium
1740.0,11005.25,Medium
1326.0,11005.03,Medium
2193.0,11003.7,Medium
3300.0,11002.74,Medium
2.0,11002.53,Medium
2460.0,11002.53,Medium
1889.0,11002.16,Medium
4000.0,11001.93,Medium
3826.0,10999.69,Medium
205.0,10998.5,Medium
4471.0,10996.47,Medium
1947.0,10995.77,Medium
2599.0,10994.88,Medium
4909.0,10994.47,Medium
839.0,10992.38,Medium
4084.0,10992.18,Medium
237.0,10991.63,Medium
4119.0,10990.32,Medium
1082.0,10989.63,Medium
3847.0,10988.9,Medium
4810.0,10988.52,Medium
1565.0,10987.41,Medium
1995.0,10987.12,Medium
355.0,10986.52,Medium
3240.0,10984.04,Medium
4028.0,10983.97,Medium
2747.0,10983.75,Medium
1799.0,10978.29,Medium
980.0,10976.35,Medium
4457.0,10975.95,Medium
2271.0,10975.46,Medium
1259.0,10974.79,Medium
2219.0,10974.27,Medium
3313.0,10970.52,Medium
4712.0,10969.73,Medium
752.0,10969.31,Medium
625.0,10968.93,Medium
1977.0,10967.64,Medium
4999.0,10966.71,Medium
2325.0,10965.93,Medium
4947.0,10965.29,Medium
4724.0,10963.25,Medium
1708.0,10962.53,Medium
2602.0,10962.48,Medium
1097.0,10960.3,Medium
2984.0,10959.19,Medium
3740.0,10958.88,Medium
1243.0,10958.73,Medium
2754.0,10957.15,Medium
2541.0,10956.94,Medium
954.0,10955.84,Medium
24.0,10954.94,Medium
4659.0,10949.22,Medium
10.0,10948.98,Medium
2560.0,10948.08,Medium
3061.0,10946.74,Medium
714.0,10946.62,Medium
1943.0,10945.55,Medium
1913.0,10945.06,Medium
1047.0,10944.65,Medium
4196.0,10943.77,Medium
4753.0,10942.4,Medium
695.0,10941.87,Medium
488.0,10940.67,Medium
3250.0,10940.41,Medium
819.0,10938.42,Medium
2162.0,10938.13,Medium
3605.0,10937.05,Medium
3078.0,10936.48,Medium
3672.0,10936.11,Medium
460.0,10935.96,Medium
4729.0,10935.13,Medium
3575.0,10934.85,Medium
3405.0,10932.25,Medium
3255.0,10931.39,Medium
3829.0,10931.3,Medium
1686.0,10931.02,Medium
3628.0,10930.94,Medium
4414.0,10929.48,Medium
395.0,10929.42,Medium
3955.0,10928.91,Medium
291.0,10928.61,Medium
1705.0,10928.51,Medium
2694.0,10927.13,Medium
2403.0,10927.09,Medium
3548.0,10923.12,Medium
4087.0,10922.17,Medium
3739.0,10920.73,Medium
3440.0,10920.65,Medium
2741.0,10919.78,Medium
4209.0,10918.32,Medium
4465.0,10918.28,Medium
3759.0,10918.08,Medium
3665.0,10918.03,Medium
742.0,10916.61,Medium
187.0,10915.74,Medium
3443.0,10915.31,Medium
2387.0,10914.82,Medium
1739.0,10914.19,Medium
2700.0,10912.9,Medium
4829.0,10912.49,Medium
906.0,10912.31,Medium
4347.0,10909.26,Medium
1028.0,10909.09,Medium
2044.0,10907.71,Medium
3765.0,10907.51,Medium
461.0,10905.1,Medium
3280.0,10904.84,Medium
3087.0,10902.55,Medium
907.0,10901.22,Medium
1019.0,10899.73,Medium
2858.0,10898.26,Medium
3217.0,10897.97,Medium
2066.0,10896.12,Medium
2801.0,10895.42,Medium
4378.0,10894.26,Medium
2946.0,10890.45,Medium
3670.0,10888.66,Medium
1710.0,10888.41,Medium
2447.0,10885.83,Medium
543.0,10885.82,Medium
1529.0,10882.85,Medium
3433.0,10881.83,Medium
177.0,10881.64,Medium
384.0,10879.14,Medium
89.0,10878.91,Medium
4134.0,10877.93,Medium
3894.0,10877.7,Medium
3684.0,10876.65,Medium
1103.0,10875.05,Medium
1587.0,10873.61,Medium
3117.0,10871.83,Medium
2653.0,10871.16,Medium
3141.0,10871.11,Medium
1771.0,10870.46,Medium
3267.0,10869.69,Medium
4384.0,10867.01,Medium
887.0,10863.96,Medium
3147.0,10862.46,Medium
2002.0,10861.82,Medium
2878.0,10859.37,Medium
929.0,10857.29,Medium
4953.0,10856.76,Medium
865.0,10856.24,Medium
2050.0,10855.34,Medium
2543.0,10854.76,Medium
4785.0,10854.02,Medium
4936.0,10852.05,Medium
1346.0,10851.87,Medium
2851.0,10851.29,Medium
2046.0,10851.06,Medium
3855.0,10849.94,Medium
4616.0,10849.09,Medium
627.0,10848.47,Medium
4776.0,10847.54,Medium
1419.0,10846.46,Medium
4621.0,10845.95,Medium
3113.0,10844.52,Medium
1433.0,10843.55,Medium
895.0,10843.28,Medium
367.0,10843.14,Medium
451.0,10843.11,Medium
3408.0,10840.45,Medium
2549.0,10839.87,Medium
1189.0,10839.86,Medium
1412.0,10839.81,Medium
2476.0,10838.68,Medium
3301.0,10838.26,Medium
992.0,10837.88,Medium
383.0,10837.19,Medium
3138.0,10836.8,Medium
2026.0,10836.42,Medium
977.0,10836.41,Medium
4027.0,10835.64,Medium
4734.0,10833.45,Medium
1238.0,10831.15,Medium
3582.0,10830.91,Medium
1685.0,10830.84,Medium
4278.0,10830.44,Medium
1806.0,10827.18,Medium
4477.0,10827.05,Medium
3517.0,10826.86,Medium
1838.0,10826.69,Medium
2522.0,10825.8,Medium
4628.0,10824.94,Medium
2144.0,10824.9,Medium
2751.0,10824.36,Medium
3932.0,10824.32,Medium
3502.0,10822.91,Medium
889.0,10822.54,Medium
164.0,10821.63,Medium
803.0,10820.08,Medium
2527.0,10817.98,Medium
2077.0,10816.89,Medium
4182.0,10816.11,Medium
2981.0,10813.31,Medium
4607.0,10812.51,Medium
2802.0,10812.25,Medium
173.0,10811.66,Medium
379.0,10809.95,Medium
3359.0,10808.8,Medium
934.0,10806.91,Medium
3271.0,10804.91,Medium
2698.0,10804.12,Medium
1085.0,10803.5,Medium
4147.0,10803.44,Medium
4527.0,10802.96,Medium
4862.0,10802.53,Medium
73.0,10802.14,Medium
2597.0,10802.11,Medium
3748.0,10801.76,Medium
2480.0,10801.5,Medium
2550.0,10798.8,Medium
2632.0,10798.5,Medium
1657.0,10798.35,Medium
709.0,10797.17,Medium
4623.0,10796.42,Medium
1255.0,10796.15,Medium
4271.0,10795.95,Medium
316.0,10795.54,Medium
3093.0,10795.29,Medium
4116.0,10794.09,Medium
2963.0,10793.36,Medium
2025.0,10792.21,Medium
4272.0,10789.53,Medium
2105.0,10788.88,Medium
3429.0,10788.36,Medium
82.0,10787.39,Medium
653.0,10786.31,Medium
4794.0,10785.96,Medium
2648.0,10785.63,Medium
494.0,10785.51,Medium
3064.0,10784.92,Medium
4123.0,10783.74,Medium
109.0,10781.35,Medium
3901.0,10781.03,Medium
2243.0,10778.47,Medium
4622.0,10777.49,Medium
4615.0,10776.6,Medium
438.0,10774.97,Medium
3730.0,10773.71,Medium
3463.0,10771.86,Medium
26.0,10767.67,Medium
1420.0,10767.26,Medium
4874.0,10765.45,Medium
2631.0,10764.27,Medium
4163.0,10764.23,Medium
1653.0,10764.08,Medium
1141.0,10762.91,Medium
1487.0,10762.05,Medium
1219.0,10759.77,Medium
499.0,10759.69,Medium
3689.0,10758.11,Medium
637.0,10756.42,Medium
1336.0,10755.81,Medium
2060.0,10755.28,Medium
2778.0,10751.25,Medium
1519.0,10750.67,Medium
4841.0,10750.6,Medium
4200.0,10749.09,Medium
566.0,10748.14,Medium
866.0,10747.49,Medium
4885.0,10745.82,Medium
2009.0,10744.85,Medium
715.0,10743.86,Medium
4814.0,10743.63,Medium
3325.0,10743.4,Medium
1615.0,10740.67,Medium
4927.0,10740.64,Medium
4447.0,10739.74,Medium
628.0,10738.59,Medium
2828.0,10736.05,Medium
192.0,10735.87,Medium
4407.0,10735.5,Medium
1762.0,10735.01,Medium
3065.0,10733.23,Medium
1590.0,10732.5,Medium
3009.0,10731.71,Medium
620.0,10730.57,Medium
4914.0,10729.96,Medium
4934.0,10729.11,Medium
4455.0,10728.6,Medium
950.0,10727.5,Medium
28.0,10727.19,Medium
2131.0,10726.37,Medium
2853.0,10724.42,Medium
4133.0,10724.19,Medium
1625.0,10723.68,Medium
4389.0,10722.38,Medium
1501.0,10721.46,Medium
4234.0,10720.86,Medium
3373.0,10720.62,Medium
730.0,10720.46,Medium
4064.0,10719.44,Medium
1646.0,10719.2,Medium
1834.0,10718.64,Medium
4246.0,10717.68,Medium
1094.0,10716.25,Medium
4595.0,10715.92,Medium
4383.0,10715.62,Medium
1804.0,10715.37,Medium
1361.0,10715.01,Medium
3344.0,10714.3,Medium
659.0,10713.93,Medium
4121.0,10712.96,Medium
2093.0,10712.13,Medium
2154.0,10711.72,Medium
4223.0,10711.56,Medium
4695.0,10710.6,Medium
4933.0,10706.83,Medium
1120.0,10705.37,Medium
4970.0,10704.43,Medium
558.0,10704.39,Medium
3008.0,10704.17,Medium
3985.0,10702.87,Medium
121.0,10702.45,Medium
4355.0,10701.53,Medium
4702.0,10701.5,Medium
1731.0,10701.16,Medium
1795.0,10701.01,Medium
1217.0,10699.11,Medium
4435.0,10698.43,Medium
2627.0,10697.05,Medium
1101.0,10695.65,Medium
3085.0,10695.33,Medium
1601.0,10692.98,Medium
4076.0,10690.66,Medium
4195.0,10689.53,Medium
529.0,10688.26,Medium
4494.0,10685.99,Medium
1807.0,10684.39,Medium
2153.0,10684.08,Medium
3160.0,10683.87,Medium
2756.0,10681.47,Medium
2074.0,10679.98,Medium
2204.0,10678.07,Medium
4258.0,10677.13,Medium
1776.0,10676.57,Medium
3734.0,10675.99,Medium
3882.0,10675.49,Medium
2116.0,10672.05,Medium
783.0,10671.45,Medium
3804.0,10671.17,Medium
4307.0,10669.29,Medium
1942.0,10668.93,Medium
272.0,10668.05,Medium
4898.0,10667.51,Medium
1647.0,10665.59,Medium
2718.0,10664.87,Medium
153.0,10664.15,Medium
2944.0,10664.06,Medium
1772.0,10663.8,Medium
2107.0,10663.34,Medium
2924.0,10663.23,Medium
159.0,10663.22,Medium
4853.0,10661.18,Medium
244.0,10660.51,Medium
2787.0,10658.09,Medium
690.0,10658.02,Medium
1726.0,10657.56,Medium
5.0,10657.03,Medium
4405.0,10654.86,Medium
3667.0,10654.61,Medium
4107.0,10652.74,Medium
3193.0,10650.82,Medium
3137.0,10650.28,Medium
875.0,10648.96,Medium
4580.0,10648.95,Medium
4426.0,10648.21,Medium
3630.0,10648.13,Medium
2100.0,10647.08,Medium
4325.0,10645.64,Medium
270.0,10644.85,Medium
3903.0,10644.5,Medium
4049.0,10642.63,Medium
3229.0,10642.23,Medium
3001.0,10642.13,Medium
4844.0,10641.98,Medium
293.0,10639.88,Medium
745.0,10639.04,Medium
4400.0,10638.67,Medium
3889.0,10637.13,Medium
3254.0,10636.57,Medium
1713.0,10634.01,Medium
572.0,10633.64,Medium
450.0,10633.53,Medium
1182.0,10632.26,Medium
4476.0,10631.92,Medium
816.0,10631.87,Medium
763.0,10631.79,Medium
3822.0,10631.78,Medium
1025.0,10626.85,Medium
582.0,10626.18,Medium
3658.0,10625.6,Medium
222.0,10624.81,Medium
2382.0,10623.8,Medium
4108.0,10622.15,Medium
3082.0,10620.21,Medium
282.0,10616.73,Medium
3620.0,10616.18,Medium
4074.0,10615.76,Medium
1742.0,10614.28,Medium
538.0,10614.07,Medium
2024.0,10612.9,Medium
2454.0,10612.59,Medium
2443.0,10608.0,Medium
796.0,10607.28,Medium
1895.0,10605.36,Medium
4393.0,10604.8,Medium
3687.0,10602.89,Medium
1303.0,10602.77,Medium
4957.0,10602.63,Medium
3198.0,10602.52,Medium
2427.0,10600.95,Medium
3120.0,10598.74,Medium
4256.0,10595.91,Medium
4842.0,10593.65,Medium
2150.0,10592.61,Medium
2780.0,10591.85,Medium
873.0,10591.0,Medium
4631.0,10590.56,Medium
3068.0,10589.82,Medium
3205.0,10589.62,Medium
1645.0,10588.92,Medium
2776.0,10588.29,Medium
4351.0,10587.28,Medium
1797.0,10586.54,Medium
1267.0,10586.37,Medium
2945.0,10585.21,Medium
2417.0,10584.82,Medium
2862.0,10584.42,Medium
2383.0,10583.84,Medium
592.0,10582.47,Medium
4300.0,10581.34,Medium
741.0,10579.09,Medium
1430.0,10578.25,Medium
1463.0,10574.81,Medium
1384.0,10574.28,Medium
565.0,10574.04,Medium
1486.0,10574.02,Medium
2637.0,10573.68,Medium
2728.0,10572.98,Medium
1174.0,10572.24,Medium
1351.0,10571.8,Medium
664.0,10571.38,Medium
2857.0,10570.58,Medium
2739.0,10569.62,Medium
3351.0,10569.14,Medium
1892.0,10566.87,Medium
2012.0,10566.33,Medium
3092.0,10566.04,Medium
663.0,10565.28,Medium
3388.0,10564.63,Medium
2533.0,10564.37,Medium
1289.0,10564.19,Medium
1671.0,10561.63,Medium
1674.0,10560.53,Medium
725.0,10559.91,Medium
3627.0,10558.64,Medium
246.0,10558.18,Medium
3047.0,10557.26,Medium
1179.0,10556.65,Medium
4732.0,10556.11,Medium
1885.0,10555.26,Medium
1980.0,10555.24,Medium
1001.0,10553.99,Medium
2323.0,10553.2,Medium
3691.0,10551.31,Medium
131.0,10549.55,Medium
154.0,10546.46,Medium
4120.0,10545.97,Medium
2497.0,10543.32,Medium
29.0,10543.28,Medium
3397.0,10542.78,Medium
3722.0,10541.48,Medium
1118.0,10538.68,Medium
2590.0,10537.18,Medium
760.0,10536.41,Medium
4582.0,10535.93,Medium
2893.0,10535.0,Medium
2474.0,10534.75,Medium
4132.0,10534.55,Medium
4330.0,10534.3,Medium
3599.0,10534.07,Medium
2706.0,10534.03,Medium
987.0,10532.46,Medium
2021.0,10532.3,Medium
3607.0,10530.84,Medium
3812.0,10529.92,Medium
4673.0,10529.65,Medium
2572.0,10529.62,Medium
3797.0,10527.45,Medium
806.0,10526.47,Medium
4773.0,10525.71,Medium
226.0,10525.38,Medium
1129.0,10524.78,Medium
2743.0,10524.59,Medium
1546.0,10520.41,Medium
3496.0,10520.11,Medium
261.0,10519.41,Medium
2448.0,10519.04,Medium
3831.0,10519.0,Medium
869.0,10518.96,Medium
759.0,10518.93,Medium
4620.0,10518.87,Medium
585.0,10518.48,Medium
358.0,10516.67,Medium
1476.0,10516.05,Medium
1516.0,10515.01,Medium
4978.0,10514.87,Medium
3401.0,10513.75,Medium
1577.0,10513.17,Medium
1059.0,10513.17,Medium
2913.0,10509.47,Medium
1557.0,10508.89,Medium
4559.0,10508.35,Medium
2970.0,10508.16,Medium
2529.0,10506.27,Medium
2891.0,10506.09,Medium
307.0,10505.91,Medium
1497.0,10505.41,Medium
2786.0,10504.09,Medium
42.0,10503.74,Medium
3105.0,10502.96,Medium
2826.0,10502.42,Medium
4199.0,10500.92,Medium
1689.0,10500.27,Medium
1571.0,10500.1,Medium
1506.0,10498.78,Medium
97.0,10498.61,Medium
57.0,10498.56,Medium
1178.0,10498.32,Medium
1491.0,10498.12,Medium
2586.0,10496.33,Medium
2313.0,10495.88,Medium
3108.0,10492.16,Medium
3837.0,10491.37,Medium
1624.0,10490.47,Medium
112.0,10490.34,Medium
1157.0,10489.23,Medium
3625.0,10489.2,Medium
2547.0,10487.56,Medium
4550.0,10486.99,Medium
4364.0,10486.63,Medium
1568.0,10485.93,Medium
168.0,10484.63,Medium
3537.0,10482.5,Medium
2229.0,10481.71,Medium
248.0,10481.31,Medium
654.0,10479.57,Medium
1898.0,10478.34,Medium
347.0,10477.84,Medium
881.0,10477.83,Medium
2255.0,10475.59,Medium
3241.0,10474.38,Medium
789.0,10473.83,Medium
3805.0,10473.66,Medium
2556.0,10473.3,Medium
1488.0,10471.14,Medium
2611.0,10470.45,Medium
3637.0,10469.47,Medium
804.0,10469.39,Medium
374.0,10469.29,Medium
2847.0,10465.85,Medium
3746.0,10465.43,Medium
2005.0,10465.01,Medium
1949.0,10464.9,Medium
3789.0,10464.86,Medium
3027.0,10462.47,Medium
1205.0,10461.62,Medium
167.0,10460.32,Medium
3079.0,10458.74,Medium
1050.0,10456.44,Medium
403.0,10456.17,Medium
4800.0,10455.92,Medium
2304.0,10454.93,Medium
1855.0,10454.26,Medium
4092.0,10453.31,Medium
4259.0,10451.16,Medium
2320.0,10449.9,Medium
2745.0,10449.76,Medium
1048.0,10448.73,Medium
635.0,10448.11,Medium
398.0,10444.61,Medium
1998.0,10444.51,Medium
2495.0,10442.47,Medium
2955.0,10442.33,Medium
3584.0,10441.58,Medium
4157.0,10441.55,Medium
2894.0,10441.32,Medium
3522.0,10441.31,Medium
4165.0,10439.55,Medium
2870.0,10437.69,Medium
4266.0,10436.58,Medium
2049.0,10435.68,Medium
4700.0,10433.64,Medium
2601.0,10432.89,Medium
4409.0,10432.41,Medium
3721.0,10431.67,Medium
2033.0,10431.52,Medium
1554.0,10430.79,Medium
4222.0,10429.5,Medium
4498.0,10428.23,Medium
3460.0,10427.89,Medium
194.0,10427.79,Medium
3161.0,10424.41,Medium
2735.0,10424.06,Medium
4441.0,10422.97,Medium
4963.0,10422.09,Medium
2008.0,10421.2,Medium
3929.0,10420.48,Medium
4792.0,10419.52,Medium
3877.0,10417.84,Medium
2354.0,10415.55,Medium
4205.0,10415.19,Medium
2505.0,10414.05,Medium
4807.0,10412.46,Medium
563.0,10412.26,Medium
3220.0,10411.52,Medium
2978.0,10411.06,Medium
4674.0,10410.88,Medium
4768.0,10407.84,Medium
1513.0,10406.66,Medium
1606.0,10405.28,Medium
4728.0,10401.67,Medium
4707.0,10401.56,Medium
4326.0,10399.79,Medium
114.0,10398.47,Medium
3567.0,10398.14,Medium
4044.0,10396.1,Medium
1818.0,10395.76,Medium
81.0,10395.12,Medium
1070.0,10393.97,Medium
3601.0,10391.43,Medium
3168.0,10388.79,Medium
2258.0,10388.53,Medium
1781.0,10387.51,Medium
2710.0,10387.25,Medium
1738.0,10387.19,Medium
2097.0,10386.24,Medium
2772.0,10386.22,Medium
4342.0,10385.92,Medium
1517.0,10384.77,Medium
207.0,10382.98,Medium
2329.0,10381.75,Medium
630.0,10381.53,Medium
1744.0,10381.44,Medium
4908.0,10378.66,Medium
2433.0,10377.04,Medium
1234.0,10377.0,Medium
4714.0,10376.66,Medium
3916.0,10372.21,Medium
2821.0,10372.15,Medium
1460.0,10370.76,Medium
4654.0,10369.82,Medium
4126.0,10369.65,Medium
4443.0,10368.96,Medium
1608.0,10368.75,Medium
3481.0,10367.55,Medium
3954.0,10365.29,Medium
4565.0,10365.18,Medium
2399.0,10363.5,Medium
2459.0,10363.16,Medium
4522.0,10362.27,Medium
4353.0,10362.19,Medium
1414.0,10361.87,Medium
3681.0,10361.56,Medium
2468.0,10360.6,Medium
1698.0,10359.69,Medium
45.0,10358.65,Medium
951.0,10358.5,Medium
4475.0,10358.2,Medium
2442.0,10356.13,Medium
2247.0,10355.21,Medium
3731.0,10354.46,Medium
2411.0,10353.97,Medium
2220.0,10353.43,Medium
2536.0,10353.24,Medium
4590.0,10351.77,Medium
3641.0,10350.09,Medium
4770.0,10349.03,Medium
3414.0,10348.12,Medium
3021.0,10347.87,Medium
234.0,10347.84,Medium
4451.0,10347.44,Medium
3219.0,10347.15,Medium
4859.0,10346.88,Medium
1837.0,10346.62,Medium
817.0,10345.73,Medium
2709.0,10345.54,Medium
1915.0,10345.52,Medium
3729.0,10345.2,Medium
2701.0,10344.59,Medium
3116.0,10343.28,Medium
3530.0,10343.1,Medium
3935.0,10340.3,Medium
33.0,10339.84,Medium
1579.0,10339.56,Medium
1800.0,10337.78,Medium
4073.0,10335.85,Medium
4071.0,10335.01,Medium
3922.0,10334.89,Medium
4804.0,10334.78,Medium
2067.0,10334.48,Medium
2742.0,10333.72,Medium
1910.0,10333.51,Medium
3500.0,10332.14,Medium
967.0,10330.84,Medium
2488.0,10328.87,Medium
1435.0,10328.82,Medium
2668.0,10327.07,Medium
555.0,10326.66,Medium
3914.0,10323.83,Medium
485.0,10323.57,Medium
1673.0,10323.32,Medium
3510.0,10323.07,Medium
4619.0,10322.4,Medium
1415.0,10322.28,Medium
2501.0,10321.85,Medium
2168.0,10321.68,Medium
4035.0,10320.37,Medium
2695.0,10319.48,Medium
3423.0,10317.2,Medium
1313.0,10315.39,Medium
1277.0,10313.92,Medium
2525.0,10313.39,Medium
2885.0,10313.0,Medium
3962.0,10312.67,Medium
2907.0,10312.13,Medium
1994.0,10311.82,Medium
2500.0,10311.02,Medium
4688.0,10308.12,Medium
138.0,10307.34,Medium
3366.0,10306.53,Medium
413.0,10306.52,Medium
2827.0,10305.38,Medium
1650.0,10304.2,Medium
259.0,10303.1,Medium
4334.0,10302.3,Medium
2593.0,10302.16,Medium
670.0,10301.57,Medium
1634.0,10297.3,Medium
4902.0,10296.07,Medium
1911.0,10294.96,Medium
1992.0,10292.73,Medium
2326.0,10292.61,Medium
3434.0,10292.59,Medium
2285.0,10291.74,Medium
3626.0,10291.33,Medium
4040.0,10288.19,Medium
777.0,10287.66,Medium
4261.0,10285.51,Medium
387.0,10285.15,Medium
4912.0,10284.48,Medium
761.0,10282.55,Medium
2296.0,10281.8,Medium
2671.0,10278.69,Medium
1821.0,10278.08,Medium
1656.0,10277.79,Medium
2045.0,10277.62,Medium
3180.0,10274.86,Medium
4711.0,10274.85,Medium
2335.0,10274.76,Medium
4905.0,10274.74,Medium
2286.0,10269.73,Medium
1466.0,10268.26,Medium
4052.0,10267.65,Medium
1747.0,10267.48,Medium
3755.0,10267.33,Medium
4077.0,10267.0,Medium
3945.0,10266.62,Medium
4026.0,10266.31,Medium
1318.0,10265.27,Medium
2108.0,10262.72,Medium
1860.0,10262.52,Medium
2866.0,10262.48,Medium
536.0,10260.63,Medium
2357.0,10259.98,Medium
4821.0,10259.71,Medium
3374.0,10256.91,Medium
1091.0,10256.91,Medium
2784.0,10255.82,Medium
165.0,10255.43,Medium
2457.0,10253.0,Medium
4889.0,10252.24,Medium
930.0,10251.87,Medium
3884.0,10251.7,Medium
4987.0,10251.6,Medium
1580.0,10251.06,Medium
1741.0,10249.97,Medium
1473.0,10249.73,Medium
2883.0,10249.69,Medium
3813.0,10249.46,Medium
1950.0,10249.0,Medium
756.0,10248.2,Medium
3768.0,10246.69,Medium
4362.0,10246.66,Medium
4189.0,10246.57,Medium
3034.0,10246.21,Medium
3742.0,10245.83,Medium
4264.0,10245.36,Medium
4771.0,10245.05,Medium
418.0,10241.43,Medium
19.0,10240.6,Medium
4237.0,10240.58,Medium
1038.0,10238.55,Medium
1925.0,10238.38,Medium
4183.0,10237.82,Medium
833.0,10237.58,Medium
1509.0,10236.79,Medium
122.0,10236.5,Medium
2766.0,10236.43,Medium
4971.0,10235.12,Medium
101.0,10233.87,Medium
4697.0,10233.53,Medium
2634.0,10233.34,Medium
902.0,10231.3,Medium
882.0,10229.8,Medium
80.0,10229.42,Medium
1162.0,10229.08,Medium
1492.0,10228.66,Medium
1923.0,10227.81,Medium
2095.0,10225.26,Medium
2537.0,10224.69,Medium
251.0,10224.37,Medium
4715.0,10223.79,Medium
2937.0,10223.63,Medium
1556.0,10222.29,Medium
1110.0,10222.09,Medium
292.0,10219.52,Medium
465.0,10219.28,Medium
3944.0,10217.5,Medium
1176.0,10216.78,Medium
18.0,10215.82,Medium
4164.0,10214.2,Medium
1521.0,10214.14,Medium
699.0,10212.8,Medium
3971.0,10212.75,Medium
1467.0,10211.6,Medium
4787.0,10211.58,Medium
1108.0,10211.53,Medium
1819.0,10210.51,Medium
4219.0,10209.7,Medium
3881.0,10209.15,Medium
3132.0,10208.81,Medium
1274.0,10203.89,Medium
3150.0,10203.09,Medium
2282.0,10200.38,Medium
2085.0,10200.04,Medium
2343.0,10199.08,Medium
2237.0,10198.47,Medium
4439.0,10197.92,Medium
2666.0,10197.49,Medium
3279.0,10196.87,Medium
4918.0,10196.86,Medium
2716.0,10195.27,Medium
2991.0,10195.17,Medium
4984.0,10195.09,Medium
3957.0,10194.71,Medium
3757.0,10194.6,Medium
328.0,10194.43,Medium
2392.0,10193.25,Medium
4980.0,10192.76,Medium
1990.0,10191.34,Medium
1011.0,10188.11,Medium
1113.0,10188.06,Medium
3904.0,10186.04,Medium
1441.0,10184.78,Medium
1514.0,10184.6,Medium
2929.0,10182.87,Medium
3290.0,10181.23,Medium
3248.0,10180.7,Medium
2685.0,10179.95,Medium
530.0,10178.13,Medium
37.0,10177.47,Medium
2140.0,10177.08,Medium
771.0,10176.08,Medium
3227.0,10175.79,Medium
3787.0,10174.98,Medium
4596.0,10174.8,Medium
4141.0,10174.18,Medium
3354.0,10173.89,Medium
3284.0,10173.49,Medium
2214.0,10173.12,Medium
4951.0,10172.27,Medium
1128.0,10171.13,Medium
2645.0,10170.65,Medium
4012.0,10170.41,Medium
1841.0,10169.3,Medium
2814.0,10168.99,Medium
3048.0,10165.32,Medium
3876.0,10164.58,Medium
326.0,10163.55,Medium
4516.0,10160.81,Medium
2210.0,10157.78,Medium
1873.0,10153.72,Medium
975.0,10153.11,Medium
469.0,10152.52,Medium
3479.0,10150.6,Medium
4552.0,10150.48,Medium
2146.0,10150.14,Medium
4276.0,10148.93,Medium
826.0,10148.88,Medium
4127.0,10148.6,Medium
3654.0,10146.4,Medium
1668.0,10142.96,Medium
3357.0,10141.72,Medium
4066.0,10141.3,Medium
4314.0,10140.6,Medium
1227.0,10140.2,Medium
183.0,10139.92,Medium
732.0,10137.36,Medium
4899.0,10136.45,Medium
4921.0,10136.28,Medium
327.0,10135.92,Medium
8.0,10133.17,Medium
90.0,10132.51,Medium
1801.0,10131.9,Medium
1952.0,10131.26,Medium
263.0,10130.37,Medium
2503.0,10128.53,Medium
3728.0,10128.43,Medium
3339.0,10127.47,Medium
3632.0,10125.7,Medium
184.0,10125.69,Medium
3776.0,10124.98,Medium
4598.0,10123.09,Medium
2641.0,10120.74,Medium
3304.0,10120.56,Medium
385.0,10119.76,Medium
407.0,10118.91,Medium
4101.0,10117.36,Medium
613.0,10116.68,Medium
2489.0,10116.57,Medium
4795.0,10116.42,Medium
1471.0,10115.26,Medium
311.0,10114.62,Medium
2098.0,10114.54,Medium
1325.0,10114.19,Medium
3648.0,10114.08,Medium
1499.0,10113.11,Medium
3710.0,10112.71,Medium
3851.0,10112.7,Medium
4034.0,10111.4,Medium
4453.0,10110.11,Medium
1858.0,10109.56,Medium
4856.0,10108.4,Medium
2770.0,10108.38,Medium
1396.0,10106.01,Medium
2234.0,10105.32,Medium
2704.0,10101.64,Medium
2803.0,10101.59,Low
2373.0,10100.49,Low
1382.0,10100.19,Low
178.0,10098.4,Low
4128.0,10096.33,Low
1034.0,10096.08,Low
658.0,10095.75,Low
1335.0,10094.93,Low
2871.0,10092.97,Low
2263.0,10090.04,Low
2646.0,10089.57,Low
2507.0,10089.53,Low
4138.0,10089.05,Low
1891.0,10089.04,Low
343.0,10087.87,Low
346.0,10086.65,Low
3040.0,10085.51,Low
2379.0,10085.51,Low
1395.0,10085.31,Low
2259.0,10085.3,Low
2241.0,10085.08,Low
4379.0,10084.72,Low
750.0,10084.5,Low
2094.0,10082.86,Low
2070.0,10081.53,Low
1304.0,10081.17,Low
696.0,10081.17,Low
2167.0,10080.95,Low
2988.0,10078.57,Low
4635.0,10077.47,Low
2202.0,10076.94,Low
830.0,10076.57,Low
2151.0,10074.16,Low
744.0,10074.1,Low
4961.0,10071.2,Low
2994.0,10070.66,Low
2867.0,10070.62,Low
2947.0,10066.55,Low
4226.0,10065.37,Low
840.0,10064.77,Low
594.0,10063.82,Low
3949.0,10063.42,Low
4042.0,10063.08,Low
1299.0,10061.47,Low
1109.0,10060.81,Low
3777.0,10059.27,Low
1388.0,10059.26,Low
2422.0,10059.08,Low
420.0,10059.0,Low
1793.0,10058.22,Low
1510.0,10058.01,Low
1340.0,10057.32,Low
4464.0,10057.04,Low
4878.0,10056.87,Low
3058.0,10055.85,Low
2333.0,10055.22,Low
1904.0,10054.98,Low
2661.0,10054.53,Low
2940.0,10053.54,Low
1448.0,10053.27,Low
491.0,10052.74,Low
1613.0,10052.17,Low
2287.0,10051.74,Low
3233.0,10051.01,Low
1330.0,10050.79,Low
188.0,10048.1,Low
587.0,10047.04,Low
737.0,10046.73,Low
2617.0,10045.25,Low
146.0,10045.24,Low
584.0,10044.06,Low
4737.0,10039.44,Low
76.0,10039.19,Low
3282.0,10038.19,Low
3661.0,10036.65,Low
1422.0,10036.64,Low
2307.0,10036.28,Low
4554.0,10035.98,Low
210.0,10035.82,Low
312.0,10035.37,Low
1932.0,10033.67,Low
59.0,10032.99,Low
3316.0,10032.9,Low
1676.0,10032.31,Low
2367.0,10032.3,Low
1680.0,10031.94,Low
3652.0,10030.25,Low
4817.0,10029.95,Low
2132.0,10029.46,Low
680.0,10028.8,Low
3006.0,10028.51,Low
1887.0,10026.72,Low
1307.0,10026.34,Low
72.0,10022.7,Low
3333.0,10021.02,Low
4284.0,10020.74,Low
720.0,10020.64,Low
2794.0,10020.55,Low
2777.0,10020.29,Low
1879.0,10020.03,Low
2990.0,10017.2,Low
4072.0,10017.06,Low
4357.0,10017.01,Low
197.0,10017.0,Low
3807.0,10016.4,Low
4031.0,10016.34,Low
4419.0,10016.07,Low
3737.0,10015.36,Low
339.0,10011.17,Low
3482.0,10009.35,Low
2224.0,10006.94,Low
3334.0,10005.83,Low
160.0,10003.87,Low
1133.0,10003.6,Low
3549.0,10001.33,Low
3660.0,9997.85,Low
3732.0,9994.81,Low
2172.0,9993.49,Low
3223.0,9992.43,Low
1944.0,9992.04,Low
1022.0,9990.0,Low
3428.0,9989.89,Low
3685.0,9989.46,Low
4964.0,9985.43,Low
4941.0,9983.66,Low
2790.0,9982.4,Low
3828.0,9982.09,Low
1280.0,9981.89,Low
683.0,9981.47,Low
4759.0,9980.59,Low
813.0,9979.78,Low
361.0,9977.92,Low
4625.0,9976.82,Low
3152.0,9976.61,Low
4666.0,9975.24,Low
50.0,9973.63,Low
2381.0,9973.21,Low
1755.0,9972.79,Low
1136.0,9971.88,Low
3761.0,9971.85,Low
1929.0,9971.23,Low
2738.0,9969.08,Low
3369.0,9968.33,Low
2041.0,9965.56,Low
3136.0,9965.46,Low
41.0,9964.67,Low
3474.0,9963.95,Low
1116.0,9963.51,Low
4054.0,9963.07,Low
4832.0,9961.83,Low
3581.0,9960.73,Low
4202.0,9959.06,Low
3996.0,9958.98,Low
2456.0,9958.76,Low
513.0,9958.57,Low
1901.0,9957.31,Low
1909.0,9957.23,Low
3850.0,9956.97,Low
3947.0,9956.53,Low
3994.0,9956.05,Low
4574.0,9955.34,Low
790.0,9950.69,Low
484.0,9948.47,Low
4780.0,9946.9,Low
4709.0,9946.38,Low
2901.0,9944.85,Low
3425.0,9944.32,Low
2372.0,9941.94,Low
814.0,9941.6,Low
3307.0,9939.86,Low
3394.0,9939.81,Low
391.0,9937.51,Low
3842.0,9935.74,Low
2736.0,9934.71,Low
3612.0,9934.08,Low
3222.0,9933.47,Low
1956.0,9933.47,Low
3207.0,9933.31,Low
1778.0,9933.23,Low
4069.0,9933.22,Low
923.0,9932.46,Low
1053.0,9931.07,Low
1886.0,9930.99,Low
1151.0,9926.01,Low
4129.0,9925.26,Low
3974.0,9921.79,Low
35.0,9921.62,Low
1374.0,9920.9,Low
4349.0,9920.14,Low
1376.0,9919.65,Low
4823.0,9918.03,Low
1080.0,9917.12,Low
3690.0,9915.22,Low
2464.0,9913.5,Low
430.0,9911.57,Low
1323.0,9906.32,Low
2881.0,9905.93,Low
2933.0,9905.66,Low
2019.0,9905.54,Low
2155.0,9904.75,Low
4935.0,9903.1,Low
3372.0,9900.9,Low
2719.0,9898.39,Low
2811.0,9898.37,Low
3018.0,9893.97,Low
3154.0,9893.83,Low
228.0,9893.12,Low
4260.0,9892.28,Low
1424.0,9891.11,Low
2876.0,9890.89,Low
1868.0,9890.43,Low
1196.0,9890.23,Low
753.0,9890.04,Low
1224.0,9889.77,Low
1844.0,9889.02,Low
3539.0,9888.32,Low
4985.0,9888.2,Low
1339.0,9887.22,Low
1839.0,9884.59,Low
2191.0,9882.41,Low
2125.0,9881.62,Low
3694.0,9880.62,Low
1816.0,9877.76,Low
2051.0,9876.28,Low
2481.0,9875.69,Low
2083.0,9875.12,Low
4610.0,9874.98,Low
842.0,9873.96,Low
439.0,9873.49,Low
2553.0,9873.35,Low
4095.0,9871.48,Low
3634.0,9871.31,Low
4519.0,9870.95,Low
904.0,9870.69,Low
1880.0,9870.52,Low
2078.0,9870.01,Low
645.0,9869.26,Low
4397.0,9868.81,Low
4520.0,9867.92,Low
544.0,9866.82,Low
1188.0,9866.72,Low
3468.0,9865.44,Low
4747.0,9865.37,Low
435.0,9865.21,Low
4208.0,9864.84,Low
2023.0,9864.78,Low
428.0,9864.12,Low
2705.0,9863.97,Low
1767.0,9863.93,Low
3005.0,9863.68,Low
1296.0,9862.72,Low
95.0,9862.42,Low
2948.0,9861.38,Low
360.0,9861.03,Low
4838.0,9860.57,Low
1005.0,9856.88,Low
4815.0,9855.64,Low
2548.0,9855.56,Low
4281.0,9855.07,Low
204.0,9854.83,Low
958.0,9852.88,Low
3543.0,9851.54,Low
2941.0,9850.46,Low
1881.0,9850.29,Low
378.0,9850.11,Low
4090.0,9848.71,Low
3196.0,9847.84,Low
113.0,9846.74,Low
1584.0,9845.68,Low
93.0,9841.44,Low
3872.0,9837.74,Low
4255.0,9836.51,Low
3743.0,9834.81,Low
3251.0,9834.27,Low
4755.0,9834.24,Low
3509.0,9832.92,Low
4830.0,9831.83,Low
3589.0,9830.15,Low
349.0,9825.7,Low
2915.0,9824.62,Low
4592.0,9824.24,Low
2861.0,9822.79,Low
3785.0,9822.65,Low
537.0,9822.45,Low
3893.0,9822.45,Low
3657.0,9821.84,Low
482.0,9821.27,Low
4051.0,9816.56,Low
2404.0,9816.39,Low
2722.0,9816.18,Low
3243.0,9814.88,Low
4561.0,9810.34,Low
718.0,9809.6,Low
1159.0,9809.53,Low
2213.0,9808.8,Low
3167.0,9808.53,Low
2334.0,9807.76,Low
1552.0,9806.69,Low
4312.0,9801.07,Low
3268.0,9800.63,Low
845.0,9800.34,Low
797.0,9799.85,Low
4670.0,9798.03,Low
1669.0,9797.18,Low
2332.0,9796.69,Low
3109.0,9796.26,Low
2542.0,9795.21,Low
1124.0,9793.79,Low
264.0,9793.12,Low
4186.0,9792.84,Low
2674.0,9792.05,Low
770.0,9791.49,Low
4682.0,9791.26,Low
2818.0,9790.28,Low
2087.0,9788.69,Low
2004.0,9783.58,Low
4059.0,9783.01,Low
2723.0,9782.22,Low
2969.0,9781.68,Low
3076.0,9781.58,Low
3533.0,9780.92,Low
4846.0,9779.83,Low
2082.0,9779.5,Low
3329.0,9775.93,Low
100.0,9774.32,Low
1470.0,9774.0,Low
581.0,9773.45,Low
3212.0,9771.47,Low
2062.0,9770.8,Low
3274.0,9770.76,Low
1203.0,9769.93,Low
891.0,9769.22,Low
4131.0,9768.76,Low
671.0,9767.61,Low
976.0,9767.33,Low
4253.0,9765.51,Low
2112.0,9765.0,Low
4135.0,9763.84,Low
4541.0,9763.63,Low
287.0,9761.8,Low
2415.0,9761.49,Low
603.0,9761.38,Low
3029.0,9761.03,Low
2916.0,9760.2,Low
3098.0,9759.15,Low
4772.0,9758.9,Low
198.0,9758.32,Low
2773.0,9758.23,Low
1216.0,9757.07,Low
3059.0,9756.72,Low
3360.0,9756.0,Low
1582.0,9755.42,Low
948.0,9752.21,Low
2184.0,9751.72,Low
4007.0,9751.08,Low
4115.0,9750.38,Low
1861.0,9747.3,Low
232.0,9746.07,Low
2760.0,9745.97,Low
368.0,9745.62,Low
1736.0,9744.22,Low
4470.0,9744.14,Low
1052.0,9742.15,Low
2789.0,9741.77,Low
1469.0,9741.38,Low
1541.0,9740.89,Low
686.0,9740.52,Low
3846.0,9740.23,Low
3262.0,9739.91,Low
4746.0,9739.43,Low
1354.0,9738.95,Low
4958.0,9738.47,Low
281.0,9738.23,Low
208.0,9738.21,Low
3574.0,9735.88,Low
4045.0,9735.15,Low
2528.0,9734.43,Low
1152.0,9732.1,Low
4967.0,9731.6,Low
2249.0,9731.59,Low
1443.0,9730.1,Low
853.0,9729.83,Low
1075.0,9727.43,Low
1803.0,9726.76,Low
4926.0,9724.53,Low
4739.0,9723.85,Low
3338.0,9723.38,Low
4665.0,9722.99,Low
4866.0,9722.56,Low
2298.0,9713.94,Low
849.0,9712.47,Low
4091.0,9712.08,Low
3270.0,9711.18,Low
1908.0,9709.88,Low
1366.0,9708.95,Low
2816.0,9706.95,Low
2665.0,9706.62,Low
148.0,9706.12,Low
3011.0,9705.54,Low
4687.0,9705.42,Low
3610.0,9701.21,Low
2589.0,9696.43,Low
3260.0,9695.95,Low
4225.0,9693.85,Low
1030.0,9693.22,Low
91.0,9692.85,Low
717.0,9691.38,Low
4767.0,9690.89,Low
2855.0,9688.46,Low
1512.0,9688.4,Low
4555.0,9686.83,Low
2835.0,9685.52,Low
4993.0,9684.39,Low
2726.0,9684.35,Low
1754.0,9684.09,Low
1523.0,9683.1,Low
4617.0,9679.59,Low
1168.0,9679.25,Low
539.0,9678.95,Low
1526.0,9677.59,Low
2101.0,9676.12,Low
1946.0,9675.53,Low
3149.0,9674.88,Low
304.0,9674.15,Low
149.0,9670.23,Low
2565.0,9670.15,Low
4852.0,9668.54,Low
4741.0,9668.05,Low
1782.0,9666.04,Low
4322.0,9665.99,Low
569.0,9663.52,Low
111.0,9662.05,Low
602.0,9661.31,Low
2305.0,9659.66,Low
1281.0,9659.46,Low
4216.0,9659.35,Low
1084.0,9656.26,Low
4061.0,9655.02,Low
1456.0,9652.96,Low
2943.0,9650.59,Low
3311.0,9650.45,Low
2689.0,9649.95,Low
1016.0,9646.0,Low
773.0,9645.25,Low
126.0,9644.97,Low
898.0,9643.66,Low
3993.0,9643.53,Low
755.0,9643.17,Low
4531.0,9643.12,Low
2583.0,9642.68,Low
2142.0,9642.2,Low
1147.0,9642.0,Low
1378.0,9641.91,Low
4491.0,9641.74,Low
3643.0,9641.48,Low
4292.0,9641.16,Low
3824.0,9641.02,Low
2785.0,9639.44,Low
3763.0,9638.74,Low
3933.0,9635.28,Low
3466.0,9634.64,Low
1337.0,9633.87,Low
4718.0,9630.17,Low
163.0,9629.21,Low
2936.0,9628.11,Low
4919.0,9627.91,Low
4096.0,9627.46,Low
1454.0,9625.09,Low
4275.0,9622.62,Low
1331.0,9622.58,Low
2117.0,9620.2,Low
1544.0,9618.15,Low
1649.0,9617.23,Low
2699.0,9616.83,Low
591.0,9614.03,Low
4679.0,9613.39,Low
3528.0,9612.86,Low
1445.0,9611.45,Low
708.0,9611.0,Low
905.0,9610.55,Low
746.0,9609.87,Low
560.0,9609.41,Low
4291.0,9609.18,Low
4503.0,9609.08,Low
4469.0,9603.91,Low
3380.0,9602.58,Low
2655.0,9600.39,Low
4232.0,9599.96,Low
4672.0,9599.04,Low
4001.0,9598.71,Low
2165.0,9596.75,Low
1897.0,9596.27,Low
3417.0,9593.55,Low
4169.0,9590.63,Low
2198.0,9590.02,Low
4159.0,9589.89,Low
794.0,9589.02,Low
1123.0,9588.87,Low
1907.0,9587.09,Low
3308.0,9587.08,Low
4777.0,9586.57,Low
3062.0,9584.74,Low
505.0,9582.66,Low
2145.0,9582.63,Low
2031.0,9582.37,Low
3133.0,9581.77,Low
1684.0,9581.13,Low
943.0,9580.95,Low
2369.0,9577.38,Low
3236.0,9577.25,Low
877.0,9570.4,Low
780.0,9570.03,Low
4153.0,9567.54,Low
1588.0,9566.16,Low
3570.0,9566.13,Low
726.0,9565.67,Low
1623.0,9565.59,Low
2788.0,9563.57,Low
1820.0,9562.49,Low
605.0,9561.69,Low
3532.0,9557.74,Low
1831.0,9550.97,Low
3907.0,9550.45,Low
3230.0,9549.31,Low
1015.0,9548.06,Low
4642.0,9546.81,Low
4155.0,9546.6,Low
2331.0,9546.17,Low
376.0,9539.6,Low
945.0,9537.92,Low
2006.0,9535.44,Low
2364.0,9535.17,Low
2733.0,9533.79,Low
1137.0,9533.38,Low
2075.0,9533.21,Low
518.0,9532.81,Low
1455.0,9530.85,Low
557.0,9530.3,Low
2371.0,9527.9,Low
1013.0,9527.57,Low
4932.0,9526.98,Low
3556.0,9524.81,Low
1155.0,9524.71,Low
2504.0,9522.1,Low
3291.0,9520.83,Low
1222.0,9519.62,Low
3177.0,9519.37,Low
3915.0,9519.31,Low
2274.0,9519.28,Low
2545.0,9518.03,Low
1042.0,9517.64,Low
1717.0,9515.21,Low
1972.0,9514.96,Low
2997.0,9513.27,Low
1065.0,9512.2,Low
2681.0,9512.03,Low
4696.0,9510.56,Low
1240.0,9510.49,Low
1617.0,9510.27,Low
3998.0,9509.54,Low
2466.0,9509.35,Low
3886.0,9507.24,Low
1823.0,9505.07,Low
2767.0,9503.6,Low
3060.0,9501.6,Low
2388.0,9501.53,Low
2401.0,9501.2,Low
3067.0,9496.05,Low
4614.0,9495.16,Low
2377.0,9495.01,Low
3031.0,9492.99,Low
473.0,9492.76,Low
1446.0,9491.87,Low
3800.0,9491.22,Low
4896.0,9489.58,Low
1605.0,9488.71,Low
4716.0,9488.58,Low
1662.0,9487.79,Low
3638.0,9486.1,Low
4161.0,9485.77,Low
4708.0,9485.14,Low
1040.0,9483.83,Low
3276.0,9483.14,Low
110.0,9481.48,Low
1392.0,9481.3,Low
1709.0,9478.93,Low
2605.0,9478.25,Low
2539.0,9476.98,Low
1237.0,9470.71,Low
864.0,9470.61,Low
1953.0,9470.26,Low
1725.0,9469.8,Low
2873.0,9469.35,Low
172.0,9469.03,Low
1872.0,9468.87,Low
583.0,9468.43,Low
277.0,9466.69,Low
2769.0,9463.29,Low
774.0,9462.67,Low
1917.0,9461.87,Low
4884.0,9461.6,Low
4686.0,9461.02,Low
3097.0,9457.39,Low
1870.0,9455.77,Low
3142.0,9453.34,Low
2139.0,9453.15,Low
2091.0,9452.72,Low
1770.0,9446.32,Low
2207.0,9444.44,Low
4581.0,9444.2,Low
4799.0,9443.03,Low
1849.0,9441.89,Low
321.0,9438.41,Low
4543.0,9438.36,Low
4549.0,9438.36,Low
4661.0,9437.9,Low
4499.0,9436.2,Low
1067.0,9436.1,Low
3802.0,9435.64,Low
3576.0,9434.64,Low
3923.0,9434.0,Low
1241.0,9433.31,Low
1204.0,9433.04,Low
3775.0,9431.62,Low
3659.0,9430.41,Low
4005.0,9430.06,Low
1272.0,9429.18,Low
534.0,9427.95,Low
320.0,9426.8,Low
3367.0,9426.48,Low
868.0,9424.15,Low
62.0,9419.86,Low
1356.0,9415.43,Low
1383.0,9413.36,Low
2546.0,9410.5,Low
4408.0,9408.61,Low
3055.0,9405.62,Low
3166.0,9405.13,Low
2822.0,9404.62,Low
1306.0,9400.49,Low
3106.0,9398.48,Low
3213.0,9398.25,Low
2654.0,9398.07,Low
479.0,9397.16,Low
1186.0,9395.44,Low
4650.0,9394.32,Low
619.0,9392.26,Low
4207.0,9391.99,Low
2378.0,9391.77,Low
2712.0,9388.75,Low
4109.0,9388.06,Low
2322.0,9386.69,Low
2281.0,9384.95,Low
2321.0,9381.85,Low
2430.0,9380.41,Low
2761.0,9377.05,Low
1528.0,9372.34,Low
4363.0,9371.61,Low
2749.0,9368.72,Low
740.0,9367.7,Low
1636.0,9367.26,Low
2996.0,9366.11,Low
3552.0,9365.47,Low
4693.0,9365.06,Low
309.0,9363.41,Low
1220.0,9363.17,Low
3218.0,9363.06,Low
1567.0,9362.89,Low
700.0,9360.32,Low
1999.0,9360.14,Low
1370.0,9359.55,Low
4381.0,9358.34,Low
422.0,9357.36,Low
956.0,9356.07,Low
3302.0,9354.92,Low
1018.0,9353.74,Low
141.0,9353.7,Low
2872.0,9351.33,Low
1563.0,9351.29,Low
2490.0,9351.27,Low
2566.0,9351.08,Low
3862.0,9349.58,Low
1811.0,9346.81,Low
217.0,9344.11,Low
1105.0,9343.41,Low
3039.0,9342.8,Low
4062.0,9342.33,Low
4162.0,9339.29,Low
3561.0,9339.25,Low
2391.0,9336.99,Low
2148.0,9335.15,Low
1060.0,9331.52,Low
266.0,9329.17,Low
1620.0,9329.14,Low
575.0,9326.13,Low
3622.0,9325.17,Low
2864.0,9325.09,Low
2053.0,9324.94,Low
3827.0,9324.41,Low
3702.0,9321.45,Low
3888.0,9319.9,Low
280.0,9319.14,Low
2904.0,9318.49,Low
3939.0,9317.59,Low
703.0,9317.1,Low
3375.0,9316.81,Low
4656.0,9316.03,Low
815.0,9315.79,Low
3892.0,9313.74,Low
3948.0,9313.01,Low
2389.0,9309.59,Low
3751.0,9307.6,Low
179.0,9305.51,Low
221.0,9304.07,Low
900.0,9303.42,Low
4837.0,9300.74,Low
3418.0,9299.06,Low
3422.0,9298.74,Low
4556.0,9297.66,Low
1768.0,9295.22,Low
2865.0,9293.57,Low
382.0,9290.57,Low
1229.0,9289.59,Low
3190.0,9289.19,Low
2875.0,9286.57,Low
3571.0,9286.29,Low
4634.0,9285.76,Low
297.0,9283.37,Low
4820.0,9283.24,Low
1737.0,9282.87,Low
2215.0,9280.14,Low
2686.0,9280.13,Low
4542.0,9279.63,Low
2395.0,9278.21,Low
2950.0,9277.9,Low
2725.0,9277.81,Low
4423.0,9277.55,Low
4722.0,9276.25,Low
2972.0,9274.28,Low
2040.0,9272.74,Low
2484.0,9271.91,Low
2690.0,9271.36,Low
4880.0,9270.41,Low
4386.0,9269.83,Low
3917.0,9268.0,Low
1719.0,9267.21,Low
995.0,9265.01,Low
861.0,9261.59,Low
69.0,9261.1,Low
1004.0,9260.74,Low
4676.0,9258.32,Low
3457.0,9256.8,Low
2179.0,9256.37,Low
4160.0,9255.57,Low
689.0,9254.35,Low
3115.0,9253.64,Low
1207.0,9250.93,Low
4833.0,9246.26,Low
3511.0,9240.45,Low
3540.0,9236.03,Low
3719.0,9234.57,Low
4501.0,9231.0,Low
21.0,9230.98,Low
3709.0,9229.98,Low
4339.0,9229.42,Low
2559.0,9227.08,Low
1286.0,9226.93,Low
2810.0,9226.31,Low
573.0,9226.11,Low
3525.0,9226.08,Low
4346.0,9224.75,Low
1859.0,9224.49,Low
576.0,9224.04,Low
2836.0,9223.6,Low
429.0,9223.32,Low
2471.0,9220.15,Low
3349.0,9219.46,Low
79.0,9217.79,Low
2492.0,9217.06,Low
2496.0,9213.79,Low
3503.0,9213.38,Low
1008.0,9210.43,Low
982.0,9208.73,Low
1979.0,9205.95,Low
3927.0,9205.22,Low
3459.0,9202.75,Low
4452.0,9201.57,Low
392.0,9201.3,Low
4948.0,9199.27,Low
2607.0,9199.13,Low
2753.0,9198.94,Low
523.0,9197.67,Low
322.0,9197.07,Low
2696.0,9196.7,Low
3309.0,9195.72,Low
4990.0,9195.69,Low
1043.0,9195.25,Low
4242.0,9195.24,Low
2732.0,9192.32,Low
3542.0,9190.67,Low
4445.0,9188.66,Low
2494.0,9184.22,Low
3629.0,9182.58,Low
2554.0,9180.45,Low
2467.0,9178.91,Low
925.0,9177.96,Low
1436.0,9177.85,Low
2888.0,9176.14,Low
3686.0,9176.11,Low
1547.0,9175.0,Low
4752.0,9174.88,Low
4532.0,9174.58,Low
1630.0,9174.36,Low
7.0,9174.12,Low
2530.0,9172.25,Low
1092.0,9171.69,Low
2130.0,9171.36,Low
3745.0,9169.84,Low
1288.0,9169.5,Low
3590.0,9168.82,Low
4053.0,9167.15,Low
4940.0,9165.65,Low
778.0,9162.4,Low
2398.0,9159.14,Low
855.0,9158.43,Low
2080.0,9157.98,Low
4591.0,9155.9,Low
3967.0,9155.13,Low
2519.0,9153.43,Low
103.0,9153.11,Low
3677.0,9150.28,Low
918.0,9149.68,Low
1973.0,9148.4,Low
3259.0,9148.12,Low
3621.0,9147.49,Low
3608.0,9147.25,Low
1670.0,9146.77,Low
1722.0,9146.17,Low
1055.0,9145.78,Low
274.0,9136.98,Low
1735.0,9134.24,Low
3619.0,9133.55,Low
171.0,9132.01,Low
3635.0,9128.46,Low
2658.0,9128.05,Low
254.0,9127.06,Low
4931.0,9125.79,Low
4150.0,9124.29,Low
4706.0,9123.43,Low
641.0,9121.7,Low
1790.0,9120.98,Low
1640.0,9120.49,Low
793.0,9118.63,Low
4749.0,9115.89,Low
3779.0,9114.01,Low
1029.0,9112.53,Low
2356.0,9110.77,Low
2264.0,9108.55,Low
3866.0,9108.01,Low
4790.0,9107.28,Low
1937.0,9105.95,Low
2676.0,9105.29,Low
1024.0,9104.18,Low
4158.0,9103.75,Low
691.0,9103.24,Low
4489.0,9100.39,Low
3352.0,9099.19,Low
4585.0,9099.0,Low
3559.0,9097.82,Low
3449.0,9097.67,Low
3906.0,9095.68,Low
608.0,9092.79,Low
3953.0,9092.36,Low
4002.0,9091.56,Low
3121.0,9089.9,Low
896.0,9088.62,Low
2837.0,9088.09,Low
3934.0,9086.77,Low
4972.0,9086.34,Low
1802.0,9084.74,Low
4888.0,9081.93,Low
427.0,9081.47,Low
1600.0,9080.95,Low
180.0,9075.52,Low
1381.0,9074.58,Low
2571.0,9067.52,Low
3382.0,9066.63,Low
2232.0,9062.81,Low
1185.0,9062.16,Low
1632.0,9062.13,Low
1483.0,9060.38,Low
4517.0,9058.91,Low
4171.0,9057.04,Low
2337.0,9054.91,Low
821.0,9054.14,Low
2034.0,9053.41,Low
1930.0,9051.13,Low
4825.0,9050.6,Low
3444.0,9049.14,Low
4603.0,9048.2,Low
3580.0,9047.78,Low
512.0,9046.6,Low
4998.0,9045.97,Low
294.0,9044.71,Low
3030.0,9044.13,Low
517.0,9043.94,Low
4779.0,9043.03,Low
4478.0,9039.83,Low
2206.0,9039.01,Low
4058.0,9037.68,Low
1200.0,9035.74,Low
2752.0,9035.72,Low
1704.0,9033.3,Low
3159.0,9031.6,Low
3315.0,9031.43,Low
1874.0,9030.83,Low
1413.0,9030.73,Low
2626.0,9029.59,Low
3747.0,9028.48,Low
525.0,9022.89,Low
4690.0,9022.25,Low
3937.0,9019.88,Low
1559.0,9019.64,Low
1693.0,9019.17,Low
3573.0,9018.09,Low
4403.0,9015.88,Low
4609.0,9015.63,Low
829.0,9015.37,Low
2707.0,9015.03,Low
3649.0,9014.52,Low
4548.0,9013.86,Low
48.0,9012.46,Low
4662.0,9011.75,Low
993.0,9009.5,Low
500.0,9009.36,Low
3521.0,9007.96,Low
1322.0,9006.47,Low
3431.0,9000.66,Low
4401.0,9000.08,Low
78.0,8999.07,Low
3669.0,8993.57,Low
2845.0,8992.93,Low
3538.0,8990.93,Low
1199.0,8990.83,Low
1235.0,8989.22,Low
1805.0,8986.95,Low
225.0,8984.78,Low
3534.0,8981.96,Low
2402.0,8980.59,Low
2567.0,8979.8,Low
1532.0,8979.32,Low
318.0,8978.51,Low
2909.0,8977.67,Low
600.0,8975.89,Low
1242.0,8975.22,Low
1971.0,8973.56,Low
4611.0,8973.07,Low
1672.0,8971.21,Low
371.0,8969.56,Low
1827.0,8968.69,Low
452.0,8963.21,Low
269.0,8958.8,Low
3427.0,8958.01,Low
1181.0,8955.61,Low
1139.0,8955.11,Low
886.0,8954.85,Low
623.0,8954.49,Low
2376.0,8954.36,Low
2090.0,8951.85,Low
2908.0,8949.77,Low
643.0,8948.75,Low
1221.0,8947.9,Low
1262.0,8937.6,Low
4730.0,8937.4,Low
1965.0,8936.62,Low
3232.0,8935.18,Low
1774.0,8932.37,Low
43.0,8930.11,Low
1732.0,8927.99,Low
4214.0,8927.79,Low
998.0,8927.19,Low
4809.0,8926.75,Low
3833.0,8926.21,Low
2278.0,8925.33,Low
2181.0,8921.41,Low
4664.0,8919.6,Low
1464.0,8919.52,Low
3609.0,8918.49,Low
2455.0,8917.36,Low
4975.0,8915.81,Low
595.0,8913.67,Low
2453.0,8913.42,Low
4505.0,8912.09,Low
4327.0,8911.57,Low
668.0,8911.4,Low
400.0,8909.86,Low
1927.0,8909.7,Low
562.0,8908.65,Low
4765.0,8899.07,Low
638.0,8898.61,Low
3191.0,8898.53,Low
4319.0,8898.32,Low
1135.0,8893.79,Low
674.0,8893.22,Low
1597.0,8892.44,Low
1427.0,8890.79,Low
936.0,8887.57,Low
697.0,8883.74,Low
3771.0,8882.26,Low
56.0,8882.22,Low
3646.0,8882.1,Low
4575.0,8881.59,Low
2922.0,8880.89,Low
1905.0,8878.15,Low
4370.0,8877.41,Low
3891.0,8874.67,Low
1920.0,8874.48,Low
4015.0,8871.73,Low
1438.0,8870.66,Low
747.0,8869.53,Low
4032.0,8867.7,Low
570.0,8867.39,Low
2931.0,8861.73,Low
2564.0,8861.62,Low
2256.0,8861.15,Low
2663.0,8861.08,Low
2216.0,8860.67,Low
1871.0,8857.03,Low
1014.0,8856.73,Low
325.0,8856.52,Low
2299.0,8851.01,Low
3358.0,8850.67,Low
4571.0,8849.83,Low
1665.0,8849.74,Low
1098.0,8849.57,Low
4528.0,8849.49,Low
120.0,8848.79,Low
3328.0,8846.27,Low
4387.0,8841.14,Low
4502.0,8840.65,Low
330.0,8838.77,Low
3902.0,8838.49,Low
2435.0,8837.79,Low
4434.0,8834.77,Low
497.0,8834.77,Low
3409.0,8833.36,Low
150.0,8832.54,Low
3269.0,8831.76,Low
3046.0,8831.68,Low
710.0,8831.68,Low
3404.0,8831.22,Low
216.0,8827.91,Low
2111.0,8826.2,Low
332.0,8823.78,Low
4185.0,8823.68,Low
2942.0,8822.54,Low
4797.0,8822.53,Low
3350.0,8821.65,Low
3320.0,8819.87,Low
335.0,8817.19,Low
4996.0,8816.79,Low
1088.0,8816.44,Low
614.0,8813.23,Low
4099.0,8812.8,Low
2863.0,8811.09,Low
3811.0,8809.79,Low
4459.0,8803.89,Low
2960.0,8801.54,Low
4906.0,8801.51,Low
1146.0,8798.13,Low
3674.0,8797.9,Low
3389.0,8797.18,Low
1072.0,8794.71,Low
846.0,8793.42,Low
676.0,8789.95,Low
256.0,8787.98,Low
3054.0,8787.51,Low
2175.0,8785.51,Low
388.0,8784.79,Low
4190.0,8784.35,Low
1302.0,8783.83,Low
2748.0,8783.24,Low
285.0,8781.51,Low
2047.0,8779.57,Low
693.0,8779.46,Low
1079.0,8779.44,Low
1165.0,8778.0,Low
4254.0,8775.17,Low
478.0,8772.74,Low
1614.0,8772.74,Low
3201.0,8772.4,Low
3497.0,8771.56,Low
4901.0,8770.68,Low
597.0,8769.83,Low
4843.0,8769.32,Low
2697.0,8764.75,Low
1215.0,8763.82,Low
1863.0,8762.04,Low
924.0,8760.94,Low
1596.0,8755.36,Low
848.0,8753.7,Low
145.0,8753.38,Low
1515.0,8752.75,Low
2606.0,8751.81,Low
125.0,8750.92,Low
1249.0,8743.17,Low
2651.0,8741.26,Low
577.0,8738.3,Low
471.0,8735.78,Low
4719.0,8734.25,Low
4218.0,8733.17,Low
2133.0,8725.31,Low
4663.0,8719.41,Low
1180.0,8718.39,Low
4359.0,8717.95,Low
1391.0,8716.94,Low
1399.0,8713.57,Low
2920.0,8713.23,Low
345.0,8708.82,Low
554.0,8708.76,Low
1978.0,8708.01,Low
1254.0,8706.33,Low
4903.0,8705.78,Low
3639.0,8701.27,Low
547.0,8699.94,Low
2724.0,8699.72,Low
1659.0,8699.04,Low
4845.0,8695.22,Low
3867.0,8693.46,Low
2562.0,8684.41,Low
2109.0,8682.12,Low
4781.0,8681.68,Low
4573.0,8679.1,Low
2932.0,8678.14,Low
314.0,8677.47,Low
917.0,8676.13,Low
989.0,8673.45,Low
3101.0,8672.26,Low
2672.0,8671.3,Low
1967.0,8670.79,Low
4608.0,8666.29,Low
1271.0,8665.76,Low
1350.0,8664.34,Low
3858.0,8663.97,Low
1658.0,8663.31,Low
2138.0,8659.51,Low
2660.0,8659.14,Low
4274.0,8656.81,Low
139.0,8656.21,Low
161.0,8655.45,Low
4646.0,8653.68,Low
2010.0,8653.56,Low
3946.0,8651.91,Low
860.0,8651.88,Low
4018.0,8650.68,Low
49.0,8650.36,Low
3504.0,8649.66,Low
1733.0,8648.79,Low
3111.0,8648.42,Low
1530.0,8642.98,Low
1903.0,8642.86,Low
4056.0,8640.64,Low
1618.0,8639.9,Low
762.0,8638.52,Low
4882.0,8636.91,Low
2746.0,8635.25,Low
1769.0,8633.74,Low
3526.0,8633.51,Low
736.0,8631.21,Low
4923.0,8630.73,Low
1922.0,8630.18,Low
176.0,8625.45,Low
32.0,8625.45,Low
3516.0,8621.16,Low
2498.0,8619.68,Low
2561.0,8618.83,Low
2532.0,8616.65,Low
1663.0,8615.36,Low
3158.0,8615.32,Low
3964.0,8613.82,Low
3518.0,8613.01,Low
3455.0,8612.92,Low
3975.0,8606.17,Low
1344.0,8605.62,Low
2558.0,8604.02,Low
1622.0,8602.14,Low
4020.0,8600.45,Low
3750.0,8599.8,Low
2192.0,8599.58,Low
3345.0,8598.98,Low
4089.0,8595.91,Low
65.0,8594.32,Low
2301.0,8594.1,Low
1919.0,8591.63,Low
1017.0,8590.14,Low
2270.0,8581.64,Low
1278.0,8581.3,Low
2203.0,8581.03,Low
3912.0,8580.12,Low
4835.0,8579.2,Low
3450.0,8578.67,Low
4083.0,8577.95,Low
2412.0,8577.47,Low
1854.0,8574.56,Low
44.0,8574.18,Low
1783.0,8573.79,Low
1362.0,8573.25,Low
305.0,8571.71,Low
2063.0,8568.88,Low
4486.0,8568.13,Low
4354.0,8567.07,Low
1607.0,8565.63,Low
3970.0,8565.24,Low
3312.0,8561.22,Low
3185.0,8561.21,Low
490.0,8558.16,Low
3663.0,8558.08,Low
2656.0,8553.1,Low
3204.0,8552.74,Low
2020.0,8551.06,Low
1603.0,8549.76,Low
2502.0,8545.86,Low
3094.0,8545.21,Low
4328.0,8544.32,Low
844.0,8537.64,Low
4420.0,8536.95,Low
64.0,8536.34,Low
4285.0,8533.93,Low
3173.0,8533.39,Low
3814.0,8531.73,Low
1416.0,8531.22,Low
299.0,8530.48,Low
4140.0,8525.36,Low
2375.0,8519.38,Low
1899.0,8518.07,Low
3887.0,8515.93,Low
2032.0,8511.31,Low
3096.0,8507.21,Low
2619.0,8507.05,Low
202.0,8504.73,Low
3356.0,8503.84,Low
4198.0,8501.55,Low
818.0,8500.53,Low
2889.0,8499.3,Low
119.0,8498.96,Low
3613.0,8497.69,Low
2405.0,8496.56,Low
4463.0,8495.18,Low
785.0,8494.55,Low
3769.0,8494.2,Low
2187.0,8493.21,Low
4484.0,8492.08,Low
4588.0,8491.33,Low
857.0,8486.67,Low
2178.0,8485.88,Low
2013.0,8485.44,Low
4738.0,8483.46,Low
920.0,8479.76,Low
1231.0,8478.58,Low
1856.0,8473.92,Low
158.0,8472.66,Low
631.0,8471.59,Low
3454.0,8469.14,Low
102.0,8465.83,Low
4474.0,8464.51,Low
2703.0,8463.64,Low
919.0,8463.51,Low
4710.0,8463.41,Low
3838.0,8461.74,Low
788.0,8459.25,Low
2623.0,8457.88,Low
3063.0,8455.55,Low
477.0,8455.23,Low
871.0,8450.89,Low
3700.0,8448.01,Low
1145.0,8447.13,Low
4298.0,8444.27,Low
1051.0,8435.44,Low
3143.0,8431.4,Low
2829.0,8430.11,Low
3606.0,8429.5,Low
3861.0,8429.15,Low
2879.0,8427.67,Low
4063.0,8426.51,Low
2312.0,8426.28,Low
3899.0,8420.37,Low
2230.0,8418.66,Low
3000.0,8417.96,Low
2197.0,8416.33,Low
1543.0,8415.2,Low
1678.0,8412.47,Low
548.0,8410.61,Low
1069.0,8409.75,Low
4894.0,8408.56,Low
1814.0,8405.65,Low
3281.0,8405.05,Low
2441.0,8401.99,Low
393.0,8396.26,Low
1150.0,8388.41,Low
4583.0,8382.26,Low
2419.0,8377.87,Low
834.0,8374.21,Low
457.0,8371.76,Low
4406.0,8364.97,Low
1321.0,8362.61,Low
3841.0,8360.67,Low
4332.0,8358.16,Low
1.0,8357.16,Low
1444.0,8354.72,Low
196.0,8348.38,Low
3368.0,8345.95,Low
3671.0,8342.95,Low
4602.0,8338.26,Low
2896.0,8333.72,Low
687.0,8332.62,Low
3332.0,8330.27,Low
2185.0,8322.83,Low
3951.0,8322.28,Low
23.0,8321.78,Low
2414.0,8311.61,Low
1418.0,8300.72,Low
1833.0,8300.0,Low
2449.0,8297.04,Low
1875.0,8293.62,Low
3192.0,8293.28,Low
3256.0,8287.53,Low
1945.0,8283.41,Low
4301.0,8282.69,Low
863.0,8282.33,Low
3131.0,8281.73,Low
3766.0,8279.31,Low
1916.0,8275.8,Low
3012.0,8275.29,Low
2998.0,8275.29,Low
2721.0,8271.17,Low
4671.0,8271.15,Low
4678.0,8270.43,Low
3878.0,8268.58,Low
3815.0,8268.03,Low
1439.0,8266.05,Low
3074.0,8258.8,Low
1279.0,8255.98,Low
824.0,8255.96,Low
3050.0,8254.46,Low
3991.0,8251.99,Low
1629.0,8246.19,Low
4306.0,8246.12,Low
765.0,8245.73,Low
1117.0,8245.17,Low
3406.0,8245.16,Low
4523.0,8243.11,Low
1610.0,8242.57,Low
3178.0,8241.24,Low
722.0,8230.19,Low
616.0,8229.53,Low
2577.0,8226.89,Low
4764.0,8226.58,Low
186.0,8222.35,Low
1032.0,8219.55,Low
3075.0,8213.39,Low
3898.0,8203.21,Low
1175.0,8202.0,Low
3242.0,8198.12,Low
1549.0,8195.68,Low
3910.0,8193.62,Low
3966.0,8189.94,Low
4194.0,8184.71,Low
4855.0,8180.87,Low
4391.0,8178.91,Low
4636.0,8174.27,Low
3203.0,8173.75,Low
412.0,8171.86,Low
1598.0,8171.7,Low
255.0,8169.19,Low
3843.0,8168.44,Low
2017.0,8164.83,Low
4485.0,8160.9,Low
2928.0,8154.57,Low
1505.0,8154.21,Low
4551.0,8153.57,Low
2511.0,8149.01,Low
2957.0,8147.52,Low
4658.0,8145.77,Low
4881.0,8144.02,Low
3036.0,8139.65,Low
1202.0,8136.14,Low
4641.0,8132.57,Low
1269.0,8131.93,Low
1667.0,8131.12,Low
1407.0,8130.43,Low
1073.0,8128.47,Low
4515.0,8122.84,Low
4652.0,8122.62,Low
3931.0,8122.43,Low
498.0,8121.66,Low
1884.0,8115.92,Low
901.0,8106.28,Low
2588.0,8104.72,Low
3852.0,8104.22,Low
678.0,8102.48,Low
1959.0,8101.12,Low
2890.0,8096.2,Low
3679.0,8094.73,Low
434.0,8089.5,Low
443.0,8086.74,Low
2171.0,8083.15,Low
3032.0,8078.67,Low
4733.0,8078.19,Low
3023.0,8073.05,Low
1555.0,8072.6,Low
4251.0,8071.56,Low
997.0,8062.88,Low
3231.0,8062.49,Low
3558.0,8058.15,Low
4143.0,8057.47,Low
4870.0,8051.11,Low
406.0,8050.76,Low
3941.0,8048.46,Low
4907.0,8047.88,Low
1798.0,8046.93,Low
3072.0,8042.16,Low
2001.0,8040.85,Low
1745.0,8033.09,Low
3683.0,8030.19,Low
3519.0,8025.45,Low
36.0,8017.71,Low
2491.0,8015.46,Low
2406.0,8014.17,Low
4338.0,8013.89,Low
4788.0,8009.36,Low
2236.0,8007.3,Low
2295.0,8005.86,Low
979.0,8004.97,Low
2854.0,7998.07,Low
2580.0,7994.25,Low
1417.0,7984.87,Low
3653.0,7983.76,Low
2795.0,7980.41,Low
3103.0,7979.47,Low
4802.0,7978.28,Low
3069.0,7970.74,Low
3379.0,7963.56,Low
193.0,7962.83,Low
2338.0,7962.71,Low
2750.0,7956.21,Low
155.0,7952.61,Low
446.0,7946.73,Low
4008.0,7946.7,Low
3484.0,7943.6,Low
4080.0,7943.47,Low
4097.0,7943.38,Low
3399.0,7941.25,Low
1934.0,7936.31,Low
4374.0,7936.13,Low
4192.0,7921.18,Low
3770.0,7920.37,Low
4104.0,7917.52,Low
2693.0,7910.14,Low
1087.0,7909.2,Low
2509.0,7905.07,Low
2961.0,7901.2,Low
754.0,7897.98,Low
996.0,7897.95,Low
3174.0,7896.71,Low
390.0,7896.4,Low
3924.0,7895.96,Low
999.0,7894.96,Low
1681.0,7890.6,Low
3490.0,7887.0,Low
3562.0,7884.15,Low
1651.0,7877.87,Low
4394.0,7861.9,Low
2431.0,7860.85,Low
883.0,7858.85,Low
2370.0,7856.3,Low
3615.0,7855.51,Low
2763.0,7854.91,Low
431.0,7848.85,Low
1367.0,7848.22,Low
2289.0,7846.01,Low
519.0,7839.98,Low
1482.0,7825.84,Low
2384.0,7825.55,Low
4311.0,7825.4,Low
3950.0,7825.39,Low
4982.0,7819.7,Low
4344.0,7811.64,Low
4566.0,7799.6,Low
1451.0,7794.03,Low
1153.0,7793.6,Low
4822.0,7789.45,Low
522.0,7785.6,Low
2514.0,7777.72,Low
4744.0,7776.83,Low
3596.0,7772.13,Low
1707.0,7768.75,Low
4920.0,7766.66,Low
1036.0,7759.94,Low
3475.0,7754.65,Low
1191.0,7753.73,Low
2958.0,7753.12,Low
847.0,7738.39,Low
1836.0,7738.16,Low
4404.0,7732.45,Low
135.0,7727.42,Low
424.0,7715.5,Low
3438.0,7713.16,Low
1592.0,7706.45,Low
6.0,7703.35,Low
2531.0,7701.14,Low
2118.0,7696.97,Low
1021.0,7694.35,Low
4156.0,7687.78,Low
3834.0,7681.09,Low
3651.0,7678.06,Low
4578.0,7676.37,Low
4154.0,7665.91,Low
2478.0,7662.1,Low
4653.0,7658.03,Low
4558.0,7654.74,Low
453.0,7651.32,Low
1347.0,7650.99,Low
4295.0,7648.3,Low
432.0,7647.1,Low
501.0,7640.61,Low
162.0,7639.28,Low
622.0,7630.98,Low
4699.0,7630.46,Low
776.0,7621.18,Low
4514.0,7613.04,Low
966.0,7609.47,Low
2169.0,7608.21,Low
2926.0,7607.92,Low
4966.0,7586.6,Low
4388.0,7584.34,Low
2293.0,7583.43,Low
4857.0,7576.14,Low
1167.0,7562.74,Low
1723.0,7555.26,Low
4068.0,7552.45,Low
3821.0,7548.28,Low
3437.0,7547.72,Low
4203.0,7544.49,Low
928.0,7540.61,Low
2859.0,7529.57,Low
2396.0,7529.37,Low
1258.0,7527.28,Low
2600.0,7526.36,Low
258.0,7524.76,Low
704.0,7514.24,Low
61.0,7511.48,Low
4812.0,7505.47,Low
175.0,7502.53,Low
408.0,7501.85,Low
4429.0,7500.34,Low
3088.0,7493.42,Low
3486.0,7489.99,Low
823.0,7484.97,Low
1359.0,7483.0,Low
2917.0,7473.39,Low
3982.0,7457.33,Low
1212.0,7452.21,Low
2136.0,7446.51,Low
4029.0,7443.76,Low
71.0,7443.72,Low
3033.0,7440.59,Low
2886.0,7438.82,Low
964.0,7436.98,Low
4544.0,7431.13,Low
1379.0,7424.63,Low
1171.0,7418.56,Low
775.0,7417.68,Low
2423.0,7417.0,Low
2657.0,7400.22,Low
1976.0,7399.28,Low
1371.0,7396.39,Low
2912.0,7369.41,Low
4750.0,7364.54,Low
3523.0,7363.94,Low
3781.0,7361.12,Low
1360.0,7360.91,Low
673.0,7360.05,Low
1010.0,7358.49,Low
1484.0,7358.08,Low
4701.0,7342.69,Low
1788.0,7341.26,Low
88.0,7339.68,Low
4424.0,7334.73,Low
3868.0,7333.62,Low
449.0,7326.63,Low
810.0,7311.38,Low
1931.0,7309.14,Low
3869.0,7303.22,Low
1144.0,7298.93,Low
77.0,7296.13,Low
1397.0,7292.7,Low
4535.0,7286.58,Low
2119.0,7273.97,Low
912.0,7271.27,Low
610.0,7270.0,Low
313.0,7260.24,Low
4286.0,7260.11,Low
4309.0,7260.04,Low
4048.0,7242.27,Low
1338.0,7228.75,Low
4606.0,7217.72,Low
4206.0,7214.43,Low
909.0,7188.37,Low
1785.0,7164.55,Low
739.0,7160.56,Low
3157.0,7150.39,Low
4766.0,7136.61,Low
2563.0,7116.3,Low
2310.0,7112.86,Low
1794.0,7086.84,Low
893.0,7063.71,Low
2463.0,7062.04,Low
2201.0,7040.15,Low
2257.0,7026.19,Low
4024.0,7016.62,Low
3126.0,6971.68,Low
2327.0,6950.45,Low
2195.0,6947.06,Low
1896.0,6945.12,Low
1939.0,6924.91,Low
3188.0,6916.69,Low
1983.0,6914.1,Low
3024.0,6901.86,Low
2196.0,6897.73,Low
303.0,6879.99,Low
2486.0,6879.62,Low
4482.0,6873.01,Low
3600.0,6853.39,Low
52.0,6846.58,Low
4873.0,6839.83,Low
1851.0,6835.9,Low
2368.0,6808.01,Low
1089.0,6806.04,Low
1561.0,6801.38,Low
2352.0,6793.46,Low
128.0,6771.31,Low
685.0,6758.82,Low
4705.0,6746.26,Low
1161.0,6736.68,Low
874.0,6680.16,Low
1312.0,6674.04,Low
3022.0,6666.08,Low
2768.0,6630.42,Low
4324.0,6606.46,Low
2964.0,6578.77,Low
3808.0,6567.42,Low
3122.0,6540.15,Low
973.0,6514.65,Low
212.0,6453.94,Low
4965.0,6419.29,Low
2993.0,6405.78,Low
3507.0,6396.07,Low
2330.0,6371.45,Low
317.0,6344.63,Low
2647.0,6278.64,Low
1211.0,6097.41,Low
4369.0,6051.15,Low
1864.0,5999.71,Low
96.0,5939.86,Low
3798.0,5936.33,Low
3286.0,5936.24,Low
3472.0,5902.6,Low
